"pm_id","x_pos","y_pos"
"13R-4",338,300
"66A",457,401
"66A",458,396
"66A",458,397
"66A",458,398
"66A",459,394
"66A",459,395
"66A",459,396
"66A",460,393
"66A",460,394
"66A",460,395
"66A",416,369
"66A",416,370
"66A",416,371
"66A",415,371
"66A",415,372
"66A",415,373
"66A",414,373
"66A",414,374
"66A",418,377
"66A",440,390
"66A",441,390
"66A",442,390
"66A",443,391
"66A",444,391
"66A",444,392
"66A",445,392
"66A",415,374
"66A",416,372
"66A",416,373
"66A",416,374
"66A",416,375
"66A",417,370
"66A",417,371
"66A",417,372
"66A",417,373
"66A",417,374
"66A",417,375
"66A",418,371
"66A",418,372
"66A",418,373
"66A",418,374
"66A",418,375
"66A",418,376
"66A",419,372
"66A",419,373
"66A",419,374
"66A",419,375
"66A",419,376
"66A",419,377
"66A",420,372
"66A",420,373
"66A",420,374
"66A",420,375
"66A",420,376
"66A",420,377
"66A",420,378
"66A",421,373
"66A",421,374
"66A",421,375
"66A",421,376
"66A",421,377
"66A",421,378
"66A",422,374
"66A",422,375
"66A",422,376
"66A",422,377
"66A",422,378
"66A",422,379
"66A",423,375
"66A",423,376
"66A",423,377
"66A",423,378
"66A",423,379
"66A",424,375
"66A",424,376
"66A",424,377
"66A",424,378
"66A",424,379
"66A",424,380
"66A",425,376
"66A",425,377
"66A",425,378
"66A",425,379
"66A",425,380
"66A",426,377
"66A",426,378
"66A",426,379
"66A",426,380
"66A",426,381
"66A",427,378
"66A",427,379
"66A",427,380
"66A",427,381
"66A",428,378
"66A",428,379
"66A",428,380
"66A",428,381
"66A",428,382
"66A",429,379
"66A",429,380
"66A",429,381
"66A",429,382
"66A",429,383
"66A",430,380
"66A",430,381
"66A",430,382
"66A",430,383
"66A",431,381
"66A",431,382
"66A",431,383
"66A",431,384
"66A",432,381
"66A",432,382
"66A",432,383
"66A",432,384
"66A",432,385
"66A",433,382
"66A",433,383
"66A",433,384
"66A",433,385
"66A",433,386
"66A",434,383
"66A",434,384
"66A",434,385
"66A",434,386
"66A",435,384
"66A",435,385
"66A",435,386
"66A",436,384
"66A",436,385
"66A",436,386
"66A",436,387
"66A",437,385
"66A",437,386
"66A",437,387
"66A",437,388
"66A",438,386
"66A",438,387
"66A",438,388
"66A",438,389
"66A",439,387
"66A",439,388
"66A",439,389
"66A",440,387
"66A",440,388
"66A",440,389
"66A",441,388
"66A",441,389
"66A",442,389
"66A",443,390
"66A",444,390
"66A",445,391
"66A",423,374
"66A",422,373
"66A",419,371
"66A",425,375
"66A",426,376
"66A",424,374
"66A",426,375
"66A",427,376
"66A",428,377
"66A",430,379
"66A",431,380
"66A",432,380
"66A",435,383
"66A",435,382
"66A",434,381
"66A",433,380
"66A",432,379
"66A",434,380
"66A",435,381
"66A",436,382
"66A",437,383
"66A",438,384
"66A",439,385
"66A",440,385
"66A",437,384
"66A",434,382
"66A",433,381
"66A",429,378
"66A",427,377
"66A",429,377
"66A",430,378
"66A",431,379
"13R-4",334,297
"13R-4",333,297
"13R-4",331,296
"13R-4",331,295
"13R-4",329,294
"13R-4",328,294
"13R-4",323,291
"13R-4",322,291
"13R-4",320,290
"13R-4",320,289
"13R-4",318,288
"13R-4",317,288
"13R-4",315,288
"13R-4",315,287
"13R-4",313,287
"13R-4",313,286
"13R-4",312,286
"13R-4",311,286
"13R-4",311,285
"13R-4",310,285
"13R-4",310,284
"13R-4",307,283
"13R-4",306,283
"13R-4",300,280
"13R-4",299,280
"13R-4",299,279
"13R-4",298,279
"13R-4",297,279
"13R-4",296,279
"13R-4",295,279
"13R-4",294,279
"13R-4",293,278
"13R-4",292,278
"13R-4",291,278
"13R-4",290,278
"13R-4",289,278
"13R-4",289,277
"13R-4",288,277
"13R-4",287,277
"13R-4",286,277
"13R-4",285,277
"13R-4",284,277
"13R-4",283,277
"13R-4",282,277
"13R-4",282,278
"13R-4",281,278
"13R-4",280,278
"13R-4",280,279
"13R-4",279,279
"13R-4",278,279
"13R-4",277,279
"13R-4",277,280
"13R-4",276,281
"13R-4",276,279
"13R-4",280,281
"13R-4",281,279
"13R-4",281,280
"13R-4",281,281
"13R-4",281,282
"13R-4",282,279
"13R-4",282,280
"13R-4",282,281
"13R-4",284,281
"13R-4",319,303
"13R-4",315,301
"13R-4",314,299
"13R-4",328,306
"13R-4",329,306
"13R-4",330,308
"13R-4",331,308
"13R-4",331,309
"13R-4",333,309
"13R-4",333,310
"13R-4",334,310
"13R-4",334,311
"13R-4",335,311
"13R-4",336,312
"13R-4",337,312
"13R-4",338,313
"13R-4",339,313
"13R-4",342,309
"13R-4",342,308
"13R-4",343,308
"13R-4",348,299
"13R-4",349,298
"13R-4",347,297
"13R-4",346,297
"13R-4",344,297
"13R-4",344,298
"13R-4",340,300
"13R-4",339,300
"13R-4",337,299
"13R-4",336,299
"13R-4",336,298
"13R-4",335,298
"13R-4",333,296
"13R-4",332,296
"13R-4",330,295
"13R-4",327,293
"13R-4",326,293
"13R-4",325,293
"13R-4",325,292
"13R-4",324,292
"13R-4",322,290
"13R-4",321,290
"13R-4",319,289
"13R-4",318,289
"13R-4",316,288
"13R-4",314,287
"13R-4",309,284
"13R-4",308,283
"13R-4",306,282
"13R-4",305,282
"13R-4",304,282
"13R-4",303,282
"13R-4",303,281
"13R-4",302,281
"13R-4",301,281
"13R-4",301,280
"13R-4",276,280
"13R-4",278,280
"13R-4",279,280
"13R-4",279,281
"13R-4",280,280
"13R-4",282,282
"13R-4",282,283
"13R-4",283,278
"13R-4",283,279
"13R-4",283,280
"13R-4",283,281
"13R-4",283,282
"13R-4",283,283
"13R-4",283,284
"13R-4",284,278
"13R-4",284,279
"13R-4",284,280
"13R-4",284,282
"13R-4",284,283
"13R-4",292,286
"13R-4",292,287
"13R-4",292,288
"13R-4",293,279
"13R-4",293,280
"13R-4",293,281
"13R-4",293,282
"13R-4",293,283
"13R-4",293,284
"13R-4",293,285
"13R-4",293,286
"13R-4",293,287
"13R-4",293,288
"13R-4",294,280
"13R-4",294,283
"13R-4",294,284
"13R-4",294,287
"13R-4",294,288
"13R-4",295,281
"13R-4",295,282
"13R-4",296,286
"13R-4",296,287
"13R-4",297,280
"13R-4",297,287
"13R-4",297,288
"13R-4",298,284
"13R-4",298,285
"13R-4",298,286
"13R-4",298,287
"13R-4",298,290
"13R-4",298,291
"13R-4",300,281
"13R-4",300,283
"13R-4",300,284
"13R-4",300,287
"13R-4",300,288
"13R-4",300,289
"13R-4",300,290
"13R-4",300,291
"13R-4",300,292
"13R-4",301,282
"13R-4",301,283
"13R-4",301,284
"13R-4",301,285
"13R-4",301,286
"13R-4",301,287
"13R-4",301,290
"13R-4",301,291
"13R-4",303,285
"13R-4",303,286
"13R-4",303,288
"13R-4",303,289
"13R-4",304,285
"13R-4",304,287
"13R-4",304,288
"13R-4",304,289
"13R-4",304,290
"13R-4",304,293
"13R-4",305,283
"13R-4",305,285
"13R-4",305,287
"13R-4",305,288
"13R-4",305,289
"13R-4",305,290
"13R-4",305,291
"13R-4",305,292
"13R-4",305,293
"13R-4",305,294
"13R-4",306,285
"13R-4",306,286
"13R-4",306,289
"13R-4",306,290
"13R-4",306,293
"13R-4",306,294
"13R-4",306,295
"13R-4",307,284
"13R-4",307,289
"13R-4",307,290
"13R-4",307,292
"13R-4",307,293
"13R-4",307,295
"13R-4",307,296
"13R-4",284,284
"13R-4",285,278
"13R-4",285,279
"13R-4",285,280
"13R-4",285,281
"13R-4",285,282
"13R-4",285,283
"13R-4",285,284
"13R-4",286,278
"13R-4",286,279
"13R-4",286,280
"13R-4",286,281
"13R-4",286,282
"13R-4",286,283
"13R-4",286,284
"13R-4",286,285
"13R-4",287,278
"13R-4",287,279
"13R-4",287,280
"13R-4",287,281
"13R-4",287,282
"13R-4",287,283
"13R-4",287,284
"13R-4",287,285
"13R-4",288,278
"13R-4",288,279
"13R-4",288,280
"13R-4",288,281
"13R-4",288,282
"13R-4",288,283
"13R-4",288,284
"13R-4",288,285
"13R-4",288,286
"13R-4",289,279
"13R-4",289,280
"13R-4",289,281
"13R-4",289,282
"13R-4",289,283
"13R-4",289,284
"13R-4",289,285
"13R-4",289,286
"13R-4",289,287
"13R-4",290,279
"13R-4",290,280
"13R-4",290,281
"13R-4",290,282
"13R-4",290,283
"13R-4",290,284
"13R-4",290,285
"13R-4",290,286
"13R-4",290,287
"13R-4",291,279
"13R-4",291,280
"13R-4",291,281
"13R-4",291,282
"13R-4",291,283
"13R-4",291,284
"13R-4",291,285
"13R-4",291,286
"13R-4",291,287
"13R-4",292,279
"13R-4",292,280
"13R-4",292,281
"13R-4",292,282
"13R-4",292,283
"13R-4",292,284
"13R-4",292,285
"13R-4",294,281
"13R-4",294,282
"13R-4",294,285
"13R-4",294,286
"13R-4",294,289
"13R-4",295,280
"13R-4",295,283
"13R-4",295,284
"13R-4",295,285
"13R-4",295,286
"13R-4",295,287
"13R-4",295,288
"13R-4",295,289
"13R-4",296,280
"13R-4",296,281
"13R-4",296,282
"13R-4",296,283
"13R-4",296,284
"13R-4",296,285
"13R-4",296,288
"13R-4",296,289
"13R-4",297,281
"13R-4",297,282
"13R-4",297,283
"13R-4",297,284
"13R-4",297,285
"13R-4",297,286
"13R-4",297,289
"13R-4",297,290
"13R-4",298,280
"13R-4",298,281
"13R-4",298,282
"13R-4",298,283
"13R-4",298,288
"13R-4",298,289
"13R-4",299,281
"13R-4",299,282
"13R-4",299,283
"13R-4",299,284
"13R-4",299,285
"13R-4",299,286
"13R-4",299,287
"13R-4",299,288
"13R-4",299,289
"13R-4",299,290
"13R-4",299,291
"13R-4",300,282
"13R-4",300,285
"13R-4",300,286
"13R-4",301,288
"13R-4",301,289
"13R-4",301,292
"13R-4",302,282
"13R-4",302,283
"13R-4",302,284
"13R-4",302,285
"13R-4",302,286
"13R-4",302,287
"13R-4",302,288
"13R-4",302,289
"13R-4",302,290
"13R-4",302,291
"13R-4",302,292
"13R-4",302,293
"13R-4",303,283
"13R-4",303,284
"13R-4",303,287
"13R-4",303,290
"13R-4",303,291
"13R-4",303,292
"13R-4",303,293
"13R-4",304,283
"13R-4",304,284
"13R-4",304,286
"13R-4",304,291
"13R-4",304,292
"13R-4",304,294
"13R-4",305,284
"13R-4",305,286
"13R-4",305,295
"13R-4",306,284
"13R-4",306,287
"13R-4",306,288
"13R-4",306,291
"13R-4",306,292
"13R-4",307,285
"13R-4",307,286
"13R-4",307,287
"13R-4",307,288
"13R-4",307,291
"13R-4",307,294
"13R-4",308,284
"13R-4",308,285
"13R-4",308,287
"13R-4",308,291
"13R-4",308,295
"13R-4",308,296
"13R-4",309,287
"13R-4",308,286
"13R-4",308,288
"13R-4",308,289
"13R-4",308,290
"13R-4",308,292
"13R-4",308,293
"13R-4",308,294
"13R-4",309,285
"13R-4",309,286
"13R-4",309,291
"13R-4",309,292
"13R-4",309,295
"13R-4",309,296
"13R-4",309,297
"13R-4",310,286
"13R-4",310,287
"13R-4",310,288
"13R-4",310,291
"13R-4",310,292
"13R-4",310,296
"13R-4",310,297
"13R-4",311,288
"13R-4",311,289
"13R-4",311,290
"13R-4",311,291
"13R-4",311,292
"13R-4",311,293
"13R-4",311,294
"13R-4",311,297
"13R-4",311,298
"13R-4",312,287
"13R-4",312,290
"13R-4",312,292
"13R-4",312,293
"13R-4",312,294
"13R-4",312,297
"13R-4",312,298
"13R-4",313,290
"13R-4",313,291
"13R-4",313,294
"13R-4",313,296
"13R-4",313,297
"13R-4",313,298
"13R-4",314,288
"13R-4",314,289
"13R-4",314,290
"13R-4",314,291
"13R-4",314,292
"13R-4",314,293
"13R-4",314,294
"13R-4",314,295
"13R-4",314,297
"13R-4",314,298
"13R-4",315,289
"13R-4",315,290
"13R-4",315,291
"13R-4",315,294
"13R-4",315,295
"13R-4",316,295
"13R-4",316,296
"13R-4",316,299
"13R-4",317,289
"13R-4",317,293
"13R-4",317,294
"13R-4",317,295
"13R-4",317,298
"13R-4",317,299
"13R-4",318,292
"13R-4",318,293
"13R-4",318,295
"13R-4",318,296
"13R-4",318,298
"13R-4",318,299
"13R-4",319,296
"13R-4",319,297
"13R-4",320,291
"13R-4",320,292
"13R-4",320,293
"13R-4",320,294
"13R-4",321,294
"13R-4",321,295
"13R-4",321,299
"13R-4",322,294
"13R-4",323,296
"13R-4",323,297
"13R-4",324,293
"13R-4",324,294
"13R-4",324,295
"13R-4",324,296
"13R-4",325,297
"13R-4",325,298
"13R-4",325,299
"13R-4",326,294
"13R-4",326,295
"13R-4",326,298
"13R-4",326,299
"13R-4",326,300
"13R-4",327,294
"13R-4",327,295
"13R-4",327,296
"13R-4",327,297
"13R-4",327,298
"13R-4",327,299
"13R-4",327,300
"13R-4",327,301
"13R-4",328,295
"13R-4",328,296
"13R-4",328,297
"13R-4",328,298
"13R-4",328,299
"13R-4",330,302
"13R-4",330,303
"13R-4",331,298
"13R-4",331,299
"13R-4",331,300
"13R-4",331,301
"13R-4",331,302
"13R-4",331,303
"13R-4",331,304
"13R-4",332,297
"13R-4",332,300
"13R-4",332,301
"13R-4",332,304
"13R-4",332,308
"13R-4",333,300
"13R-4",333,301
"13R-4",333,304
"13R-4",333,305
"13R-4",334,302
"13R-4",334,303
"13R-4",334,304
"13R-4",334,305
"13R-4",335,299
"13R-4",335,302
"13R-4",335,303
"13R-4",309,288
"13R-4",309,289
"13R-4",309,290
"13R-4",309,293
"13R-4",309,294
"13R-4",310,289
"13R-4",310,290
"13R-4",310,293
"13R-4",310,294
"13R-4",310,295
"13R-4",311,287
"13R-4",311,295
"13R-4",311,296
"13R-4",312,288
"13R-4",312,289
"13R-4",312,291
"13R-4",312,295
"13R-4",312,296
"13R-4",313,288
"13R-4",313,289
"13R-4",313,292
"13R-4",313,293
"13R-4",313,295
"13R-4",314,296
"13R-4",315,292
"13R-4",315,293
"13R-4",315,296
"13R-4",315,297
"13R-4",315,298
"13R-4",315,299
"13R-4",316,289
"13R-4",316,290
"13R-4",316,291
"13R-4",316,292
"13R-4",316,293
"13R-4",316,294
"13R-4",316,297
"13R-4",316,298
"13R-4",317,290
"13R-4",317,291
"13R-4",317,292
"13R-4",317,296
"13R-4",317,297
"13R-4",318,290
"13R-4",318,291
"13R-4",318,294
"13R-4",318,297
"13R-4",319,290
"13R-4",319,291
"13R-4",319,292
"13R-4",319,293
"13R-4",319,294
"13R-4",319,295
"13R-4",319,298
"13R-4",319,299
"13R-4",320,295
"13R-4",320,296
"13R-4",320,297
"13R-4",320,298
"13R-4",320,299
"13R-4",321,291
"13R-4",321,292
"13R-4",321,293
"13R-4",321,296
"13R-4",321,297
"13R-4",321,298
"13R-4",322,292
"13R-4",322,293
"13R-4",322,295
"13R-4",322,296
"13R-4",322,297
"13R-4",322,298
"13R-4",322,299
"13R-4",323,292
"13R-4",323,293
"13R-4",323,294
"13R-4",323,295
"13R-4",323,298
"13R-4",323,299
"13R-4",324,297
"13R-4",324,298
"13R-4",324,299
"13R-4",324,300
"13R-4",325,294
"13R-4",325,295
"13R-4",325,296
"13R-4",325,300
"13R-4",326,296
"13R-4",326,297
"13R-4",328,300
"13R-4",328,301
"13R-4",329,295
"13R-4",329,296
"13R-4",329,297
"13R-4",329,298
"13R-4",329,299
"13R-4",329,300
"13R-4",329,301
"13R-4",329,302
"13R-4",329,303
"13R-4",330,296
"13R-4",330,297
"13R-4",330,298
"13R-4",330,299
"13R-4",330,300
"13R-4",330,301
"13R-4",330,304
"13R-4",331,297
"13R-4",332,298
"13R-4",332,299
"13R-4",332,302
"13R-4",332,303
"13R-4",333,298
"13R-4",333,299
"13R-4",333,302
"13R-4",333,303
"13R-4",334,298
"13R-4",334,299
"13R-4",334,300
"13R-4",334,301
"13R-4",334,309
"13R-4",335,300
"13R-4",335,301
"76",307,261
"76",308,261
"76",309,261
"76",309,262
"76",310,262
"76",311,262
"76",312,262
"76",312,263
"76",313,263
"76",313,264
"76",314,264
"76",314,265
"76",315,265
"76",316,265
"76",316,266
"76",317,266
"76",318,266
"76",319,266
"76",319,267
"76",320,267
"76",320,268
"76",321,268
"76",321,269
"76",322,269
"76",322,270
"76",322,271
"76",321,271
"76",321,272
"76",321,273
"76",320,273
"76",320,274
"76",320,275
"76",319,275
"76",318,275
"76",318,274
"76",317,274
"76",316,274
"76",316,273
"76",315,273
"76",314,273
"76",314,272
"76",313,272
"76",312,272
"76",312,271
"76",311,271
"76",311,270
"76",310,270
"76",309,270
"76",308,270
"76",308,269
"76",307,269
"76",307,268
"76",306,268
"76",305,268
"76",305,267
"76",304,267
"76",304,266
"76",303,266
"76",302,266
"76",301,266
"76",301,265
"76",300,265
"76",300,264
"76",299,264
"76",298,264
"76",298,263
"76",297,263
"76",296,263
"76",296,262
"76",295,262
"76",294,262
"76",294,261
"76",293,261
"76",292,261
"76",292,260
"76",291,260
"76",290,260
"76",290,259
"76",289,259
"76",288,259
"76",288,258
"76",287,258
"76",287,257
"76",286,257
"76",286,256
"76",285,256
"76",286,255
"76",287,255
"76",287,254
"76",288,254
"76",288,253
"76",289,253
"76",289,254
"76",290,254
"76",290,255
"76",291,255
"76",292,255
"76",293,255
"76",293,256
"76",292,256
"76",294,256
"76",294,257
"76",295,257
"76",296,257
"76",296,258
"76",297,258
"76",298,258
"76",298,259
"76",298,260
"76",299,260
"76",299,259
"76",300,260
"76",301,260
"76",301,261
"76",302,261
"76",302,262
"76",303,262
"76",304,262
"76",304,263
"76",305,263
"76",306,263
"76",307,263
"76",307,262
"76",287,256
"76",288,255
"76",288,256
"76",288,257
"76",289,255
"76",289,256
"76",289,257
"76",289,258
"76",290,256
"76",290,257
"76",290,258
"76",291,256
"76",291,257
"76",291,258
"76",291,259
"76",292,257
"76",292,258
"76",292,259
"76",293,257
"76",293,258
"76",293,259
"76",293,260
"76",294,258
"76",294,259
"76",294,260
"76",295,258
"76",295,259
"76",295,260
"76",295,261
"76",296,259
"76",296,260
"76",296,261
"76",297,259
"76",297,260
"76",297,261
"76",297,262
"76",298,261
"76",298,262
"76",299,261
"76",299,262
"76",299,263
"76",300,261
"76",300,262
"76",300,263
"76",301,262
"76",301,263
"76",301,264
"76",302,263
"76",302,264
"76",302,265
"76",303,263
"76",303,264
"76",303,265
"76",304,264
"76",304,265
"76",305,264
"76",305,265
"76",305,266
"76",306,264
"76",306,265
"76",306,266
"76",306,267
"76",307,264
"76",307,265
"76",307,266
"76",307,267
"76",308,262
"76",308,263
"76",308,264
"76",308,265
"76",308,266
"76",308,267
"76",308,268
"76",309,263
"76",309,264
"76",309,265
"76",309,266
"76",309,267
"76",309,268
"76",309,269
"76",310,263
"76",310,264
"76",310,265
"76",310,266
"76",310,267
"76",310,268
"76",310,269
"76",311,263
"76",311,264
"76",311,265
"76",311,266
"76",311,267
"76",311,268
"76",311,269
"76",312,264
"76",312,265
"76",312,266
"76",312,267
"76",312,268
"76",312,269
"76",312,270
"76",313,265
"76",313,266
"76",313,267
"76",313,268
"76",313,269
"76",313,270
"76",313,271
"76",314,266
"76",314,267
"76",314,268
"76",314,269
"76",314,270
"76",314,271
"76",315,266
"76",315,267
"76",315,268
"76",315,269
"76",315,270
"76",315,271
"76",315,272
"76",316,267
"76",316,268
"76",316,269
"76",316,270
"76",316,271
"76",316,272
"76",317,267
"76",317,268
"76",317,269
"76",317,270
"76",317,271
"76",317,272
"76",317,273
"76",318,267
"76",318,268
"76",318,269
"76",318,270
"76",318,271
"76",318,272
"76",318,273
"76",319,268
"76",319,269
"76",319,270
"76",319,271
"76",319,272
"76",319,273
"76",319,274
"76",320,269
"76",320,270
"76",320,271
"76",320,272
"76",321,270
"76",303,267
"76",299,265
"76",319,276
"76",322,272
"76",321,274
"85",211,200
"85",211,201
"85",211,202
"85",151,170
"85",211,203
"85",152,171
"85",211,204
"85",153,172
"85",211,205
"85",154,172
"85",211,206
"85",154,173
"85",212,197
"85",155,173
"85",212,198
"85",156,174
"85",212,199
"85",157,174
"85",212,200
"85",158,175
"85",212,201
"85",160,176
"85",212,202
"85",162,177
"85",212,203
"85",164,178
"85",212,204
"85",212,205
"85",212,206
"85",165,179
"85",213,198
"85",166,179
"85",213,199
"85",167,179
"85",213,200
"85",168,180
"85",213,201
"85",169,180
"85",213,202
"85",170,180
"85",213,203
"85",171,180
"85",213,204
"85",171,181
"85",213,205
"85",172,181
"85",213,206
"85",172,182
"85",214,199
"85",170,181
"85",214,200
"85",167,180
"85",214,201
"85",170,182
"85",214,202
"85",169,181
"85",214,203
"85",168,181
"85",214,204
"85",172,183
"85",214,205
"85",173,183
"85",214,206
"85",176,184
"85",215,201
"85",176,185
"85",215,202
"85",177,185
"85",178,185
"85",178,186
"85",179,186
"13L-1",399,63
"103",409,106
"103",410,106
"103",411,106
"103",412,106
"103",413,106
"103",414,106
"103",415,106
"103",415,107
"103",416,107
"103",417,107
"103",418,107
"103",418,108
"103",419,108
"103",419,109
"103",420,109
"103",420,110
"103",420,111
"103",419,111
"103",419,112
"103",418,112
"103",418,113
"103",418,114
"103",417,114
"103",417,115
"103",417,116
"103",416,116
"103",416,117
"103",415,117
"103",415,118
"103",411,120
"103",411,119
"103",412,119
"103",410,119
"103",409,119
"103",408,119
"103",408,120
"103",407,120
"103",407,121
"103",406,121
"103",405,121
"103",404,121
"103",403,122
"103",402,122
"103",402,123
"103",401,123
"103",400,123
"103",400,124
"103",399,124
"103",398,124
"103",397,124
"103",397,125
"103",396,125
"103",396,126
"103",395,126
"103",394,126
"103",394,127
"103",394,128
"103",393,128
"103",393,129
"103",392,129
"103",391,129
"103",391,130
"103",390,130
"13R-4",335,310
"13R-4",336,300
"13R-4",336,303
"13R-4",336,304
"13R-4",337,300
"13R-4",337,301
"13R-4",337,302
"13R-4",338,303
"13R-4",338,304
"13R-4",338,309
"13R-4",344,302
"13R-4",346,298
"13R-4",346,299
"13R-4",346,300
"13R-4",346,301
"13R-4",346,302
"13R-4",347,299
"13R-4",318,303
"13R-4",325,304
"13R-4",327,305
"13R-4",318,301
"13R-4",319,301
"13R-4",320,301
"13R-4",321,301
"13R-4",321,302
"13R-4",322,301
"13R-4",322,302
"13R-4",323,302
"13R-4",323,303
"13R-4",324,302
"13R-4",324,303
"13R-4",325,302
"13R-4",325,303
"13R-4",326,302
"13R-4",326,303
"13R-4",326,304
"13R-4",327,303
"13R-4",327,304
"13R-4",328,304
"13R-4",328,305
"13R-4",329,305
"13R-4",330,306
"13R-4",331,306
"13R-4",334,307
"13R-4",335,307
"13R-4",336,307
"13R-4",343,297
"13R-4",342,296
"13R-4",341,296
"13R-4",340,296
"13R-4",339,296
"13R-4",339,295
"13R-4",338,295
"13R-4",337,295
"13R-4",337,294
"13R-4",336,294
"13R-4",336,293
"13R-4",335,293
"13R-4",335,292
"13R-4",334,292
"13R-4",333,292
"13R-4",332,292
"13R-4",331,292
"13R-4",331,291
"13R-4",330,291
"13R-4",329,291
"13R-4",327,289
"13R-4",326,289
"13R-4",324,291
"13R-4",325,290
"13R-4",325,291
"13R-4",326,292
"13R-4",327,292
"13R-4",328,291
"13R-4",328,292
"13R-4",328,293
"13R-4",330,294
"13R-4",335,304
"13R-4",335,305
"13R-4",335,309
"13R-4",336,301
"13R-4",336,302
"13R-4",336,305
"13R-4",336,310
"13R-4",337,303
"13R-4",337,304
"13R-4",337,305
"13R-4",337,310
"13R-4",337,311
"13R-4",338,301
"13R-4",338,302
"13R-4",338,305
"13R-4",338,308
"103",389,130
"103",389,129
"103",389,128
"103",388,128
"103",388,127
"103",387,127
"103",387,126
"103",387,125
"103",386,125
"103",386,124
"103",386,123
"13R-4",338,310
"13R-4",338,311
"13R-4",339,301
"13R-4",339,302
"13R-4",339,303
"13R-4",339,304
"13R-4",339,305
"13R-4",339,307
"13R-4",339,308
"13R-4",339,309
"13R-4",339,310
"13R-4",339,311
"13R-4",339,312
"13R-4",340,301
"13R-4",340,302
"13R-4",340,303
"13R-4",340,304
"13R-4",340,305
"13R-4",340,306
"13R-4",340,307
"13R-4",340,308
"13R-4",340,309
"13R-4",340,310
"13R-4",340,311
"13R-4",340,312
"13R-4",341,301
"13R-4",341,302
"13R-4",341,303
"13R-4",341,304
"13R-4",341,305
"13R-4",341,306
"13R-4",341,307
"13R-4",341,308
"13R-4",341,309
"13R-4",341,310
"13R-4",342,299
"13R-4",342,301
"13R-4",342,302
"13R-4",342,303
"13R-4",342,304
"13R-4",342,305
"13R-4",342,306
"13R-4",342,307
"13R-4",343,300
"13R-4",343,301
"13R-4",343,302
"13R-4",343,303
"13R-4",343,304
"13R-4",343,305
"13R-4",343,306
"13R-4",344,300
"13R-4",344,301
"13R-4",344,303
"13R-4",344,304
"13R-4",344,305
"13R-4",345,297
"13R-4",345,298
"13R-4",345,299
"13R-4",345,300
"13R-4",345,301
"13R-4",345,302
"13R-4",345,303
"13R-4",345,304
"13R-4",329,290
"13R-4",328,290
"13R-4",328,289
"13R-4",325,289
"13R-4",324,289
"13R-4",323,289
"13R-4",322,289
"13R-4",321,289
"13R-4",343,298
"13R-4",342,297
"13R-4",323,290
"13R-4",324,290
"13R-4",326,290
"13R-4",326,291
"13R-4",327,290
"13R-4",327,291
"13R-4",329,292
"13R-4",329,293
"13R-4",330,292
"13R-4",330,293
"13R-4",338,298
"13R-4",331,293
"13R-4",331,294
"13R-4",332,293
"13R-4",332,294
"13R-4",332,295
"13R-4",333,293
"13R-4",333,294
"13R-4",333,295
"13R-4",334,293
"13R-4",334,294
"13R-4",334,295
"13R-4",334,296
"13R-4",335,294
"13R-4",335,295
"13R-4",335,296
"13R-4",335,297
"13R-4",336,295
"13R-4",336,296
"13R-4",336,297
"13R-4",337,296
"13R-4",337,297
"13R-4",337,298
"13R-4",338,296
"13R-4",338,297
"13R-4",338,299
"13R-4",339,298
"13R-4",339,299
"13R-4",341,297
"13R-4",341,298
"13R-4",341,299
"13R-4",286,263
"13R-4",285,263
"13R-4",285,264
"13R-4",284,267
"13R-4",283,269
"13R-4",282,269
"13R-4",282,271
"13R-4",281,271
"13R-4",281,272
"13R-4",281,273
"13R-4",280,273
"13R-4",280,274
"13R-4",280,275
"13R-4",280,276
"13R-4",279,274
"13R-4",279,276
"13R-4",278,276
"13R-4",278,275
"13R-4",279,277
"13R-4",278,277
"13R-4",298,276
"13R-4",298,275
"13R-4",300,272
"13R-4",300,271
"13R-4",301,271
"13R-4",281,275
"13R-4",281,276
"13R-4",281,277
"13R-4",284,268
"13R-4",284,269
"13R-4",284,271
"13R-4",284,275
"13R-4",284,276
"13R-4",285,267
"13R-4",285,268
"13R-4",285,270
"13R-4",285,271
"13R-4",285,272
"13R-4",285,275
"13R-4",285,276
"13R-4",286,266
"13R-4",286,267
"13R-4",286,268
"13R-4",286,269
"13R-4",286,270
"13R-4",286,271
"13R-4",286,274
"13R-4",286,275
"13R-4",286,276
"13R-4",287,263
"13R-4",287,266
"13R-4",287,268
"13R-4",287,269
"13R-4",287,272
"13R-4",287,273
"13R-4",287,276
"13R-4",288,264
"13R-4",288,265
"13R-4",288,266
"13R-4",288,267
"13R-4",288,268
"13R-4",288,269
"13R-4",288,270
"13R-4",288,271
"13R-4",288,272
"13R-4",288,274
"13R-4",288,275
"13R-4",288,276
"13R-4",291,273
"13R-4",291,274
"13R-4",291,276
"13R-4",291,277
"13R-4",292,266
"13R-4",292,267
"13R-4",292,274
"13R-4",292,277
"13R-4",293,267
"13R-4",293,268
"13R-4",293,269
"13R-4",293,270
"13R-4",293,271
"13R-4",293,272
"13R-4",293,273
"13R-4",293,274
"13R-4",294,268
"13R-4",294,270
"13R-4",294,271
"13R-4",295,271
"13R-4",295,273
"13R-4",295,275
"13R-4",295,276
"13R-4",295,277
"13R-4",296,269
"13R-4",296,275
"13R-4",296,276
"13R-4",296,277
"13R-4",296,278
"13R-4",297,270
"13R-4",297,271
"13R-4",297,272
"13R-4",297,275
"13R-4",297,276
"13R-4",297,277
"13R-4",298,271
"13R-4",298,273
"13R-4",299,271
"13R-4",302,271
"13R-4",302,273
"13R-4",300,274
"13R-4",301,272
"13R-4",301,278
"13R-4",302,278
"13R-4",303,279
"13R-4",305,280
"13R-4",306,280
"13R-4",307,281
"13R-4",308,281
"13R-4",309,283
"13R-4",310,283
"13R-4",311,284
"13R-4",312,284
"13R-4",312,285
"13R-4",313,285
"13R-4",314,286
"13R-4",307,282
"13R-4",302,280
"13R-4",301,279
"13R-4",339,297
"13R-4",340,297
"13R-4",340,298
"13R-4",340,299
"13R-4",342,298
"13R-4",285,265
"13R-4",285,266
"13R-4",284,266
"13R-4",283,267
"13R-4",283,268
"13R-4",282,270
"13R-4",279,275
"13R-4",277,277
"13R-4",277,278
"13R-4",278,278
"13R-4",298,278
"13R-4",298,277
"13R-4",298,274
"13R-4",299,274
"13R-4",299,273
"13R-4",299,272
"13R-4",279,278
"13R-4",280,277
"13R-4",281,274
"13R-4",282,272
"13R-4",282,273
"13R-4",282,274
"13R-4",282,275
"13R-4",282,276
"13R-4",283,270
"13R-4",283,271
"13R-4",283,272
"13R-4",283,273
"13R-4",283,274
"13R-4",283,275
"13R-4",283,276
"13R-4",284,270
"13R-4",284,272
"13R-4",284,273
"13R-4",284,274
"13R-4",285,269
"13R-4",285,273
"13R-4",285,274
"13R-4",286,264
"13R-4",286,265
"13R-4",286,272
"13R-4",286,273
"13R-4",287,264
"13R-4",287,265
"13R-4",287,267
"13R-4",287,270
"13R-4",287,271
"13R-4",287,274
"13R-4",287,275
"13R-4",288,273
"13R-4",289,264
"13R-4",289,265
"13R-4",289,266
"13R-4",289,267
"13R-4",289,268
"13R-4",289,269
"13R-4",289,270
"13R-4",289,271
"13R-4",289,272
"13R-4",289,273
"13R-4",289,274
"13R-4",289,275
"13R-4",289,276
"13R-4",290,265
"13R-4",290,266
"13R-4",290,267
"13R-4",290,268
"13R-4",290,269
"13R-4",290,270
"13R-4",290,271
"13R-4",290,272
"13R-4",290,273
"13R-4",290,274
"13R-4",290,275
"13R-4",290,276
"13R-4",290,277
"13R-4",291,265
"13R-4",291,266
"13R-4",291,267
"13R-4",291,268
"13R-4",291,269
"13R-4",291,270
"13R-4",291,271
"13R-4",291,272
"13R-4",291,275
"13R-4",292,268
"13R-4",292,269
"13R-4",292,270
"13R-4",292,271
"13R-4",292,272
"13R-4",292,273
"13R-4",292,275
"13R-4",292,276
"13R-4",293,275
"13R-4",293,276
"13R-4",293,277
"13R-4",294,269
"13R-4",294,272
"13R-4",294,273
"13R-4",294,274
"13R-4",294,275
"13R-4",294,276
"13R-4",294,277
"13R-4",294,278
"13R-4",295,268
"13R-4",295,269
"13R-4",295,270
"13R-4",295,272
"13R-4",295,274
"13R-4",295,278
"13R-4",296,270
"13R-4",296,271
"13R-4",296,272
"13R-4",296,273
"13R-4",296,274
"13R-4",297,273
"13R-4",297,274
"13R-4",297,278
"13R-4",298,270
"13R-4",298,272
"13R-4",302,272
"13R-4",303,272
"13R-4",304,272
"13R-4",305,273
"13R-4",304,273
"13R-4",303,273
"13R-4",301,273
"13R-4",301,274
"13R-4",300,273
"13R-4",299,277
"13R-4",300,277
"13R-4",302,279
"13R-4",304,279
"13R-4",304,280
"13R-4",306,281
"13R-4",308,282
"13R-4",309,282
"13R-4",311,283
"13R-4",315,286
"13R-4",316,287
"13R-4",304,281
"13R-4",303,280
"13R-4",299,293
"13R-4",294,291
"13R-4",300,279
"13R-4",299,278
"13R-4",305,281
"13R-4",300,278
"13R-4",299,276
"13R-4",299,275
"13R-4",314,285
"13R-4",348,300
"13R-4",303,278
"13R-4",304,278
"13R-4",317,287
"13R-4",319,288
"13R-4",321,288
"13R-4",322,288
"13R-4",295,291
"13R-4",298,293
"13R-4",296,292
"13R-4",302,274
"13R-4",303,274
"13R-4",303,275
"13R-4",302,275
"13R-4",301,275
"13R-4",300,275
"13R-4",300,276
"51A",345,294
"51A",345,295
"51A",344,295
"51A",343,295
"51A",343,296
"51A",342,295
"51A",341,295
"51A",340,295
"51A",342,294
"51A",343,294
"51A",344,294
"51A",345,293
"51A",344,293
"51A",343,292
"51A",342,292
"51A",342,293
"51A",343,293
"51A",341,293
"51A",341,294
"51A",340,294
"51A",339,294
"51A",338,294
"51A",338,293
"51A",338,292
"51A",339,292
"51A",339,293
"51A",340,292
"51A",341,292
"51A",340,293
"51A",340,291
"51A",339,291
"51A",338,291
"51A",337,291
"51A",337,292
"51A",337,293
"51A",336,292
"51A",336,291
"51A",337,290
"51A",336,290
"51A",335,290
"51A",335,289
"51A",334,289
"51A",336,289
"51A",338,290
"51A",339,290
"51A",335,288
"51A",334,288
"51A",334,287
"51A",333,287
"51A",332,287
"51A",331,286
"51A",330,286
"51A",330,285
"51A",329,285
"51A",329,284
"51A",328,284
"51A",328,283
"51A",327,283
"51A",326,283
"51A",325,283
"51A",325,282
"51A",324,282
"51A",324,281
"51A",323,281
"51A",322,281
"51A",322,280
"51A",321,280
"51A",321,281
"51A",320,281
"51A",320,282
"51A",320,283
"51A",319,283
"51A",318,283
"51A",318,284
"51A",318,285
"51A",318,286
"51A",317,286
"51A",318,287
"51A",319,287
"51A",320,287
"51A",320,288
"51A",321,287
"51A",322,287
"51A",323,287
"51A",323,288
"51A",324,288
"51A",325,288
"51A",326,288
"51A",327,288
"51A",328,288
"51A",329,288
"51A",329,289
"51A",330,289
"51A",330,290
"51A",331,290
"51A",332,290
"51A",332,291
"51A",333,291
"51A",334,291
"51A",334,290
"51A",335,291
"51A",319,284
"51A",319,285
"51A",319,286
"51A",320,284
"51A",320,285
"51A",320,286
"51A",321,282
"51A",321,283
"51A",321,284
"51A",321,285
"51A",321,286
"51A",322,282
"51A",322,283
"51A",322,284
"51A",322,285
"51A",322,286
"51A",323,282
"51A",323,283
"51A",323,284
"51A",323,285
"51A",323,286
"51A",324,283
"51A",324,284
"51A",324,285
"51A",324,286
"51A",324,287
"51A",325,284
"51A",325,285
"51A",325,286
"51A",325,287
"51A",326,284
"51A",326,285
"51A",326,286
"51A",326,287
"51A",327,284
"51A",327,285
"51A",327,286
"51A",327,287
"51A",328,285
"51A",328,286
"51A",328,287
"51A",329,286
"51A",329,287
"51A",330,287
"51A",330,288
"51A",331,287
"51A",331,288
"51A",331,289
"51A",332,288
"51A",332,289
"51A",333,288
"51A",333,289
"51A",333,290
"51A",331,285
"51A",332,286
"51A",336,288
"51A",337,289
"51A",338,289
"51A",341,291
"13L-1",400,64
"13L-1",399,62
"13L-1",398,62
"13L-1",395,66
"13L-1",395,65
"13L-1",397,67
"13L-1",401,62
"13L-1",401,60
"13L-1",385,60
"13L-1",383,59
"REL29",401,61
"REL29",400,61
"REL29",399,61
"REL29",399,60
"REL29",398,60
"REL29",398,61
"REL29",397,61
"REL29",397,60
"REL29",396,60
"REL29",395,60
"REL29",395,61
"REL29",394,61
"REL29",393,61
"REL29",393,60
"REL29",392,60
"REL29",392,61
"REL29",391,61
"REL29",391,62
"REL29",390,62
"REL29",390,61
"REL29",392,62
"REL29",392,63
"REL29",393,63
"REL29",393,64
"REL29",394,64
"REL29",394,63
"REL29",395,63
"REL29",396,63
"REL29",397,63
"REL29",398,63
"REL29",398,64
"REL29",399,64
"REL29",393,62
"REL29",394,62
"REL29",395,62
"REL29",396,61
"REL29",396,62
"REL29",397,62
"REL29",400,60
"REL29",394,60
"REL29",391,60
"REL29",395,64
"REL29",393,65
"REL29",394,65
"REL29",394,66
"REL29",394,67
"REL29",394,68
"REL29",394,69
"REL29",393,69
"REL29",393,68
"REL29",392,68
"REL29",391,68
"REL29",391,67
"REL29",390,67
"REL29",389,67
"REL29",388,67
"REL29",388,68
"REL29",387,67
"REL29",387,66
"REL29",387,65
"REL29",386,65
"REL29",386,64
"REL29",385,64
"REL29",385,63
"REL29",385,62
"REL29",386,62
"REL29",386,61
"REL29",387,62
"REL29",387,63
"REL29",388,63
"REL29",389,63
"REL29",390,63
"REL29",390,64
"REL29",391,64
"REL29",391,65
"REL29",392,65
"REL29",393,66
"REL29",393,67
"REL29",386,63
"REL29",387,64
"REL29",388,64
"REL29",388,65
"REL29",388,66
"REL29",389,64
"REL29",389,65
"REL29",389,66
"REL29",390,65
"REL29",390,66
"REL29",391,66
"REL29",392,66
"REL29",392,67
"REL29",391,63
"REL29",392,64
"REL29",388,62
"REL29",387,61
"REL29",389,62
"REL30",439,71
"REL30",439,72
"REL30",440,72
"REL30",440,71
"REL30",438,71
"REL30",438,70
"REL30",437,70
"REL30",437,71
"REL30",436,71
"REL30",436,70
"REL30",435,70
"REL30",434,70
"REL30",434,69
"REL30",433,69
"REL30",433,70
"REL30",432,70
"REL30",431,70
"REL30",431,69
"REL30",432,69
"REL30",431,68
"REL30",430,68
"REL30",429,68
"REL30",428,68
"REL30",428,67
"REL30",429,67
"REL30",427,68
"REL30",427,69
"REL30",427,70
"REL30",428,70
"REL30",428,69
"REL30",429,70
"REL30",430,70
"REL30",431,71
"REL30",432,71
"REL30",433,71
"REL30",434,71
"REL30",435,71
"REL30",429,69
"REL30",430,69
"REL30",429,71
"REL30",430,71
"REL30",431,72
"REL30",432,72
"REL30",433,72
"REL30",434,72
"REL30",435,72
"REL30",434,73
"REL30",434,74
"REL30",433,74
"REL30",433,73
"REL30",432,73
"REL30",432,74
"REL30",432,75
"REL30",432,76
"REL30",432,77
"REL30",433,75
"REL30",433,76
"REL30",433,77
"REL30",434,77
"REL30",434,78
"REL30",433,78
"REL30",432,78
"REL30",431,78
"REL30",433,79
"REL30",433,80
"REL30",434,80
"REL30",438,72
"REL30",432,79
"4",430,56
"4",430,57
"4",430,58
"4",429,58
"4",429,59
"4",429,60
"4",428,60
"4",428,61
"4",428,62
"4",427,62
"4",427,63
"4",427,64
"4",426,64
"4",426,65
"4",425,65
"4",425,64
"4",424,64
"4",423,64
"4",423,63
"4",422,63
"4",421,63
"4",420,62
"4",419,62
"4",419,61
"4",418,61
"4",417,60
"4",417,59
"4",416,59
"4",416,58
"4",415,58
"4",414,58
"4",414,57
"4",413,57
"4",412,57
"4",411,57
"4",411,56
"4",411,55
"4",410,55
"4",410,54
"4",409,54
"4",409,53
"4",408,53
"4",407,53
"4",407,52
"4",407,51
"4",406,51
"4",406,52
"4",406,50
"4",405,50
"4",405,51
"4",404,51
"4",403,51
"4",403,50
"4",402,50
"4",401,50
"4",401,49
"4",400,49
"4",400,48
"4",400,47
"4",399,47
"4",399,46
"4",399,45
"4",399,44
"4",399,43
"4",399,42
"4",399,41
"4",399,40
"4",400,39
"4",400,38
"4",400,37
"4",399,39
"4",400,40
"4",400,41
"4",400,42
"4",400,43
"4",400,44
"4",400,45
"4",400,46
"4",401,37
"4",401,38
"4",401,39
"4",401,40
"4",401,41
"4",401,42
"4",401,43
"4",401,44
"4",401,45
"4",401,46
"4",401,47
"4",401,48
"4",402,38
"4",402,39
"4",402,40
"4",402,41
"4",402,42
"4",402,43
"4",402,44
"4",402,45
"4",402,46
"4",402,47
"4",402,48
"4",402,49
"4",403,39
"4",403,40
"4",403,41
"4",403,42
"4",403,43
"4",403,44
"4",403,45
"4",403,46
"4",403,47
"4",403,48
"4",403,49
"4",404,39
"4",404,40
"4",404,41
"4",404,42
"4",404,43
"4",404,44
"4",404,45
"4",404,46
"4",404,47
"4",404,48
"4",404,49
"4",404,50
"4",405,40
"4",405,41
"4",405,42
"4",405,43
"4",405,44
"4",405,45
"4",405,46
"4",405,47
"4",405,48
"4",405,49
"4",406,40
"4",406,41
"4",406,42
"4",406,43
"4",406,44
"4",406,45
"4",406,46
"4",406,47
"4",406,48
"4",406,49
"4",407,40
"4",407,41
"4",407,42
"4",407,43
"4",407,44
"4",407,45
"4",407,46
"4",407,47
"4",407,48
"4",407,49
"4",407,50
"4",408,40
"4",408,41
"4",408,42
"4",408,43
"4",408,44
"4",408,45
"4",408,46
"4",408,47
"4",408,48
"4",408,49
"4",408,50
"4",408,51
"4",408,52
"4",409,41
"4",409,42
"4",409,43
"57",464,381
"57",463,381
"57",462,381
"57",461,380
"57",462,380
"57",462,379
"57",461,379
"57",461,378
"57",460,378
"57",459,378
"57",459,377
"57",460,377
"57",458,377
"57",457,377
"57",457,376
"57",458,376
"57",456,376
"57",456,375
"57",455,375
"57",454,375
"57",454,374
"57",455,374
"57",453,375
"57",453,376
"57",452,377
"57",452,378
"57",451,378
"57",451,379
"57",452,379
"57",452,380
"57",453,380
"57",453,381
"57",454,381
"57",455,382
"57",456,382
"57",457,382
"57",457,383
"57",458,383
"57",459,383
"57",460,383
"57",460,382
"57",461,382
"57",461,381
"57",452,376
"57",453,377
"57",453,378
"57",453,379
"57",454,376
"57",454,377
"57",454,378
"57",454,379
"57",454,380
"57",455,376
"57",455,377
"57",455,378
"57",455,379
"57",455,380
"57",455,381
"57",456,377
"57",456,378
"57",456,379
"57",456,380
"57",456,381
"57",457,378
"57",457,379
"57",457,380
"57",457,381
"4",409,44
"4",409,45
"4",409,46
"4",409,47
"4",409,48
"4",409,49
"4",409,50
"4",409,51
"4",409,52
"4",410,42
"4",410,43
"4",410,44
"4",410,45
"4",410,46
"4",410,47
"4",410,48
"4",410,49
"4",410,50
"57",458,378
"57",458,379
"57",458,380
"57",458,381
"57",458,382
"57",459,379
"57",459,380
"57",459,381
"57",459,382
"57",460,379
"57",460,380
"57",460,381
"57",463,382
"57",464,382
"57",463,383
"57",463,384
"57",464,384
"57",464,385
"57",463,385
"57",463,386
"57",462,386
"57",461,386
"57",461,385
"57",460,385
"57",460,384
"57",459,384
"57",461,383
"57",461,384
"57",462,382
"57",462,383
"57",462,384
"57",462,385
"57",458,384
"57",457,384
"57",457,385
"57",458,385
"57",450,378
"57",449,378
"57",449,377
"57",448,377
"57",447,377
"57",447,376
"57",446,376
"57",445,376
"57",445,375
"57",444,375
"57",443,375
"57",443,374
"57",442,374
"57",441,374
"57",441,373
"57",441,372
"57",442,372
"57",442,371
"57",443,372
"57",443,371
"57",444,372
"57",444,373
"57",445,373
"57",446,373
"57",446,374
"57",447,374
"57",448,374
"57",449,374
"57",449,375
"57",450,375
"57",450,376
"57",451,376
"57",442,373
"57",443,373
"57",444,374
"57",445,374
"57",446,375
"57",447,375
"57",448,375
"57",448,376
"57",449,376
"57",450,377
"57",451,377
"57",465,385
"57",465,386
"57",465,387
"57",464,387
"57",463,387
"57",464,386
"22A",467,386
"22A",466,385
"22A",467,385
"22A",468,386
"22A",468,387
"22A",469,387
"22A",469,388
"22A",468,389
"22A",468,390
"22A",467,391
"22A",467,392
"22A",467,393
"22A",468,394
"22A",469,394
"22A",470,394
"22A",471,394
"22A",472,394
"22A",467,387
"22A",468,388
"22A",472,395
"22A",471,395
"22A",471,396
"22A",470,396
"22A",469,396
"22A",469,397
"22A",468,397
"22A",467,397
"22A",466,397
"22A",466,396
"22A",465,396
"22A",464,396
"22A",464,395
"22A",463,395
"22A",462,395
"22A",462,394
"22A",461,394
"22A",462,393
"22A",462,392
"22A",462,391
"22A",461,391
"22A",462,390
"22A",463,390
"22A",464,390
"22A",464,389
"22A",464,388
"22A",464,387
"22A",465,389
"22A",465,388
"22A",466,388
"22A",466,387
"22A",463,391
"22A",463,392
"22A",463,393
"22A",463,394
"22A",464,391
"22A",464,392
"22A",464,393
"22A",464,394
"22A",465,390
"22A",465,391
"22A",465,392
"22A",465,393
"22A",465,394
"22A",465,395
"22A",466,389
"22A",466,390
"22A",466,391
"22A",466,392
"22A",466,393
"22A",466,394
"22A",466,395
"22A",467,388
"22A",467,389
"22A",467,390
"22A",467,394
"22A",467,395
"22A",467,396
"22A",468,395
"22A",468,396
"22A",469,395
"22A",470,395
"22A",466,386
"22A",473,394
"22A",473,393
"22A",465,397
"13R-6",423,349
"13R-6",423,350
"13R-6",423,351
"13R-6",423,352
"13R-6",423,353
"13R-6",423,354
"13R-6",423,355
"13R-6",424,343
"13R-6",424,344
"13R-6",424,345
"13R-6",424,346
"13R-6",424,347
"13R-6",424,348
"13R-6",424,349
"13R-6",424,354
"13R-6",424,355
"13R-6",425,344
"13R-6",425,345
"13R-6",425,346
"13R-6",425,347
"13R-6",425,348
"13R-6",425,349
"13R-6",425,354
"13R-6",425,355
"13R-6",426,345
"13R-6",426,346
"13R-6",426,347
"13R-6",426,348
"13R-6",426,349
"13R-6",426,350
"13R-6",427,345
"13R-6",427,346
"13R-6",428,351
"13R-6",429,351
"13R-6",405,345
"13R-6",404,346
"13R-6",404,345
"13R-6",413,335
"13R-6",427,354
"13R-6",427,355
"13R-6",428,355
"13R-6",429,355
"13R-6",430,355
"13R-6",431,355
"13R-6",432,355
"13R-6",433,355
"13R-6",434,355
"13R-6",435,355
"13R-6",435,356
"13R-6",436,356
"13R-6",436,357
"13R-6",437,357
"13R-6",438,357
"13R-6",439,357
"13R-6",439,358
"13R-6",439,359
"13R-6",439,360
"13R-6",438,360
"13R-6",437,360
"13R-6",437,361
"13R-6",437,362
"13R-6",437,363
"13R-6",436,363
"13R-6",435,363
"13R-6",434,363
"13R-6",433,362
"13R-6",433,361
"13R-6",433,360
"13R-6",433,359
"13R-6",433,358
"13R-6",433,357
"13R-6",432,357
"13R-6",432,356
"13R-6",431,356
"13R-6",428,356
"13R-6",427,356
"13R-6",433,356
"13R-6",434,356
"13R-6",434,357
"13R-6",434,358
"13R-6",434,359
"13R-6",434,360
"13R-6",434,361
"13R-6",434,362
"13R-6",435,357
"13R-6",435,358
"13R-6",435,359
"13R-6",435,360
"13R-6",435,361
"13R-6",435,362
"13R-6",436,358
"13R-6",436,359
"13R-6",436,360
"13R-6",436,361
"13R-6",436,362
"13R-6",437,358
"13R-6",437,359
"13R-6",438,358
"13R-6",438,359
"13R-6",440,358
"13R-6",441,358
"13R-6",442,358
"13R-6",442,359
"13R-6",443,359
"13R-6",443,360
"13R-6",443,361
"13R-6",442,361
"13R-6",441,361
"13R-6",440,361
"13R-6",440,360
"13R-6",440,359
"13R-6",441,359
"13R-6",441,360
"13R-6",442,360
"13R-6",436,364
"13R-6",437,364
"13R-6",437,365
"13R-6",438,365
"13R-6",439,365
"13R-6",440,365
"13R-6",440,366
"13R-6",441,366
"13R-6",441,367
"13R-6",442,367
"13R-6",443,367
"13R-6",443,368
"13R-6",443,369
"13R-6",442,369
"13R-6",442,370
"13R-6",443,370
"13R-6",444,370
"13R-6",444,371
"13R-6",445,371
"13R-6",445,372
"13R-6",446,372
"13R-6",447,372
"13R-6",447,373
"13R-6",448,373
"13R-6",449,373
"13R-6",450,373
"13R-6",450,374
"13R-6",451,374
"13R-6",452,374
"13R-6",452,375
"13R-6",452,373
"13R-6",453,373
"13R-6",454,373
"13R-6",455,373
"13R-6",456,373
"13R-6",456,374
"13R-6",457,374
"13R-6",458,375
"13R-6",459,375
"13R-6",459,376
"13R-6",460,376
"13R-6",461,376
"13R-6",461,377
"13R-6",461,378
"13R-6",462,378
"13R-6",463,378
"13R-6",464,378
"13R-6",464,377
"13R-6",465,377
"13R-6",465,376
"13R-6",466,376
"13R-6",466,375
"13R-6",466,374
"13R-6",465,374
"13R-6",465,373
"13R-6",464,373
"4",410,51
"4",410,52
"4",410,53
"4",411,43
"4",411,44
"4",411,45
"4",411,46
"4",411,47
"4",411,48
"4",411,49
"4",411,50
"4",411,51
"4",411,52
"4",411,53
"4",411,54
"4",412,43
"4",412,44
"4",412,45
"4",412,46
"4",412,47
"4",412,48
"4",412,49
"4",412,50
"4",412,51
"4",412,52
"4",412,53
"4",412,54
"4",412,55
"4",412,56
"4",413,43
"4",413,44
"4",413,45
"4",413,46
"4",413,47
"4",413,48
"4",413,49
"4",413,50
"4",413,51
"4",413,52
"4",413,53
"4",413,54
"4",413,55
"4",413,56
"4",414,45
"4",414,46
"4",414,47
"4",414,48
"4",414,49
"4",414,50
"4",414,51
"4",414,52
"4",414,53
"4",414,54
"4",414,55
"4",414,56
"4",415,45
"66A",442,388
"66A",441,387
"66A",441,386
"66A",440,384
"66A",445,388
"66A",446,389
"66A",445,390
"66A",439,384
"66A",438,383
"66A",444,388
"66A",443,388
"66A",436,383
"66A",444,389
"66A",443,389
"66A",437,382
"66A",439,383
"66A",441,385
"66A",442,386
"66A",442,387
"66A",443,387
"66A",444,387
"66A",445,389
"66A",440,386
"66A",438,385
"66A",439,386
"66A",419,362
"66A",418,364
"66A",417,365
"66A",416,366
"66A",416,367
"66A",415,368
"66A",415,369
"66A",415,370
"66A",414,370
"66A",414,371
"66A",413,371
"66A",413,372
"66A",413,373
"66A",414,372
"66A",435,387
"66A",442,391
"66A",438,434
"66A",460,389
"66A",461,389
"66A",460,391
"66A",460,390
"66A",462,389
"66A",460,392
"66A",459,392
"66A",459,391
"66A",459,390
"66A",445,395
"66A",445,394
"66A",445,393
"66A",430,425
"66A",429,426
"66A",430,424
"66A",428,428
"66A",455,404
"66A",454,405
"66A",452,409
"66A",459,397
"66A",459,398
"66A",458,399
"66A",463,388
"66A",463,389
"66A",461,390
"66A",461,393
"66A",461,392
"66A",434,416
"66A",431,422
"66A",432,420
"66A",433,418
"66A",430,423
"66A",429,425
"66A",428,427
"66A",427,428
"66A",427,429
"66A",428,430
"66A",428,431
"66A",429,431
"66A",430,431
"66A",431,432
"66A",432,432
"66A",432,433
"66A",433,433
"66A",434,433
"66A",435,434
"66A",436,434
"66A",434,434
"66A",430,430
"66A",429,430
"66A",436,435
"66A",437,435
"66A",435,435
"66A",430,432
"66A",431,421
"66A",433,417
"66A",435,414
"66A",427,430
"66A",426,430
"4",415,46
"4",415,47
"4",415,48
"4",415,49
"4",415,50
"4",415,51
"4",415,52
"4",415,53
"4",415,54
"4",415,55
"4",415,56
"4",415,57
"4",416,46
"4",416,47
"4",416,48
"4",416,49
"4",416,50
"4",416,51
"4",416,52
"4",416,53
"4",416,54
"4",416,55
"4",416,56
"4",416,57
"4",417,47
"4",417,48
"4",417,49
"4",417,50
"13R-6",463,373
"13R-6",463,372
"13R-6",462,372
"13R-6",461,372
"13R-6",461,371
"13R-6",460,371
"13R-6",459,371
"13R-6",459,370
"13R-6",458,370
"13R-6",457,370
"13R-6",456,370
"13R-6",455,370
"13R-6",454,370
"13R-6",453,370
"13R-6",452,370
"13R-6",451,370
"13R-6",451,369
"13R-6",450,369
"13R-6",450,368
"13R-6",450,367
"13R-6",449,367
"13R-6",448,367
"13R-6",448,366
"13R-6",447,366
"13R-6",446,366
"13R-6",446,365
"13R-6",445,365
"13R-6",444,365
"13R-6",444,364
"13R-6",443,364
"13R-6",442,364
"13R-6",441,364
"13R-6",441,363
"13R-6",440,363
"13R-6",439,363
"13R-6",438,363
"13R-6",438,364
"13R-6",439,364
"13R-6",440,364
"13R-6",441,365
"13R-6",442,365
"13R-6",442,366
"13R-6",443,365
"13R-6",443,366
"13R-6",444,366
"13R-6",444,367
"13R-6",444,368
"13R-6",444,369
"13R-6",445,366
"13R-6",445,367
"13R-6",445,368
"13R-6",445,369
"13R-6",445,370
"13R-6",446,367
"13R-6",446,368
"13R-6",446,369
"13R-6",446,370
"13R-6",446,371
"13R-6",447,367
"13R-6",447,368
"13R-6",447,369
"13R-6",447,370
"13R-6",447,371
"13R-6",448,368
"13R-6",448,369
"13R-6",448,370
"13R-6",448,371
"13R-6",448,372
"13R-6",449,368
"13R-6",449,369
"13R-6",449,370
"13R-6",449,371
"13R-6",449,372
"13R-6",450,370
"13R-6",450,371
"13R-6",450,372
"13R-6",451,371
"13R-6",451,372
"13R-6",451,373
"13R-6",452,371
"13R-6",452,372
"13R-6",453,371
"13R-6",453,372
"13R-6",454,371
"13R-6",454,372
"13R-6",455,371
"13R-6",455,372
"13R-6",456,371
"13R-6",456,372
"13R-6",457,371
"13R-6",457,372
"13R-6",457,373
"13R-6",458,371
"13R-6",458,372
"13R-6",458,373
"13R-6",458,374
"13R-6",459,372
"13R-6",459,373
"13R-6",459,374
"13R-6",460,372
"13R-6",460,373
"13R-6",460,374
"13R-6",460,375
"13R-6",461,373
"13R-6",461,374
"13R-6",461,375
"13R-6",462,373
"13R-6",462,374
"13R-6",462,375
"13R-6",462,376
"13R-6",462,377
"13R-6",463,374
"13R-6",463,375
"13R-6",463,376
"13R-6",463,377
"13R-6",464,374
"13R-6",464,375
"13R-6",464,376
"13R-6",465,375
"13R-6",452,369
"13R-6",452,368
"13R-6",453,368
"13R-6",454,368
"13R-6",455,368
"13R-6",456,368
"13R-6",456,367
"13R-6",455,367
"13R-6",454,367
"13R-6",453,367
"13R-6",453,366
"13R-6",452,366
"13R-6",451,365
"13R-6",450,365
"13R-6",450,364
"13R-6",449,364
"13R-6",448,364
"13R-6",447,364
"13R-6",446,364
"13R-6",446,363
"13R-6",445,363
"13R-6",445,364
"13R-6",451,368
"13R-6",452,367
"13R-6",447,365
"13R-6",448,365
"13R-6",449,365
"13R-6",471,373
"13R-6",471,374
"13R-6",471,375
"13R-6",471,376
"13R-6",470,377
"13R-6",469,379
"13R-6",468,379
"13R-6",469,378
"13R-6",470,376
"13R-6",468,380
"13R-6",468,381
"13R-6",467,382
"13R-6",467,383
"13R-6",466,384
"13R-6",466,383
"13R-6",466,382
"13R-6",467,381
"13R-6",472,375
"13R-6",470,378
"13R-6",469,380
"13R-6",449,366
"13R-6",450,366
"13R-6",451,366
"13R-6",451,367
"13R-6",438,362
"13R-6",439,362
"13R-6",439,361
"13R-6",438,361
"13R-6",425,357
"13R-6",466,372
"13R-6",466,371
"13R-6",467,371
"13R-6",468,371
"13R-6",468,372
"13R-6",469,372
"13R-6",469,373
"13R-6",470,373
"13R-6",470,374
"13R-6",470,375
"13R-6",469,375
"13R-6",469,376
"13R-6",469,377
"13R-6",468,377
"13R-6",467,378
"13R-6",467,379
"13R-6",466,380
"13R-6",465,381
"13R-6",465,380
"13R-6",464,380
"13R-6",463,380
"13R-6",463,379
"13R-6",466,373
"13R-6",464,379
"13R-6",465,378
"13R-6",465,379
"13R-6",466,377
"13R-6",466,378
"13R-6",466,379
"13R-6",467,372
"13R-6",467,373
"13R-6",467,374
"13R-6",467,375
"13R-6",467,376
"13R-6",467,377
"13R-6",468,373
"13R-6",468,374
"13R-6",468,375
"13R-6",468,376
"13R-6",469,374
"13R-6",453,374
"13R-6",442,368
"13R-6",442,363
"13R-6",427,357
"13R-6",465,382
"13R-6",466,381
"13R-6",467,380
"13R-6",468,378
"13R-6",451,375
"13R-6",465,383
"13R-6",464,383
"13R-6",457,375
"13R-6",425,358
"13R-6",426,358
"13R-6",411,333
"13R-6",411,334
"13R-6",412,334
"13R-6",413,334
"13R-6",414,335
"13R-6",415,335
"13R-6",415,336
"13R-6",416,336
"13R-6",417,337
"13R-6",418,337
"13R-6",418,338
"13R-6",419,339
"13R-6",420,339
"13R-6",420,340
"13R-6",421,340
"13R-6",422,340
"13R-6",422,341
"13R-6",423,341
"13R-6",424,341
"13R-6",424,342
"13R-6",425,342
"13R-6",425,343
"13R-6",426,343
"13R-6",426,344
"13R-6",427,344
"13R-6",428,344
"13R-6",428,345
"13R-6",428,346
"13R-6",427,347
"13R-6",427,348
"13R-6",427,349
"13R-6",427,350
"13R-6",428,350
"13R-6",429,350
"13R-6",430,350
"13R-6",430,351
"13R-6",430,352
"13R-6",429,352
"13R-6",428,352
"13R-6",427,352
"13R-6",427,351
"13R-6",426,351
"13R-6",425,351
"13R-6",425,350
"13R-6",424,350
"13R-6",424,351
"13R-6",424,352
"13R-6",424,353
"13R-6",425,353
"13R-6",426,354
"13R-6",426,355
"13R-6",426,356
"13R-6",426,357
"13R-6",425,356
"13R-6",424,356
"13R-6",423,356
"13R-6",422,356
"13R-6",422,357
"13R-6",421,358
"13R-6",420,358
"13R-6",420,359
"13R-6",420,360
"13R-6",419,360
"13R-6",419,361
"13R-6",418,361
"13R-6",418,362
"13R-6",418,363
"13R-6",417,362
"13R-6",416,362
"13R-6",416,361
"13R-6",415,361
"13R-6",414,361
"13R-6",414,360
"13R-6",413,360
"13R-6",412,360
"13R-6",412,359
"13R-6",411,359
"13R-6",411,358
"13R-6",410,358
"13R-6",409,358
"13R-6",408,358
"13R-6",408,357
"13R-6",407,357
"13R-6",406,357
"13R-6",406,356
"13R-6",405,356
"13R-6",404,356
"13R-6",404,355
"13R-6",403,355
"13R-6",403,354
"13R-6",402,354
"13R-6",402,353
"13R-6",401,353
"13R-6",400,353
"13R-6",400,352
"13R-6",399,352
"13R-6",399,351
"13R-6",400,351
"13R-6",400,350
"13R-6",401,350
"13R-6",402,350
"13R-6",401,349
"13R-6",402,349
"13R-6",402,348
"13R-6",403,348
"13R-6",403,347
"13R-6",404,347
"13R-6",405,347
"13R-6",405,346
"13R-6",405,344
"13R-6",406,344
"13R-6",406,343
"13R-6",406,342
"13R-6",407,342
"13R-6",407,341
"13R-6",407,340
"13R-6",407,339
"13R-6",408,340
"13R-6",408,339
"13R-6",408,338
"13R-6",408,337
"13R-6",409,337
"13R-6",409,336
"13R-6",410,336
"13R-6",410,335
"13R-6",410,334
"13R-6",401,351
"13R-6",401,352
"13R-6",402,351
"13R-6",402,352
"13R-6",403,349
"13R-6",403,350
"13R-6",403,351
"13R-6",403,352
"13R-6",403,353
"13R-6",404,348
"13R-6",404,349
"13R-6",404,350
"13R-6",404,351
"13R-6",404,352
"13R-6",404,353
"13R-6",404,354
"13R-6",405,348
"13R-6",405,349
"13R-6",405,350
"13R-6",405,351
"13R-6",405,352
"13R-6",405,353
"13R-6",405,354
"13R-6",405,355
"13R-6",406,345
"13R-6",406,346
"13R-6",406,347
"13R-6",406,348
"13R-6",406,349
"13R-6",406,350
"13R-6",406,351
"13R-6",406,352
"13R-6",406,353
"13R-6",406,354
"13R-6",406,355
"13R-6",407,343
"13R-6",407,344
"13R-6",407,345
"13R-6",407,346
"13R-6",407,347
"13R-6",407,348
"13R-6",407,349
"13R-6",407,350
"13R-6",407,351
"13R-6",407,352
"13R-6",407,353
"13R-6",407,354
"13R-6",407,355
"13R-6",407,356
"13R-6",408,341
"13R-6",408,342
"13R-6",408,343
"13R-6",408,344
"13R-6",408,345
"13R-6",408,346
"13R-6",408,347
"13R-6",408,348
"13R-6",408,349
"13R-6",408,350
"13R-6",408,351
"13R-6",408,352
"13R-6",408,353
"13R-6",408,354
"13R-6",408,355
"13R-6",408,356
"13R-6",409,338
"13R-6",409,339
"13R-6",409,340
"13R-6",409,341
"13R-6",409,342
"13R-6",409,343
"13R-6",409,344
"13R-6",409,345
"13R-6",409,346
"13R-6",409,347
"13R-6",409,348
"13R-6",409,349
"13R-6",409,350
"13R-6",409,351
"13R-6",409,352
"13R-6",409,353
"13R-6",409,354
"13R-6",409,355
"13R-6",409,356
"13R-6",409,357
"13R-6",410,337
"13R-6",410,338
"13R-6",410,339
"13R-6",410,340
"13R-6",410,341
"13R-6",410,342
"13R-6",410,343
"13R-6",410,344
"13R-6",410,345
"13R-6",410,346
"13R-6",410,347
"13R-6",410,348
"13R-6",410,349
"13R-6",410,350
"13R-6",410,351
"13R-6",410,352
"13R-6",410,353
"13R-6",410,354
"13R-6",410,355
"13R-6",410,356
"13R-6",410,357
"13R-6",411,335
"13R-6",411,336
"13R-6",411,337
"13R-6",411,338
"13R-6",411,339
"13R-6",411,340
"13R-6",411,341
"13R-6",411,342
"13R-6",411,343
"13R-6",411,344
"13R-6",411,345
"13R-6",411,346
"13R-6",411,347
"13R-6",411,348
"13R-6",411,349
"13R-6",411,350
"13R-6",411,351
"13R-6",411,352
"13R-6",411,353
"13R-6",411,354
"13R-6",411,355
"13R-6",411,356
"13R-6",411,357
"13R-6",412,335
"13R-6",412,336
"13R-6",412,337
"13R-6",412,338
"13R-6",412,339
"13R-6",412,340
"13R-6",412,341
"13R-6",412,342
"13R-6",412,343
"13R-6",412,344
"13R-6",412,345
"13R-6",412,346
"13R-6",412,347
"13R-6",412,348
"13R-6",412,349
"13R-6",412,350
"13R-6",412,351
"13R-6",412,352
"13R-6",412,353
"13R-6",412,354
"13R-6",412,355
"13R-6",412,356
"13R-6",412,357
"13R-6",412,358
"13R-6",413,336
"13R-6",413,337
"13R-6",413,338
"13R-6",413,339
"13R-6",413,340
"13R-6",413,341
"13R-6",413,342
"13R-6",413,343
"13R-6",413,344
"13R-6",413,345
"13R-6",413,346
"13R-6",413,347
"13R-6",413,348
"13R-6",413,349
"13R-6",413,350
"13R-6",413,351
"13R-6",413,352
"13R-6",413,353
"13R-6",413,354
"13R-6",413,355
"13R-6",413,356
"13R-6",413,357
"13R-6",413,358
"89",200,59
"89",200,51
"89",37,83
"89",36,82
"89",35,81
"89",34,81
"89",33,81
"89",33,80
"89",32,80
"89",31,80
"89",31,81
"89",31,82
"89",31,83
"89",31,84
"89",31,85
"89",31,86
"89",32,86
"89",32,87
"89",33,87
"89",33,88
"89",33,89
"89",34,89
"89",34,90
"89",35,90
"89",35,91
"89",36,91
"89",36,92
"89",37,93
"89",37,94
"89",38,94
"89",39,95
"89",40,96
"89",41,97
"89",42,97
"89",42,98
"89",43,98
"89",44,98
"89",44,99
"89",45,99
"89",45,100
"89",46,100
"89",46,101
"89",47,101
"89",47,102
"89",48,102
"89",49,102
"89",49,103
"89",50,103
"89",50,104
"89",51,104
"89",52,104
"89",52,105
"89",53,105
"89",54,105
"89",55,105
"89",55,106
"89",56,106
"89",57,106
"89",58,106
"89",58,107
"89",59,107
"89",60,107
"89",61,107
"89",61,108
"89",62,108
"89",63,108
"89",62,109
"89",60,108
"89",59,106
"89",63,109
"89",64,108
"89",64,107
"89",65,107
"89",65,106
"89",66,106
"89",66,105
"89",66,104
"89",66,103
"89",65,103
"89",64,103
"89",63,103
"89",63,102
"89",63,101
"89",64,101
"89",64,100
"89",64,99
"89",65,99
"89",65,98
"89",66,98
"89",66,97
"89",66,96
"89",67,96
"89",67,95
"89",66,95
"89",66,94
"89",65,94
"89",64,94
"89",64,93
"89",63,93
"89",63,92
"89",62,92
"89",61,92
"89",61,91
"89",60,91
"89",59,92
"89",59,93
"89",58,93
"89",58,94
"89",57,94
"89",57,95
"89",56,95
"89",55,95
"89",55,94
"89",54,94
"89",53,94
"89",52,94
"89",52,93
"89",51,93
"89",50,93
"89",50,92
"89",49,92
"89",49,91
"89",48,91
"89",47,90
"89",46,90
"89",46,89
"89",45,89
"89",44,88
"89",43,87
"89",42,86
"89",41,86
"89",40,86
"89",40,85
"89",39,85
"89",39,84
"89",38,84
"89",38,83
"89",32,81
"89",32,82
"89",32,83
"89",32,84
"89",32,85
"89",33,82
"89",33,83
"89",33,84
"89",33,85
"89",33,86
"89",34,82
"89",34,83
"89",34,84
"89",34,85
"89",34,86
"89",34,87
"89",34,88
"89",35,82
"89",35,83
"89",35,84
"89",35,85
"89",35,86
"89",35,87
"89",35,88
"89",35,89
"89",36,83
"89",36,84
"89",36,85
"89",36,86
"89",36,87
"89",36,88
"89",36,89
"89",36,90
"89",37,84
"89",37,85
"89",37,86
"89",37,87
"89",37,88
"89",37,89
"89",37,90
"89",37,91
"89",37,92
"89",38,85
"89",38,86
"89",38,87
"89",38,88
"89",38,89
"89",38,90
"89",38,91
"89",38,92
"89",38,93
"89",39,86
"89",39,87
"89",39,88
"89",39,89
"89",39,90
"89",39,91
"89",39,92
"89",39,93
"89",39,94
"89",40,87
"89",40,88
"89",40,89
"89",40,90
"89",40,91
"89",40,92
"89",40,93
"89",40,94
"89",40,95
"89",41,87
"89",41,88
"89",41,89
"89",41,90
"89",41,91
"89",41,92
"89",41,93
"89",41,94
"89",41,95
"89",41,96
"89",42,87
"89",42,88
"89",42,89
"89",42,90
"89",42,91
"89",42,92
"89",42,93
"89",42,94
"89",42,95
"89",42,96
"89",43,88
"89",43,89
"89",43,90
"89",43,91
"89",43,92
"89",43,93
"89",43,94
"89",43,95
"89",43,96
"89",43,97
"89",44,89
"89",44,90
"89",44,91
"89",44,92
"89",44,93
"89",44,94
"89",44,95
"89",44,96
"89",44,97
"89",45,90
"89",45,91
"89",45,92
"89",45,93
"89",45,94
"89",45,95
"89",45,96
"89",45,97
"89",45,98
"89",46,91
"89",46,92
"89",46,93
"89",46,94
"89",46,95
"89",46,96
"89",46,97
"89",46,98
"89",46,99
"89",47,91
"89",47,92
"89",47,93
"89",47,94
"89",47,95
"89",47,96
"89",47,97
"89",47,98
"89",47,99
"89",47,100
"89",48,92
"89",48,93
"89",48,94
"89",48,95
"89",48,96
"89",48,97
"89",48,98
"89",48,99
"89",48,100
"89",48,101
"89",49,93
"89",49,94
"89",49,95
"89",49,96
"89",49,97
"89",49,98
"89",49,99
"89",49,100
"89",49,101
"89",50,94
"89",50,95
"89",50,96
"89",50,97
"89",50,98
"89",50,99
"89",50,100
"89",50,101
"89",50,102
"89",51,94
"89",51,95
"89",51,96
"89",51,97
"89",51,98
"89",51,99
"89",51,100
"89",51,101
"89",51,102
"89",51,103
"89",52,95
"89",52,96
"89",52,97
"89",52,98
"89",52,99
"89",52,100
"89",52,101
"89",52,102
"89",52,103
"89",53,95
"89",53,96
"89",53,97
"89",53,98
"89",53,99
"89",53,100
"89",53,101
"89",53,102
"89",53,103
"89",53,104
"89",54,95
"89",54,96
"89",54,97
"89",54,98
"89",54,99
"89",54,100
"89",54,101
"89",54,102
"89",54,103
"89",54,104
"89",55,96
"89",55,97
"89",55,98
"89",55,99
"89",55,100
"89",55,101
"89",55,102
"89",55,103
"89",55,104
"89",56,96
"89",56,97
"89",56,98
"89",56,99
"89",56,100
"89",56,101
"89",56,102
"89",56,103
"89",56,104
"89",56,105
"89",57,96
"89",57,97
"89",57,98
"89",57,99
"89",57,100
"89",57,101
"89",57,102
"89",57,103
"89",57,104
"89",57,105
"89",58,95
"89",58,96
"89",58,97
"89",58,98
"89",58,99
"89",58,100
"89",58,101
"89",58,102
"89",58,103
"89",58,104
"89",58,105
"89",59,91
"89",59,94
"89",59,95
"89",59,96
"89",59,97
"89",59,98
"89",59,99
"89",59,100
"89",59,101
"89",59,102
"89",59,103
"89",59,104
"89",59,105
"89",60,92
"89",60,93
"89",60,94
"89",60,95
"89",60,96
"89",60,97
"89",60,98
"89",60,99
"89",60,100
"89",60,101
"89",60,102
"89",60,103
"89",60,104
"89",60,105
"89",60,106
"89",61,93
"89",61,94
"89",61,95
"89",61,96
"89",61,97
"89",61,98
"89",61,99
"89",61,100
"89",61,101
"89",61,102
"89",61,103
"89",61,104
"89",61,105
"89",61,106
"89",62,93
"89",62,94
"89",62,95
"89",62,96
"89",62,97
"89",62,98
"89",62,99
"89",62,100
"89",62,101
"89",62,102
"89",62,103
"89",62,104
"89",62,105
"89",62,106
"89",62,107
"89",63,94
"89",63,95
"89",63,96
"89",63,97
"89",63,98
"89",63,99
"89",63,100
"89",63,104
"89",63,105
"89",63,106
"89",63,107
"89",64,95
"89",64,96
"89",64,97
"89",64,98
"89",64,104
"89",64,105
"89",64,106
"89",65,95
"89",65,96
"89",65,97
"89",65,104
"89",65,105
"89",59,108
"89",57,107
"89",43,99
"89",36,93
"89",35,92
"89",34,91
"89",33,90
"89",32,89
"89",32,88
"89",31,88
"89",31,87
"89",30,86
"89",30,85
"89",30,84
"89",30,83
"89",30,82
"89",30,81
"89",51,92
"89",38,95
"89",39,96
"89",40,97
"89",61,109
"89",60,109
"89",56,107
"89",54,106
"89",64,102
"89",65,102
"89",67,104
"89",67,105
"89",62,110
"89",61,110
"89",58,108
"89",57,108
"89",59,109
"89",53,93
"89",32,79
"89",33,79
"89",34,79
"89",35,79
"89",36,79
"89",37,79
"89",38,80
"89",39,83
"89",37,82
"89",36,81
"89",36,80
"89",35,80
"89",37,81
"89",38,82
"89",34,80
"89",37,80
"89",38,81
"89",67,97
"89(1)",68,105
"89(1)",69,105
"89(1)",69,106
"89(1)",70,106
"89(1)",71,107
"89(1)",72,107
"89(1)",72,108
"89(1)",73,108
"89(1)",74,108
"89(1)",74,109
"89(1)",75,109
"89(1)",76,109
"89(1)",76,110
"89(1)",77,110
"89(1)",78,110
"89(1)",79,110
"89(1)",79,111
"89(1)",80,111
"89(1)",80,112
"89(1)",81,112
"89(1)",82,113
"89(1)",83,114
"89(1)",84,114
"89(1)",84,115
"89(1)",85,115
"89(1)",86,115
"89(1)",87,115
"89(1)",83,113
"89(1)",85,114
"89(1)",88,115
"89(1)",88,114
"89(1)",89,114
"89(1)",90,112
"89(1)",91,112
"89(1)",92,112
"89(1)",92,113
"89(1)",93,113
"89(1)",93,114
"89(1)",94,114
"89(1)",95,114
"89(1)",95,115
"89(1)",96,115
"89(1)",97,115
"89(1)",97,116
"89(1)",98,116
"89(1)",99,117
"89(1)",100,117
"89(1)",101,117
"89(1)",102,117
"89(1)",102,118
"89(1)",103,118
"89(1)",104,118
"89(1)",104,119
"89(1)",105,119
"89(1)",105,120
"89(1)",106,120
"89(1)",107,120
"89(1)",107,121
"89(1)",108,121
"89(1)",89,115
"89(1)",90,113
"89(1)",90,114
"89(1)",90,115
"89(1)",91,113
"89(1)",91,114
"89(1)",91,115
"89(1)",92,114
"89(1)",92,115
"89(1)",92,116
"89(1)",93,115
"89(1)",93,116
"89(1)",94,115
"89(1)",94,116
"89(1)",95,116
"89(1)",96,116
"89(1)",96,117
"89(1)",97,117
"89(1)",98,117
"89(1)",99,118
"89(1)",100,118
"89(1)",101,118
"89(1)",103,119
"89(1)",108,122
"89(1)",107,123
"89(1)",107,124
"89(1)",106,124
"89(1)",106,125
"89(1)",105,125
"89(1)",105,126
"89(1)",105,127
"89(1)",104,127
"89(1)",104,128
"89(1)",104,129
"89(1)",103,129
"89(1)",103,130
"89(1)",102,130
"89(1)",102,131
"89(1)",101,131
"89(1)",100,131
"89(1)",100,130
"89(1)",99,130
"89(1)",99,129
"89(1)",98,129
"89(1)",98,128
"89(1)",97,128
"89(1)",96,127
"89(1)",95,127
"89(1)",94,127
"89(1)",93,127
"89(1)",93,126
"89(1)",92,126
"89(1)",92,125
"89(1)",91,125
"89(1)",90,125
"89(1)",90,124
"89(1)",89,124
"89(1)",88,124
"89(1)",88,123
"89(1)",87,123
"89(1)",86,123
"89(1)",86,122
"89(1)",85,122
"89(1)",84,122
"89(1)",84,121
"89(1)",83,121
"89(1)",83,120
"89(1)",82,120
"89(1)",81,119
"89(1)",80,119
"89(1)",80,118
"89(1)",79,118
"89(1)",78,118
"89(1)",78,117
"89(1)",77,117
"89(1)",76,117
"89(1)",76,116
"89(1)",75,116
"89(1)",74,116
"89(1)",74,115
"89(1)",73,115
"89(1)",72,115
"89(1)",71,114
"89(1)",69,113
"89(1)",69,112
"89(1)",68,112
"89(1)",67,111
"89(1)",66,111
"89(1)",64,110
"89(1)",66,107
"89(1)",67,106
"89(1)",64,109
"89(1)",65,108
"89(1)",65,109
"89(1)",65,110
"89(1)",66,108
"89(1)",66,109
"89(1)",66,110
"89(1)",67,107
"89(1)",67,108
"89(1)",67,109
"89(1)",67,110
"89(1)",68,106
"89(1)",68,107
"89(1)",68,108
"89(1)",68,109
"89(1)",68,110
"89(1)",68,111
"89(1)",69,107
"89(1)",69,108
"89(1)",69,109
"89(1)",69,110
"89(1)",69,111
"89(1)",70,107
"89(1)",70,108
"89(1)",70,109
"89(1)",70,110
"89(1)",70,111
"89(1)",70,112
"89(1)",70,113
"89(1)",71,106
"89(1)",71,108
"89(1)",71,109
"89(1)",71,110
"89(1)",71,111
"89(1)",71,112
"89(1)",71,113
"89(1)",72,109
"89(1)",72,110
"89(1)",72,111
"89(1)",72,112
"89(1)",72,113
"89(1)",72,114
"89(1)",73,107
"89(1)",73,109
"89(1)",73,110
"89(1)",73,111
"89(1)",73,112
"89(1)",73,113
"89(1)",73,114
"89(1)",74,110
"89(1)",74,111
"89(1)",74,112
"89(1)",74,113
"89(1)",74,114
"89(1)",75,108
"89(1)",75,110
"89(1)",75,111
"89(1)",75,112
"89(1)",75,113
"89(1)",75,114
"89(1)",75,115
"89(1)",76,111
"89(1)",76,112
"89(1)",76,113
"89(1)",76,114
"89(1)",76,115
"89(1)",77,109
"89(1)",77,111
"89(1)",77,112
"89(1)",77,113
"89(1)",77,114
"89(1)",77,115
"89(1)",77,116
"89(1)",78,109
"89(1)",78,111
"89(1)",78,112
"89(1)",78,113
"89(1)",78,114
"89(1)",78,115
"89(1)",78,116
"89(1)",79,112
"89(1)",79,113
"89(1)",79,114
"89(1)",79,115
"89(1)",79,116
"89(1)",79,117
"89(1)",80,110
"89(1)",80,113
"89(1)",80,114
"89(1)",80,115
"89(1)",80,116
"89(1)",80,117
"89(1)",81,111
"89(1)",81,113
"89(1)",81,114
"89(1)",81,115
"89(1)",81,116
"89(1)",81,117
"89(1)",81,118
"89(1)",82,111
"89(1)",82,112
"89(1)",82,114
"89(1)",82,115
"89(1)",82,116
"89(1)",82,117
"89(1)",82,118
"89(1)",82,119
"89(1)",83,112
"89(1)",83,115
"89(1)",83,116
"89(1)",83,117
"89(1)",83,118
"89(1)",83,119
"89(1)",84,112
"89(1)",84,113
"89(1)",84,116
"89(1)",84,117
"89(1)",84,118
"89(1)",84,119
"89(1)",84,120
"89(1)",85,112
"89(1)",85,113
"89(1)",85,116
"89(1)",85,117
"89(1)",85,118
"89(1)",85,119
"89(1)",85,120
"89(1)",85,121
"89(1)",86,113
"89(1)",86,114
"89(1)",86,116
"89(1)",86,117
"89(1)",86,118
"89(1)",86,119
"89(1)",86,120
"89(1)",86,121
"89(1)",87,113
"89(1)",87,114
"89(1)",87,116
"89(1)",87,117
"89(1)",87,118
"89(1)",87,119
"89(1)",87,120
"89(1)",87,121
"89(1)",87,122
"89(1)",88,116
"89(1)",88,117
"89(1)",88,118
"89(1)",88,119
"89(1)",88,120
"89(1)",88,121
"89(1)",88,122
"89(1)",89,116
"89(1)",89,117
"89(1)",89,118
"89(1)",89,119
"89(1)",89,120
"89(1)",89,121
"89(1)",89,122
"89(1)",89,123
"89(1)",90,116
"89(1)",90,117
"89(1)",90,118
"89(1)",90,119
"89(1)",90,120
"89(1)",90,121
"89(1)",90,122
"89(1)",90,123
"89(1)",91,116
"89(1)",91,117
"89(1)",91,118
"89(1)",91,119
"89(1)",91,120
"89(1)",91,121
"89(1)",91,122
"89(1)",91,123
"89(1)",91,124
"89(1)",92,117
"89(1)",92,118
"89(1)",92,119
"89(1)",92,120
"89(1)",92,121
"89(1)",92,122
"89(1)",92,123
"89(1)",92,124
"89(1)",93,117
"89(1)",93,118
"89(1)",93,119
"89(1)",93,120
"89(1)",93,121
"89(1)",93,122
"89(1)",93,123
"89(1)",93,124
"89(1)",93,125
"89(1)",94,117
"89(1)",94,118
"89(1)",94,119
"89(1)",94,120
"89(1)",94,121
"89(1)",94,122
"89(1)",94,123
"89(1)",94,124
"89(1)",94,125
"89(1)",94,126
"89(1)",95,117
"89(1)",95,118
"89(1)",95,119
"89(1)",95,120
"89(1)",95,121
"89(1)",95,122
"89(1)",95,123
"89(1)",95,124
"89(1)",95,125
"89(1)",95,126
"89(1)",96,118
"89(1)",96,119
"89(1)",96,120
"89(1)",96,121
"89(1)",96,122
"89(1)",96,123
"89(1)",96,124
"89(1)",96,125
"89(1)",96,126
"89(1)",97,118
"89(1)",97,119
"89(1)",97,120
"89(1)",97,121
"89(1)",97,122
"89(1)",97,123
"89(1)",97,124
"89(1)",97,125
"89(1)",97,126
"89(1)",97,127
"89(1)",98,118
"89(1)",98,119
"89(1)",98,120
"89(1)",98,121
"89(1)",98,122
"89(1)",98,123
"89(1)",98,124
"89(1)",98,125
"89(1)",98,126
"89(1)",98,127
"89(1)",99,119
"89(1)",99,120
"89(1)",99,121
"89(1)",99,122
"89(1)",99,123
"89(1)",99,124
"89(1)",99,125
"89(1)",99,126
"89(1)",99,127
"89(1)",99,128
"89(1)",100,119
"89(1)",100,120
"89(1)",100,121
"89(1)",100,122
"89(1)",100,123
"89(1)",100,124
"89(1)",100,125
"89(1)",100,126
"89(1)",100,127
"89(1)",100,128
"89(1)",100,129
"89(1)",101,119
"89(1)",101,120
"89(1)",101,121
"89(1)",101,122
"89(1)",101,123
"89(1)",101,124
"89(1)",101,125
"89(1)",101,126
"89(1)",101,127
"89(1)",101,128
"89(1)",101,129
"89(1)",101,130
"89(1)",102,120
"89(1)",102,121
"89(1)",102,122
"89(1)",102,123
"89(1)",102,124
"89(1)",102,125
"89(1)",102,126
"89(1)",102,127
"89(1)",102,128
"89(1)",102,129
"89(1)",103,120
"89(1)",103,121
"89(1)",103,122
"89(1)",103,123
"89(1)",103,124
"89(1)",103,125
"89(1)",103,126
"89(1)",103,127
"89(1)",103,128
"89(1)",104,121
"89(1)",104,122
"89(1)",104,123
"89(1)",104,124
"89(1)",104,125
"89(1)",104,126
"89(1)",105,121
"89(1)",105,122
"89(1)",105,123
"89(1)",105,124
"89(1)",106,121
"89(1)",106,122
"89(1)",106,123
"89(1)",107,122
"89(1)",104,120
"89(1)",102,119
"89(1)",96,128
"89(1)",99,116
"89(1)",89,113
"89(1)",79,119
"89(1)",81,120
"89(1)",65,111
"89(1)",67,112
"89(1)",70,114
"89(1)",68,113
"89(1)",71,115
"89(1)",69,114
"13-R2",191,224
"4",417,51
"4",417,52
"4",417,53
"4",417,54
"4",417,55
"4",417,56
"4",417,57
"4",417,58
"4",418,48
"4",418,49
"4",418,50
"4",418,51
"4",418,52
"4",418,53
"4",418,54
"4",418,55
"4",418,56
"4",418,57
"4",418,58
"4",418,59
"4",418,60
"4",419,48
"4",419,49
"4",419,50
"4",419,51
"4",419,52
"4",419,53
"4",419,54
"4",419,55
"4",419,56
"4",419,57
"4",419,58
"4",419,59
"4",419,60
"4",420,48
"4",420,49
"4",420,50
"4",420,51
"4",420,52
"4",420,53
"4",420,54
"4",420,55
"4",420,56
"4",420,57
"4",420,58
"4",420,59
"4",420,60
"4",420,61
"4",421,48
"4",421,49
"4",421,50
"4",421,51
"4",421,52
"4",421,53
"4",421,54
"4",421,55
"4",421,56
"4",421,57
"4",421,58
"4",421,59
"4",421,60
"4",421,61
"4",421,62
"4",422,49
"4",422,50
"4",422,51
"4",422,52
"4",422,53
"4",422,54
"4",422,55
"4",422,56
"4",422,57
"4",422,58
"4",422,59
"4",422,60
"4",422,61
"4",422,62
"4",423,50
"4",423,51
"4",423,52
"4",423,53
"4",423,54
"4",423,55
"4",423,56
"4",423,57
"4",423,58
"4",423,59
"4",423,60
"4",423,61
"4",423,62
"4",424,51
"4",424,52
"4",424,53
"4",424,54
"4",424,55
"4",424,56
"4",424,57
"4",424,58
"4",424,59
"4",424,60
"4",424,61
"4",424,62
"4",424,63
"4",425,51
"4",425,52
"4",425,53
"4",425,54
"4",425,55
"4",425,56
"4",425,57
"4",425,58
"4",425,59
"4",425,60
"4",425,61
"4",425,62
"4",425,63
"4",426,52
"4",426,53
"4",426,54
"4",426,55
"4",426,56
"4",426,57
"4",426,58
"4",426,59
"4",426,60
"4",426,61
"4",426,62
"4",426,63
"4",427,53
"4",427,54
"4",427,55
"4",427,56
"4",427,57
"4",427,58
"4",427,59
"4",427,60
"4",427,61
"4",428,54
"4",428,55
"4",428,56
"4",428,57
"4",428,58
"4",428,59
"4",429,54
"4",429,55
"4",429,56
"4",429,57
"4",430,54
"4",430,55
"4",399,38
"4",396,44
"4",395,44
"4",397,44
"13-R2",191,225
"13-R2",191,226
"13-R2",191,227
"13-R2",191,228
"13-R2",191,229
"13-R2",191,230
"13-R2",191,231
"13-R2",191,232
"13-R2",192,214
"13-R2",192,215
"13-R2",192,216
"13-R2",192,217
"13-R2",192,218
"13-R2",192,219
"13-R2",192,220
"13-R2",192,221
"13-R2",192,222
"13-R2",192,223
"13-R2",192,224
"13-R2",192,225
"13-R2",192,226
"13-R2",192,227
"13-R2",192,228
"13-R2",192,229
"13-R2",192,230
"13-R2",192,231
"13-R2",192,232
"13-R2",193,214
"13-R2",193,215
"13-R2",193,216
"13-R2",193,217
"13-R2",193,218
"13-R2",193,219
"13-R2",193,220
"13-R2",193,221
"13-R2",193,222
"13-R2",193,223
"13-R2",193,224
"13-R2",193,225
"13-R2",193,226
"13-R2",193,227
"13-R2",193,228
"13-R2",193,229
"13-R2",193,230
"13-R2",193,231
"13-R2",193,232
"13-R2",194,215
"13-R2",194,216
"13-R2",194,217
"13-R2",194,218
"13-R2",194,219
"13-R2",194,220
"13-R2",194,221
"13-R2",194,222
"13-R2",194,223
"13-R2",194,224
"13-R2",194,225
"13-R2",194,226
"13-R2",194,227
"13-R2",194,228
"13-R2",194,229
"13-R2",194,230
"13-R2",194,231
"13-R2",194,232
"13-R2",194,233
"13-R2",195,216
"13-R2",195,217
"13-R2",195,218
"13-R2",195,219
"13-R2",195,220
"13-R2",195,221
"13-R2",195,222
"13-R2",195,223
"13-R2",195,224
"13-R2",195,225
"13-R2",195,226
"13-R2",195,227
"13-R2",195,228
"13-R2",195,229
"13-R2",195,230
"13-R2",195,231
"13-R2",195,232
"13-R2",195,233
"13-R2",196,216
"13-R2",196,217
"13-R2",196,218
"13-R2",196,219
"13-R2",196,220
"13-R2",196,221
"13-R2",196,222
"13-R2",196,223
"13-R2",196,224
"13-R2",196,225
"13-R2",196,226
"13-R2",196,227
"13-R2",196,228
"13-R2",196,229
"13-R2",196,230
"13-R2",196,231
"13-R2",196,232
"13-R2",196,233
"13-R2",196,234
"13-R2",197,217
"13-R2",197,218
"13-R2",197,219
"13-R2",197,220
"13-R2",197,221
"13-R2",197,222
"13-R2",197,223
"13-R2",197,224
"13-R2",197,225
"13-R2",197,226
"13-R2",197,227
"13-R2",197,228
"13-R2",197,229
"13-R2",197,230
"13-R2",197,231
"13-R2",197,232
"13-R2",197,233
"13-R2",197,234
"13-R2",197,235
"13-R2",198,217
"13-R2",198,218
"13-R2",198,219
"13-R2",198,220
"13-R2",198,221
"13-R2",198,222
"13-R2",198,223
"13-R2",198,224
"13-R2",198,225
"13-R2",198,226
"13-R2",198,227
"13-R2",198,228
"13-R2",198,229
"13-R2",198,230
"13-R2",198,231
"13-R2",198,232
"13-R2",198,233
"13-R2",198,234
"13-R2",198,235
"13-R2",199,218
"13-R2",199,219
"13-R2",199,220
"13-R2",199,221
"13-R2",199,222
"13-R2",199,223
"13-R2",199,224
"13-R2",199,225
"13-R2",199,226
"13-R2",199,227
"13-R2",199,228
"13-R2",199,229
"13-R2",199,230
"13-R2",199,231
"13-R2",199,232
"13-R2",199,233
"13-R2",199,234
"13-R2",199,235
"13-R2",199,236
"13-R2",200,218
"13-R2",200,219
"13-R2",200,220
"13-R2",200,221
"13-R2",200,222
"13-R2",200,223
"13-R2",200,224
"13-R2",200,225
"13-R2",200,226
"13-R2",200,227
"13-R2",200,228
"13-R2",200,229
"13-R2",200,230
"13-R2",200,231
"13-R2",200,232
"13-R2",200,233
"13-R2",200,234
"13-R2",200,235
"13-R2",200,236
"13-R2",201,219
"13-R2",201,220
"13-R2",201,221
"13-R2",201,222
"13-R2",201,223
"13-R2",201,224
"13-R2",201,225
"13-R2",201,226
"13-R2",201,227
"13-R2",201,228
"13-R2",201,229
"13-R2",201,230
"13-R2",201,231
"13-R2",201,232
"13-R2",201,233
"13-R2",201,234
"13-R2",201,235
"13-R2",201,236
"13-R2",202,220
"13-R2",202,221
"13-R2",202,222
"13-R2",202,223
"13-R2",202,224
"13-R2",202,225
"13-R2",202,226
"13-R2",202,227
"13-R2",202,228
"13-R2",202,229
"13-R2",202,230
"13-R2",202,231
"13-R2",202,232
"13-R2",202,233
"13-R2",202,234
"13-R2",202,235
"13-R2",202,237
"13-R2",203,220
"13-R2",203,221
"13-R2",203,222
"13-R2",203,223
"13-R2",203,224
"13-R2",203,225
"13-R2",203,226
"13-R2",203,227
"13-R2",203,228
"13-R2",203,229
"13-R2",203,230
"13-R2",203,231
"13-R2",203,232
"13-R2",203,233
"13-R2",203,234
"13-R2",203,235
"13-R2",203,236
"13-R2",203,237
"13-R2",203,238
"13-R2",204,221
"13-R2",204,222
"13-R2",204,223
"13-R2",204,224
"13-R2",204,225
"13-R2",204,226
"13-R2",204,227
"13-R2",204,228
"13-R2",204,229
"13-R2",204,230
"13-R2",204,231
"13-R2",204,232
"13-R2",204,233
"13-R2",204,234
"13-R2",204,236
"13-R2",204,238
"13-R2",204,239
"13-R2",205,222
"13-R2",205,223
"13-R2",205,224
"13-R2",205,225
"13-R2",205,226
"13-R2",205,227
"13-R2",205,228
"13-R2",205,229
"13-R2",205,230
"13-R2",205,231
"13-R2",205,232
"13-R2",205,233
"13-R2",205,234
"13-R2",205,235
"13-R2",205,236
"13-R2",205,237
"13-R2",205,238
"13-R2",205,239
"13-R2",205,240
"13-R2",206,222
"13-R2",206,223
"13-R2",206,224
"13-R2",206,225
"13-R2",206,226
"13-R2",206,227
"13-R2",206,228
"13-R2",206,229
"13-R2",206,230
"13-R2",206,231
"13-R2",206,232
"13-R2",206,233
"13-R2",206,234
"13-R2",206,235
"13-R2",206,236
"13-R2",206,237
"13-R2",206,238
"13-R2",206,239
"13-R2",206,240
"97",286,136
"97",286,135
"97",286,134
"97",287,134
"97",287,133
"97",288,133
"97",288,132
"97",288,131
"97",288,130
"97",289,130
"97",289,129
"97",290,129
"97",291,129
"97",291,128
"97",292,128
"97",293,128
"97",293,127
"97",294,127
"97",295,127
"97",295,126
"97",296,126
"97",296,127
"97",297,127
"97",298,127
"97",298,126
"97",299,126
"97",300,126
"97",300,125
"97",301,125
"13-R2",207,223
"13-R2",207,224
"13-R2",207,225
"13-R2",207,226
"13-R2",207,227
"13-R2",207,228
"13-R2",207,229
"13-R2",207,230
"13-R2",207,231
"13-R2",207,232
"13-R2",207,233
"13-R2",207,234
"13-R2",207,235
"13-R2",207,236
"13-R2",207,238
"13-R2",207,239
"13-R2",207,240
"13-R2",208,223
"13-R2",208,224
"13-R2",208,225
"13-R2",208,232
"13-R2",208,236
"13-R2",208,237
"13-R2",208,238
"13-R2",208,239
"13-R2",208,240
"13-R2",209,237
"13-R2",209,238
"13-R2",209,239
"13-R2",209,240
"13-R2",209,241
"13-R2",210,224
"13-R2",210,239
"13-R2",210,240
"13-R2",210,241
"13-R2",211,225
"13-R2",211,229
"13-R2",211,230
"97",302,125
"97",302,124
"97",303,124
"97",303,123
"97",304,123
"97",305,123
"97",306,123
"97",306,122
"97",307,122
"97",308,122
"97",309,122
"97",309,121
"97",310,121
"97",310,120
"97",311,120
"97",312,120
"97",312,119
"97",313,119
"97",313,118
"97",314,118
"97",315,118
"97",315,117
"97",315,116
"97",314,116
"97",314,115
"97",314,114
"97",313,114
"97",313,113
"97",313,112
"97",312,112
"97",312,111
"97",311,111
"97",311,110
"97",311,109
"97",310,109
"97",309,109
"97",308,109
"97",309,108
"97",310,108
"97",307,109
"97",307,110
"97",306,110
"97",305,110
"97",303,111
"97",299,113
"97",298,114
"97",297,114
"97",296,115
"97",295,115
"97",294,116
"97",293,116
"97",292,116
"97",292,117
"97",291,117
"97",291,116
"97",290,116
"97",290,117
"97",289,117
"97",288,118
"97",288,119
"97",288,120
"97",287,120
"97",286,120
"97",286,121
"97",286,122
"97",285,122
"97",284,122
"97",284,123
"97",283,123
"97",282,123
"97",281,124
"97",280,124
"97",281,125
"97",281,126
"97",282,126
"97",282,127
"97",282,128
"97",283,128
"97",283,129
"97",283,130
"88",110,122
"88",111,122
"88",112,122
"88",112,123
"88",113,123
"88",113,124
"88",114,124
"88",115,124
"88",115,125
"88",116,125
"88",117,126
"88",118,127
"88",119,128
"88",120,128
"88",121,129
"88",135,140
"88",134,141
"88",133,144
"88",132,145
"88",130,147
"88",130,146
"88",129,146
"88",129,145
"88",128,144
"88",127,144
"88",126,144
"88",126,143
"88",125,143
"88",125,142
"88",125,141
"88",124,141
"88",123,141
"88",122,141
"88",122,140
"88",121,140
"88",120,140
"88",120,139
"88",119,139
"88",118,139
"88",118,138
"88",117,138
"88",116,138
"88",116,137
"88",115,137
"88",114,137
"88",114,136
"88",113,136
"88",113,135
"88",112,135
"88",111,135
"88",111,134
"88",110,134
"88",109,134
"88",109,133
"88",108,133
"88",107,133
"88",107,132
"88",106,132
"88",105,131
"97",284,130
"97",284,131
"97",285,131
"97",285,132
"97",286,132
"97",286,133
"97",281,123
"97",282,124
"97",282,125
"97",283,124
"97",283,125
"97",283,126
"97",283,127
"97",284,124
"97",284,125
"97",284,126
"97",284,127
"97",284,128
"97",284,129
"97",285,123
"97",285,124
"97",285,125
"97",285,126
"97",285,127
"97",285,128
"97",285,129
"97",285,130
"97",286,123
"97",286,124
"97",286,125
"97",286,126
"97",286,127
"97",286,128
"97",286,129
"97",286,130
"97",286,131
"97",287,121
"97",287,122
"97",287,123
"97",287,124
"97",287,125
"97",287,126
"97",287,127
"97",287,128
"97",287,129
"97",287,130
"97",287,131
"97",287,132
"97",288,121
"97",288,122
"97",288,123
"97",288,124
"97",288,125
"97",288,126
"97",288,127
"97",288,128
"97",288,129
"97",289,118
"97",289,119
"97",289,120
"97",289,121
"97",289,122
"97",289,123
"97",289,124
"97",289,125
"97",289,126
"97",289,127
"97",289,128
"97",290,118
"97",290,119
"97",290,120
"97",290,121
"97",290,122
"97",290,123
"97",290,124
"97",290,125
"97",290,126
"97",290,127
"97",290,128
"97",291,118
"97",291,119
"97",291,120
"97",291,121
"97",291,122
"97",291,123
"97",291,124
"97",291,125
"97",291,126
"97",291,127
"97",292,118
"97",292,119
"97",292,120
"97",292,121
"97",292,122
"97",292,123
"97",292,124
"97",292,125
"97",292,126
"97",292,127
"97",293,117
"97",293,118
"97",293,119
"97",293,120
"97",293,121
"97",293,122
"97",293,123
"97",293,124
"97",293,125
"97",293,126
"97",294,117
"97",294,118
"97",294,119
"97",294,120
"97",294,121
"97",294,122
"97",294,123
"97",294,124
"97",294,125
"97",294,126
"97",295,116
"97",295,117
"97",295,118
"97",295,119
"97",295,120
"97",295,121
"97",295,122
"97",295,123
"97",295,124
"97",295,125
"97",296,116
"97",296,117
"97",296,118
"97",296,119
"97",296,120
"97",296,121
"97",296,122
"97",296,123
"97",296,124
"97",296,125
"97",297,115
"97",297,116
"97",297,117
"97",297,118
"97",297,119
"97",297,120
"97",297,121
"97",297,122
"97",297,123
"97",297,124
"97",297,125
"97",297,126
"97",298,115
"97",298,116
"90",74,106
"90",75,106
"90",75,105
"90",75,104
"90",76,104
"90",76,103
"90",77,102
"90",77,101
"90",78,101
"90",78,100
"90",78,99
"90",79,99
"90",79,98
"90",79,97
"90",80,97
"90",80,96
"90",81,96
"90",81,95
"90",81,94
"90",82,94
"90",82,93
"90",82,92
"90",83,91
"90",83,90
"90",84,88
"90",85,87
"90",85,86
"90",86,86
"90",86,85
"90",87,85
"90",87,84
"90",87,83
"90",88,83
"90",88,82
"90",88,81
"90",89,81
"90",89,80
"90",89,79
"90",90,78
"90",90,77
"90",91,76
"90",91,75
"90",92,74
"90",92,73
"90",93,73
"90",93,72
"90",94,72
"90",95,72
"90",96,72
"90",97,73
"90",101,76
"90",109,81
"90",109,82
"90",109,83
"90",108,83
"90",108,84
"90",108,85
"90",108,86
"90",107,86
"90",107,87
"90",110,82
"90",110,83
"90",109,84
"90",109,85
"90",108,87
"90",107,88
"90",106,89
"90",106,90
"90",106,91
"90",105,91
"90",105,92
"90",105,93
"90",104,94
"90",103,95
"90",102,95
"90",102,96
"90",101,98
"90",100,99
"90",100,100
"90",99,100
"90",99,101
"90",99,102
"90",99,103
"90",98,103
"90",98,104
"90",98,105
"90",97,105
"90",97,106
"90",97,107
"90",93,112
"90",92,112
"90",91,112
"90",91,111
"90",90,111
"90",90,112
"90",90,113
"90",89,113
"90",89,114
"90",87,113
"90",85,112
"90",84,111
"90",83,111
"90",82,110
"90",81,110
"90",81,109
"90",80,109
"90",79,108
"90",78,108
"90",77,108
"90",75,107
"90",76,102
"90",76,105
"90",76,106
"90",76,107
"90",77,103
"90",77,104
"90",77,105
"90",77,106
"90",77,107
"90",78,102
"90",78,103
"90",78,104
"90",78,105
"90",78,106
"90",78,107
"90",79,100
"90",79,101
"90",79,102
"90",79,103
"90",79,104
"90",79,105
"90",79,106
"90",79,107
"90",80,98
"90",80,99
"90",80,100
"90",80,101
"90",80,102
"90",80,103
"90",80,104
"90",80,105
"90",80,106
"90",80,107
"90",80,108
"90",81,97
"90",81,98
"90",81,99
"90",81,100
"90",81,101
"90",81,102
"90",81,103
"90",81,104
"90",81,105
"90",81,106
"90",81,107
"90",81,108
"90",82,95
"90",82,96
"90",82,97
"90",82,98
"90",82,99
"90",82,100
"90",82,101
"90",82,102
"90",82,103
"90",82,104
"90",82,105
"90",82,106
"90",82,107
"90",82,108
"90",82,109
"90",83,92
"90",83,93
"90",83,94
"90",83,95
"90",83,96
"90",83,97
"90",83,98
"90",83,99
"90",83,100
"90",83,101
"90",83,102
"90",83,103
"90",83,104
"90",83,105
"90",83,106
"90",83,107
"90",83,108
"90",83,109
"90",83,110
"90",84,89
"90",84,90
"90",84,91
"90",84,92
"90",84,93
"90",84,94
"90",84,95
"90",84,96
"90",84,97
"90",84,98
"90",84,99
"90",84,100
"90",84,101
"90",84,102
"90",84,103
"90",84,104
"90",84,105
"90",84,106
"90",84,107
"90",84,108
"90",84,109
"90",84,110
"90",85,88
"90",85,89
"90",85,90
"90",85,91
"90",85,92
"90",85,93
"90",85,94
"90",85,95
"90",85,96
"90",85,97
"90",85,98
"90",85,99
"90",85,100
"90",85,101
"90",85,102
"90",85,103
"90",85,104
"90",85,105
"90",85,106
"90",85,107
"90",85,108
"90",85,109
"90",85,110
"90",85,111
"90",86,87
"90",86,88
"90",86,89
"90",86,90
"90",86,91
"90",86,92
"90",86,93
"90",86,94
"90",86,95
"90",86,96
"90",86,97
"90",86,98
"90",86,99
"90",86,100
"90",86,101
"90",86,102
"90",86,103
"90",86,104
"90",86,105
"90",86,106
"90",86,107
"90",86,108
"90",86,109
"90",86,110
"90",86,111
"90",86,112
"90",87,86
"90",87,87
"90",87,88
"90",87,89
"90",87,90
"90",87,91
"90",87,92
"90",87,93
"90",87,94
"90",87,95
"90",87,96
"90",87,97
"90",87,98
"90",87,99
"90",87,100
"90",87,101
"90",87,102
"90",87,103
"90",87,104
"90",87,105
"90",87,106
"90",87,107
"90",87,108
"90",87,109
"90",87,110
"90",87,111
"90",87,112
"90",88,84
"90",88,85
"90",88,86
"90",88,87
"90",88,88
"90",88,89
"90",88,90
"90",88,91
"90",88,92
"90",88,93
"90",88,94
"90",88,95
"90",88,96
"90",88,97
"90",88,98
"90",88,99
"90",88,100
"90",88,101
"90",88,102
"90",88,103
"90",88,104
"90",88,105
"90",88,106
"90",88,107
"90",88,108
"90",88,109
"90",88,110
"90",88,111
"90",88,112
"90",88,113
"90",89,78
"90",89,82
"90",89,83
"90",89,84
"90",89,85
"90",89,86
"90",89,87
"90",89,88
"90",89,89
"90",89,90
"90",89,91
"90",89,92
"90",89,93
"90",89,94
"90",89,95
"90",89,96
"90",89,97
"90",89,98
"90",89,99
"90",89,100
"90",89,101
"90",89,102
"90",89,103
"90",89,104
"90",89,105
"90",89,106
"90",89,107
"90",89,108
"90",89,109
"90",89,110
"90",89,111
"90",89,112
"90",90,76
"90",90,79
"90",90,80
"90",90,81
"90",90,82
"90",90,83
"90",90,84
"90",90,85
"90",90,86
"90",90,87
"90",90,88
"90",90,89
"90",90,90
"90",90,91
"90",90,92
"90",90,93
"90",90,94
"90",90,95
"90",90,96
"90",90,97
"90",90,98
"90",90,99
"90",90,100
"90",90,101
"90",90,102
"90",90,103
"90",90,104
"90",90,105
"90",90,106
"90",90,107
"90",90,108
"90",90,109
"90",90,110
"90",91,77
"90",91,78
"90",91,79
"90",91,80
"90",91,81
"90",91,82
"90",91,83
"90",91,84
"90",91,85
"90",91,86
"90",91,87
"90",91,88
"90",91,89
"90",91,90
"90",91,91
"90",91,92
"90",91,93
"90",91,94
"90",91,95
"90",91,96
"90",91,97
"90",91,98
"90",91,99
"90",91,100
"90",91,101
"90",91,102
"90",91,103
"90",91,104
"90",91,105
"90",91,106
"90",91,107
"90",91,108
"90",91,109
"90",91,110
"90",92,75
"90",92,76
"90",92,77
"90",92,78
"90",92,79
"90",92,80
"90",92,81
"90",92,82
"90",92,83
"90",92,84
"90",92,85
"90",92,86
"90",92,87
"90",92,88
"90",92,89
"90",92,90
"90",92,91
"90",92,92
"90",92,93
"90",92,94
"90",92,95
"90",92,96
"90",92,97
"90",92,98
"90",92,99
"90",92,100
"90",92,101
"90",92,102
"90",92,103
"90",92,104
"90",92,105
"90",92,106
"90",92,107
"90",92,108
"90",92,109
"90",92,110
"90",92,111
"90",93,74
"90",93,75
"90",93,76
"90",93,77
"90",93,78
"90",93,79
"90",93,80
"90",93,81
"90",93,82
"90",93,83
"90",93,84
"90",93,85
"90",93,86
"90",93,87
"90",93,88
"90",93,89
"90",93,90
"90",93,91
"90",93,92
"90",93,93
"90",93,94
"90",93,95
"90",93,96
"90",93,97
"90",93,98
"90",93,99
"90",93,100
"90",93,101
"90",93,102
"90",93,103
"90",93,104
"90",93,105
"90",93,106
"90",93,107
"90",93,108
"90",93,109
"90",93,110
"90",93,111
"90",94,73
"90",94,74
"90",94,75
"90",94,76
"90",94,77
"90",94,78
"90",94,79
"90",94,80
"90",94,81
"90",94,82
"90",94,83
"90",94,84
"90",94,85
"90",94,86
"90",94,87
"90",94,88
"90",94,89
"90",94,90
"90",94,91
"90",94,92
"90",94,93
"90",94,94
"90",94,95
"90",94,96
"90",94,97
"90",94,98
"90",94,99
"90",94,100
"90",94,101
"90",94,102
"90",94,103
"90",94,104
"90",94,105
"90",94,106
"90",94,107
"90",94,108
"90",94,109
"90",94,110
"90",94,111
"90",95,73
"90",95,74
"90",95,75
"90",95,76
"90",95,77
"90",95,78
"90",95,79
"90",95,80
"90",95,81
"90",95,82
"90",95,83
"90",95,84
"90",95,85
"90",95,86
"90",95,87
"90",95,88
"90",95,89
"90",95,90
"90",95,91
"90",95,92
"90",95,93
"90",95,94
"90",95,95
"90",95,96
"90",95,97
"90",95,98
"90",95,99
"90",95,100
"90",95,101
"90",95,102
"90",95,103
"90",95,104
"90",95,105
"90",95,106
"90",95,107
"90",95,108
"90",95,109
"90",96,73
"90",96,74
"90",96,75
"90",96,76
"90",96,77
"90",96,78
"90",96,79
"90",96,80
"90",96,81
"90",96,82
"90",96,83
"90",96,84
"90",96,85
"90",96,86
"90",96,87
"90",96,88
"90",96,89
"90",96,90
"90",96,91
"90",96,92
"90",96,93
"90",96,94
"90",96,95
"90",96,96
"90",96,97
"90",96,98
"90",96,99
"90",96,100
"90",96,101
"90",96,102
"90",96,103
"90",96,104
"90",96,105
"90",96,106
"90",96,107
"90",96,108
"90",97,74
"90",97,75
"90",97,76
"90",97,77
"90",97,78
"90",97,79
"90",97,80
"90",97,81
"90",97,82
"90",97,83
"90",97,84
"90",97,85
"90",97,86
"90",97,87
"90",97,88
"90",97,89
"90",97,90
"90",97,91
"90",97,92
"90",97,93
"90",97,94
"90",97,95
"90",97,96
"90",97,97
"90",97,98
"90",97,99
"90",97,100
"90",97,101
"90",97,102
"90",97,103
"90",97,104
"90",98,74
"90",98,75
"90",98,76
"90",98,77
"90",98,78
"90",98,79
"90",98,80
"90",98,81
"90",98,82
"90",98,83
"90",98,84
"90",98,85
"90",98,86
"90",98,87
"90",98,88
"90",98,89
"90",98,90
"90",98,91
"90",98,92
"90",98,93
"90",98,94
"90",98,95
"90",98,96
"90",98,97
"90",98,98
"90",98,99
"90",98,100
"90",98,101
"90",98,102
"90",99,75
"90",99,76
"90",99,77
"90",99,78
"90",99,79
"90",99,80
"90",99,81
"90",99,82
"90",99,83
"90",99,84
"90",99,85
"90",99,86
"90",99,87
"90",99,88
"90",99,89
"90",99,90
"90",99,91
"90",99,92
"90",99,93
"90",99,94
"90",99,95
"90",99,96
"90",99,97
"90",99,98
"90",99,99
"90",100,75
"90",100,76
"90",100,77
"90",100,78
"90",100,79
"90",100,80
"90",100,81
"90",100,82
"90",100,83
"90",100,84
"90",100,85
"90",100,86
"90",100,87
"90",100,88
"90",100,89
"90",100,90
"90",100,91
"90",100,92
"90",100,93
"90",100,94
"90",100,95
"90",100,96
"90",100,97
"90",100,98
"90",101,77
"90",101,78
"90",101,79
"90",101,80
"90",101,81
"90",101,82
"90",101,83
"90",101,84
"90",101,85
"90",101,86
"90",101,87
"90",101,88
"90",101,89
"90",101,90
"90",101,91
"90",101,92
"90",101,93
"90",101,94
"90",101,95
"90",101,96
"90",101,97
"90",102,77
"90",102,78
"90",102,79
"90",102,80
"90",102,81
"90",102,82
"90",102,83
"90",102,84
"90",102,85
"90",102,86
"90",102,87
"90",102,88
"90",102,89
"90",102,90
"90",102,91
"90",102,92
"90",102,93
"90",102,94
"90",103,77
"90",103,78
"90",103,79
"90",103,80
"90",103,81
"90",103,82
"90",103,83
"90",103,84
"90",103,85
"90",103,86
"90",103,87
"90",103,88
"90",103,89
"90",103,90
"90",103,91
"90",103,92
"90",103,93
"90",103,94
"90",104,78
"90",104,79
"90",104,80
"90",104,81
"90",104,82
"90",104,83
"90",104,84
"90",104,85
"90",104,86
"90",104,87
"90",104,88
"90",104,89
"90",104,90
"90",104,91
"90",104,92
"90",104,93
"90",105,78
"90",105,79
"90",105,80
"90",105,81
"90",105,82
"90",105,83
"90",105,84
"90",105,85
"90",105,86
"90",105,87
"90",105,88
"90",105,89
"90",105,90
"90",106,79
"90",106,80
"90",106,81
"90",106,82
"90",106,83
"90",106,84
"90",106,85
"90",106,86
"90",106,87
"90",106,88
"90",107,79
"90",107,80
"90",107,81
"90",107,82
"90",107,83
"90",107,84
"90",107,85
"90",108,80
"90",108,81
"90",108,82
"90",74,107
"90",76,108
"90",79,109
"90",78,109
"90",111,82
"90",107,89
"90",109,86
"90",110,84
"90",103,96
"90",102,97
"90",100,101
"90",101,99
"90",104,95
"90",102,98
"90",94,112
"90",95,111
"90",95,110
"90",96,109
"90",109,80
"90",102,76
"90",104,77
"90",110,81
"97",298,117
"97",298,118
"97",298,119
"97",298,120
"97",298,121
"97",298,122
"97",298,123
"97",298,124
"97",298,125
"97",299,114
"97",299,115
"97",299,116
"97",299,117
"97",299,118
"97",299,119
"97",299,120
"97",299,121
"97",299,122
"97",299,123
"97",299,124
"97",299,125
"97",300,113
"97",300,114
"97",300,115
"97",300,116
"97",300,117
"97",300,118
"97",300,119
"97",300,120
"97",300,121
"97",300,122
"97",300,123
"97",300,124
"97",301,113
"97",301,114
"97",301,115
"97",301,116
"97",301,117
"97",301,118
"97",301,119
"97",301,120
"97",301,121
"97",301,122
"97",301,123
"97",301,124
"97",302,112
"97",302,113
"97",302,114
"97",302,115
"97",302,116
"97",302,117
"97",302,118
"97",302,119
"97",302,120
"97",302,121
"97",302,122
"97",302,123
"97",303,112
"97",303,113
"97",303,114
"97",303,115
"97",303,116
"97",303,117
"97",303,118
"97",303,119
"97",303,120
"97",303,121
"97",303,122
"97",304,111
"97",304,112
"97",304,113
"97",304,114
"97",304,115
"97",304,116
"97",304,117
"97",304,118
"97",304,119
"97",304,120
"97",304,121
"97",304,122
"97",305,111
"97",305,112
"97",305,113
"97",305,114
"97",305,115
"97",305,116
"97",305,117
"97",305,118
"97",305,119
"97",305,120
"97",305,121
"97",305,122
"97",306,111
"97",306,112
"97",306,113
"97",306,114
"97",306,115
"97",306,116
"97",306,117
"97",306,118
"97",306,119
"97",306,120
"97",306,121
"97",307,111
"97",307,112
"97",307,113
"97",307,114
"97",307,115
"97",307,116
"97",307,117
"97",307,118
"97",307,119
"97",307,120
"97",307,121
"97",308,110
"88",104,131
"88",104,130
"88",105,128
"88",106,126
"88",107,125
"88",105,129
"88",105,130
"88",106,127
"88",106,128
"88",106,129
"88",106,130
"88",106,131
"88",107,126
"88",107,127
"88",107,128
"88",107,129
"88",107,130
"88",107,131
"88",108,124
"88",108,125
"88",108,126
"88",108,127
"88",108,128
"88",108,129
"88",108,130
"88",108,131
"88",108,132
"88",109,123
"88",109,124
"88",109,125
"88",109,126
"88",109,127
"88",109,128
"88",109,129
"88",109,130
"88",109,131
"88",109,132
"88",110,123
"88",110,124
"88",110,125
"88",110,126
"88",110,127
"88",110,128
"88",110,129
"88",110,130
"88",110,131
"88",110,132
"88",110,133
"88",111,123
"88",111,124
"88",111,125
"88",111,126
"88",111,127
"88",111,128
"88",111,129
"88",111,130
"88",111,131
"88",111,132
"88",111,133
"88",112,124
"88",112,125
"88",112,126
"88",112,127
"88",112,128
"88",112,129
"88",112,130
"88",112,131
"88",112,132
"88",112,133
"88",112,134
"88",113,125
"88",113,126
"88",113,127
"88",113,128
"88",113,129
"88",113,130
"88",113,131
"88",113,132
"88",113,133
"88",113,134
"88",114,125
"88",114,126
"88",114,127
"88",114,128
"88",114,129
"88",114,130
"88",114,131
"88",114,132
"88",114,133
"88",114,134
"88",114,135
"88",115,126
"88",115,127
"88",115,128
"88",115,129
"88",115,130
"88",115,131
"88",115,132
"88",115,133
"88",115,134
"88",115,135
"88",115,136
"88",116,126
"88",116,127
"88",116,128
"88",116,129
"88",116,130
"88",116,131
"88",116,132
"88",116,133
"88",116,134
"88",116,135
"88",116,136
"88",117,127
"88",117,128
"88",117,129
"88",117,130
"88",117,131
"88",117,132
"88",117,133
"88",117,134
"88",117,135
"88",117,136
"88",117,137
"88",118,128
"88",118,129
"88",118,130
"88",118,131
"88",118,132
"88",118,133
"88",118,134
"88",118,135
"88",118,136
"88",118,137
"88",119,129
"88",119,130
"88",119,131
"88",119,132
"88",119,133
"88",119,134
"88",119,135
"88",119,136
"88",119,137
"88",119,138
"88",120,129
"88",120,130
"88",120,131
"88",120,132
"88",120,133
"88",120,134
"88",120,135
"88",120,136
"88",120,137
"88",120,138
"88",121,130
"88",121,131
"88",121,132
"88",121,133
"88",121,134
"88",121,135
"88",121,136
"88",121,137
"88",121,138
"88",121,139
"88",122,130
"88",122,131
"88",122,132
"88",122,133
"88",122,134
"88",122,135
"88",122,136
"88",122,137
"88",122,138
"88",122,139
"88",123,130
"88",123,131
"88",123,132
"88",123,133
"88",123,134
"88",123,135
"88",123,136
"88",123,137
"88",123,138
"88",123,139
"88",123,140
"88",124,131
"88",124,132
"88",124,133
"88",124,134
"88",124,135
"88",124,136
"88",124,137
"88",124,138
"88",124,139
"88",124,140
"88",125,132
"88",125,133
"88",125,134
"88",125,135
"88",125,136
"88",125,137
"88",125,138
"88",125,139
"88",125,140
"88",126,132
"88",126,133
"88",126,134
"88",126,135
"88",126,136
"88",126,137
"88",126,138
"88",126,139
"88",126,140
"88",126,141
"88",126,142
"88",127,133
"88",127,134
"88",127,135
"88",127,136
"88",127,137
"88",127,138
"88",127,139
"88",127,140
"88",127,141
"88",127,142
"88",127,143
"88",128,133
"88",128,134
"88",128,135
"88",128,136
"88",128,137
"88",128,138
"88",128,139
"88",128,140
"88",128,141
"88",128,142
"88",128,143
"88",129,135
"88",129,136
"88",129,137
"88",129,138
"88",129,139
"88",129,140
"88",129,141
"88",129,142
"88",129,143
"88",129,144
"88",130,136
"88",130,137
"88",130,138
"88",130,139
"88",130,140
"88",130,141
"88",130,142
"88",130,143
"88",130,144
"88",130,145
"88",131,136
"88",131,137
"88",131,138
"88",131,139
"88",131,140
"88",131,141
"88",131,142
"88",131,143
"88",131,144
"88",131,145
"88",131,146
"88",132,138
"88",132,139
"88",132,140
"88",132,141
"88",132,142
"88",132,143
"88",132,144
"88",133,138
"88",133,139
"88",133,140
"88",133,141
"88",133,142
"88",133,143
"88",134,140
"88",129,134
"88",130,135
"88",131,135
"88",132,135
"88",132,136
"88",133,136
"88",133,137
"88",134,137
"88",124,142
"88",123,142
"88",128,146
"88",127,145
"88",124,143
"88",121,141
"88",117,139
"88",115,138
"88",119,140
"88",128,145
"88",132,137
"88",134,139
"88",134,138
"88",135,138
"88",135,139
"88",135,141
"88",134,142
"88",108,123
"88",109,122
"88",136,138
"88",136,139
"88",132,146
"88",131,147
"88",103,131
"88",104,132
"88",105,132
"82",138,139
"82",139,139
"82",139,140
"82",140,140
"82",141,140
"82",141,139
"82",142,139
"82",146,141
"82",145,141
"82",145,142
"82",144,143
"82",141,141
"82",142,140
"82",142,141
"82",143,140
"82",143,141
"82",143,142
"82",144,140
"82",144,141
"82",144,142
"82",134,143
"82",132,146
"82",132,147
"82",133,148
"82",135,149
"82",145,155
"82",146,156
"82",147,156
"82",147,157
"82",148,157
"82",149,158
"82",150,159
"82",151,159
"82",152,160
"82",156,162
"82",157,163
"82",158,163
"82",159,163
"82",160,164
"82",161,164
"82",161,165
"82",162,165
"82",163,166
"82",164,166
"82",165,166
"82",165,167
"82",166,167
"82",166,168
"82",167,167
"82",168,166
"82",169,165
"82",169,164
"82",170,163
"82",171,162
"82",171,159
"82",169,158
"82",168,157
"82",167,157
"82",166,156
"82",164,155
"82",163,154
"82",162,154
"82",160,153
"82",148,145
"82",147,145
"82",146,145
"82",145,145
"82",145,144
"82",145,143
"82",133,145
"82",133,146
"82",133,147
"82",134,144
"82",134,145
"82",134,146
"82",134,147
"82",134,148
"82",135,142
"82",135,143
"82",135,144
"82",135,145
"82",135,146
"82",135,147
"82",135,148
"82",136,141
"82",136,142
"82",136,143
"82",136,144
"82",136,145
"82",136,146
"82",136,147
"82",136,148
"82",136,149
"82",136,150
"82",137,140
"82",137,141
"82",137,142
"82",137,143
"82",137,144
"82",137,145
"82",137,146
"82",137,147
"82",137,148
"82",137,149
"82",137,150
"82",138,140
"82",138,141
"82",138,142
"82",138,143
"82",138,144
"82",138,145
"82",138,146
"82",138,147
"82",138,148
"82",138,149
"82",138,150
"82",138,151
"82",139,141
"82",139,142
"82",139,143
"82",139,144
"82",139,145
"82",139,146
"82",139,147
"82",139,148
"82",139,149
"82",139,150
"82",139,151
"82",140,141
"82",140,142
"82",140,143
"82",140,144
"82",140,145
"82",140,146
"82",140,147
"82",140,148
"82",140,149
"82",140,150
"82",140,151
"82",140,152
"82",141,142
"82",141,143
"82",141,144
"82",141,145
"82",141,146
"82",141,147
"82",141,148
"82",141,149
"82",141,150
"82",141,151
"82",141,152
"82",141,153
"82",142,142
"82",142,143
"82",142,144
"82",142,145
"82",142,146
"82",142,147
"82",142,148
"82",142,149
"82",142,150
"82",142,151
"82",142,152
"82",142,153
"82",143,143
"82",143,144
"82",143,145
"82",143,146
"82",143,147
"82",143,148
"82",143,149
"82",143,150
"82",143,151
"82",143,152
"82",143,153
"82",144,144
"82",144,145
"82",144,146
"82",144,147
"82",144,148
"82",144,149
"82",144,150
"82",144,151
"82",144,152
"82",144,153
"82",144,154
"82",145,146
"82",145,147
"82",145,148
"82",145,149
"82",145,150
"82",145,151
"82",145,152
"82",145,153
"82",145,154
"82",146,146
"82",146,147
"82",146,148
"82",146,149
"82",146,150
"82",146,151
"82",146,152
"82",146,153
"82",146,154
"82",146,155
"82",147,146
"82",147,147
"82",147,148
"82",147,149
"82",147,150
"82",147,151
"82",147,152
"82",147,153
"82",147,154
"82",147,155
"82",148,146
"82",148,147
"82",148,148
"82",148,149
"82",148,150
"82",148,151
"82",148,152
"82",148,153
"82",148,154
"82",148,155
"82",148,156
"82",149,146
"82",149,147
"82",149,148
"82",149,149
"82",149,150
"82",149,151
"82",149,152
"82",149,153
"82",149,154
"82",149,155
"82",149,156
"82",149,157
"82",150,147
"82",150,148
"82",150,149
"82",150,150
"82",150,151
"82",150,152
"82",150,153
"82",150,154
"82",150,155
"82",150,156
"82",150,157
"82",150,158
"82",151,147
"82",151,148
"82",151,149
"82",151,150
"82",151,151
"82",151,152
"82",151,153
"82",151,154
"82",151,155
"82",151,156
"82",151,157
"82",151,158
"82",152,148
"82",152,149
"82",152,150
"82",152,151
"82",152,152
"82",152,153
"82",152,154
"82",152,155
"82",152,156
"82",152,157
"82",152,158
"82",152,159
"82",153,149
"82",153,150
"82",153,151
"82",153,152
"82",153,153
"82",153,154
"82",153,155
"82",153,156
"82",153,157
"82",153,158
"82",153,159
"82",153,160
"82",154,149
"82",154,150
"82",154,151
"82",154,152
"82",154,153
"82",154,154
"82",154,155
"82",154,156
"82",154,157
"82",154,158
"82",154,159
"82",154,160
"82",155,150
"82",155,151
"82",155,152
"82",155,153
"82",155,154
"82",155,155
"82",155,156
"82",155,157
"82",155,158
"82",155,159
"82",155,160
"82",155,161
"82",156,150
"82",156,151
"82",156,152
"82",156,153
"82",156,154
"82",156,155
"82",156,156
"82",156,157
"82",156,158
"82",156,159
"82",156,160
"82",156,161
"82",157,151
"82",157,152
"82",157,153
"82",157,154
"82",157,155
"82",157,156
"82",157,157
"82",157,158
"82",157,159
"82",157,160
"82",157,161
"82",157,162
"82",158,152
"82",158,153
"82",158,154
"82",158,155
"82",158,156
"82",158,157
"82",158,158
"82",158,159
"82",158,160
"82",158,161
"82",158,162
"82",159,153
"82",159,154
"82",159,155
"82",159,156
"82",159,157
"82",159,158
"82",159,159
"82",159,160
"82",159,161
"82",159,162
"82",160,154
"82",160,155
"82",160,156
"82",160,157
"82",160,158
"82",160,159
"82",160,160
"82",160,161
"82",160,162
"82",160,163
"82",161,154
"82",161,155
"82",161,156
"82",161,157
"82",161,158
"82",161,159
"82",161,160
"82",161,161
"82",161,162
"82",161,163
"82",162,155
"82",162,156
"82",162,157
"82",162,158
"82",162,159
"82",162,160
"82",162,161
"82",162,162
"82",162,163
"82",162,164
"82",163,155
"82",163,156
"82",163,157
"82",163,158
"82",163,159
"82",163,160
"82",163,161
"82",163,162
"82",163,163
"82",163,164
"82",163,165
"82",164,156
"82",164,157
"82",164,158
"82",164,159
"82",164,160
"82",164,161
"82",164,162
"82",164,163
"82",164,164
"82",164,165
"82",165,156
"82",165,157
"82",165,158
"82",165,159
"82",165,160
"82",165,161
"82",165,162
"82",165,163
"82",165,164
"82",165,165
"82",166,157
"82",166,158
"82",166,159
"82",166,160
"82",166,161
"82",166,162
"82",166,163
"82",166,164
"82",166,165
"82",166,166
"82",167,158
"82",167,159
"82",167,160
"82",167,161
"82",167,162
"82",167,163
"82",167,164
"82",167,165
"82",167,166
"82",168,158
"82",168,159
"82",168,160
"82",168,161
"82",168,162
"82",168,163
"82",168,164
"82",168,165
"82",169,159
"82",169,160
"82",169,161
"82",169,162
"82",169,163
"82",170,159
"82",170,160
"82",170,161
"82",170,162
"82",171,160
"82",171,161
"82",172,160
"82",164,167
"82",162,166
"82",160,165
"82",159,164
"82",165,168
"82",142,138
"82",143,138
"82",144,139
"82",143,139
"82",144,138
"82",145,139
"82",146,140
"82",145,140
"82",146,144
"82",158,151
"82",159,152
"82",136,140
"82",137,139
"82",137,151
"82",139,152
"82",143,154
"82",142,154
"82",144,155
"82",145,156
"82",154,161
"82",134,149
"82",167,168
"82",170,164
"82",170,158
"82",161,153
"82",132,148
"97",308,111
"97",308,112
"97",308,113
"97",308,114
"97",308,115
"97",308,116
"97",308,117
"97",308,118
"97",308,119
"97",308,120
"97",308,121
"97",309,110
"97",309,111
"97",309,112
"97",309,113
"97",309,114
"97",309,115
"97",309,116
"97",309,117
"97",309,118
"97",309,119
"97",309,120
"97",310,110
"97",310,111
"97",310,112
"97",310,113
"97",310,114
"97",310,115
"97",310,116
"97",310,117
"97",310,118
"97",310,119
"97",311,112
"97",311,113
"97",311,114
"97",311,115
"97",311,116
"97",311,117
"97",311,118
"97",311,119
"97",312,113
"97",312,114
"97",312,115
"97",312,116
"97",312,117
"97",312,118
"97",313,115
"97",313,116
"97",313,117
"97",314,117
"97",289,132
"97",289,131
"97",304,124
"97",287,118
"97",287,119
"97",287,117
"97",288,117
"97",285,121
"97",310,107
"97",310,106
"97",310,105
"97",309,105
"97",308,105
"97",307,106
"97",306,107
"97",305,107
"97",305,108
"97",304,108
"97",303,108
"97",303,109
"97",302,109
"97",302,110
"97",301,110
"97",301,111
"97",300,111
"97",300,112
"97",299,112
"97",303,110
"97",304,109
"97",306,108
"97",307,107
"97",308,106
"97",308,107
"97",309,106
"97",301,112
"97",302,111
"97",304,110
"97",305,109
"97",307,108
"97",306,109
"97",309,107
"97",308,108
"97",306,106
"97",294,115
"97",295,114
"97",296,114
"97",296,113
"97",297,113
"97",298,113
"97",298,112
"97",297,112
"4",398,44
"4",398,43
"4",398,42
"4",398,41
"4",398,40
"4",397,42
"4",397,43
"4",396,43
"4",396,42
"4",397,45
"4",398,45
"4",398,46
"4",398,47
"4",397,46
"4",396,45
"4",419,46
"4",420,47
"4",421,47
"4",424,49
"4",428,51
"4",429,52
"4",430,52
"4",401,35
"4",403,36
"4",404,37
"4",405,37
"4",406,38
"4",407,38
"4",410,40
"4",412,41
"4",414,42
"4",418,45
"4",422,47
"4",424,48
"4",425,49
"4",426,49
"4",427,50
"4",432,53
"4",429,51
"4",431,52
"4",400,50
"4",413,58
"4",415,59
"4",416,60
"4",420,63
"4",422,64
"4",415,43
"4",417,44
"4",420,46
"4",421,46
"4",423,47
"4",401,34
"4",402,35
"4",403,35
"4",404,36
"4",405,36
"4",406,37
"4",407,37
"4",408,38
"4",409,39
"103",385,123
"103",385,122
"103",384,121
"103",385,121
"103",384,120
"103",385,120
"103",385,119
"103",386,119
"103",387,119
"103",387,118
"103",388,118
"103",389,118
"103",389,117
"103",390,117
"103",391,117
"103",391,116
"103",392,116
"103",392,115
"103",393,115
"103",394,115
"103",394,114
"103",395,114
"103",396,114
"103",396,113
"103",397,113
"103",398,113
"103",398,112
"103",399,112
"103",397,112
"103",399,111
"103",400,111
"103",401,111
"103",401,110
"103",402,110
"103",403,110
"103",403,109
"103",404,109
"103",405,109
"103",406,109
"103",407,109
"103",407,108
"103",406,108
"103",408,108
"103",408,107
"103",386,120
"103",386,121
"103",386,122
"103",387,120
"103",387,121
"103",387,122
"103",387,123
"103",387,124
"103",388,119
"103",388,120
"103",388,121
"103",388,122
"103",388,123
"103",388,124
"103",388,125
"103",388,126
"103",389,119
"103",389,120
"103",389,121
"103",389,122
"103",389,123
"103",389,124
"103",389,125
"103",389,126
"103",389,127
"103",390,118
"103",390,119
"103",390,120
"103",390,121
"103",390,122
"103",390,123
"103",390,124
"103",390,125
"103",390,126
"103",390,127
"103",390,128
"103",390,129
"103",391,118
"103",391,119
"103",391,120
"103",391,121
"103",391,122
"103",391,123
"103",391,124
"103",391,125
"103",391,126
"103",391,127
"103",391,128
"103",392,117
"103",392,118
"103",392,119
"103",392,120
"103",392,121
"103",392,122
"103",392,123
"103",392,124
"103",392,125
"103",392,126
"103",392,127
"103",392,128
"103",393,116
"103",393,117
"103",393,118
"103",393,119
"103",393,120
"103",393,121
"103",393,122
"103",393,123
"103",393,124
"103",393,125
"103",393,126
"103",393,127
"103",394,116
"103",394,117
"103",394,118
"103",394,119
"103",394,120
"103",394,121
"103",394,122
"103",394,123
"103",394,124
"103",394,125
"103",395,115
"103",395,116
"103",395,117
"103",395,118
"103",395,119
"103",395,120
"103",395,121
"103",395,122
"103",395,123
"103",395,124
"103",395,125
"103",396,115
"103",396,116
"103",396,117
"4",410,39
"4",411,40
"4",413,41
"4",416,43
"4",418,44
"4",419,45
"4",420,45
"13R-1",96,152
"13R-1",95,153
"13R-1",95,154
"13R-1",94,154
"13R-1",94,155
"13R-1",93,156
"13R-1",93,157
"13R-1",92,158
"13R-1",92,159
"13R-1",91,160
"13R-1",91,161
"13R-1",91,162
"13R-1",90,162
"13R-1",90,163
"13R-1",89,163
"13R-1",89,164
"13R-1",88,164
"13R-1",88,165
"13R-1",88,166
"13R-1",89,166
"13R-1",90,167
"13R-1",91,167
"13R-1",91,168
"13R-1",92,169
"13R-1",93,169
"13R-1",93,170
"13R-1",95,170
"13R-1",96,170
"13R-1",97,170
"13R-1",97,171
"13R-1",98,171
"13R-1",99,171
"13R-1",100,172
"13R-1",101,172
"13R-1",101,173
"13R-1",102,173
"13R-1",102,174
"13R-1",103,175
"13R-1",104,175
"13R-1",105,176
"13R-1",106,176
"13R-1",107,177
"13R-1",108,177
"13R-1",109,178
"13R-1",110,178
"13R-1",111,179
"13R-1",112,179
"13R-1",113,179
"13R-1",114,179
"13R-1",115,179
"13R-1",116,180
"13R-1",117,181
"13R-1",117,182
"13R-1",118,183
"13R-1",119,184
"13R-1",119,183
"13R-1",116,181
"13R-1",115,180
"13R-1",114,180
"13R-1",110,179
"13R-1",112,180
"13R-1",113,180
"13R-1",113,181
"13R-1",114,181
"13R-1",115,182
"13R-1",116,183
"13R-1",117,183
"13R-1",117,184
"13R-1",118,184
"13R-1",120,185
"13R-1",121,185
"13R-1",122,186
"13R-1",123,186
"13R-1",124,187
"13R-1",125,187
"13R-1",125,188
"13R-1",126,188
"13R-1",126,189
"13R-1",127,189
"13R-1",128,189
"13R-1",129,190
"13R-1",130,190
"13R-1",131,190
"13R-1",131,191
"13R-1",131,192
"13R-1",132,193
"13R-1",133,193
"13R-1",134,194
"13R-1",135,194
"13R-1",136,195
"13R-1",136,196
"13R-1",137,196
"13R-1",138,197
"13R-1",139,198
"13R-1",140,199
"13R-1",141,200
"13R-1",141,201
"13R-1",142,202
"13R-1",143,203
"13R-1",144,203
"13R-1",145,204
"13R-1",146,204
"13R-1",147,205
"13R-1",148,205
"13R-1",149,206
"13R-1",150,206
"13R-1",150,207
"13R-1",150,205
"13R-1",151,205
"13R-1",151,206
"13R-1",152,206
"13R-1",152,207
"13R-1",152,205
"13R-1",152,204
"13R-1",153,204
"13R-1",153,205
"13R-1",153,206
"13R-1",154,204
"13R-1",154,203
"13R-1",155,203
"13R-1",155,202
"13R-1",155,201
"13R-1",156,201
"13R-1",156,200
"13R-1",156,199
"13R-1",157,199
"13R-1",157,198
"13R-1",157,197
"83",174,160
"83",174,161
"83",175,161
"83",175,162
"83",176,162
"83",177,162
"83",177,163
"83",178,163
"83",179,163
"83",179,164
"83",180,164
"83",182,165
"83",184,166
"83",202,177
"83",203,178
"83",204,179
"83",205,180
"83",206,180
"83",207,180
"83",207,181
"83",208,181
"83",208,182
"83",209,182
"83",210,182
"83",203,190
"83",202,190
"83",201,189
"83",200,188
"83",199,188
"83",199,187
"83",198,186
"83",197,186
"83",196,186
"83",195,185
"83",194,185
"83",189,182
"83",187,181
"83",174,173
"83",171,171
"83",170,166
"83",170,167
"83",170,168
"83",170,169
"83",171,164
"83",171,165
"83",171,166
"83",171,167
"83",171,168
"83",171,169
"83",171,170
"83",172,162
"83",172,163
"83",172,164
"83",172,165
"83",172,166
"83",172,167
"83",172,168
"83",172,169
"83",172,170
"83",172,171
"83",173,161
"83",173,162
"83",173,163
"83",173,164
"83",173,165
"83",173,166
"83",173,167
"83",173,168
"83",173,169
"83",173,170
"83",173,171
"83",173,172
"83",174,162
"83",174,163
"83",174,164
"83",174,165
"83",174,166
"83",174,167
"83",174,168
"83",174,169
"83",174,170
"83",174,171
"83",174,172
"83",175,163
"83",175,164
"83",175,165
"83",175,166
"83",175,167
"83",175,168
"83",175,169
"83",175,170
"83",175,171
"83",175,172
"83",175,173
"83",176,163
"83",176,164
"83",176,165
"83",176,166
"83",176,167
"83",176,168
"83",176,169
"83",176,170
"83",176,171
"83",176,172
"83",176,173
"83",176,174
"83",177,164
"83",177,165
"83",177,166
"83",177,167
"83",177,168
"83",177,169
"83",177,170
"83",177,171
"83",177,172
"83",177,173
"83",177,174
"83",178,164
"83",178,165
"83",178,166
"83",178,167
"83",178,168
"83",178,169
"83",178,170
"83",178,171
"83",178,172
"83",178,173
"83",178,174
"83",178,175
"83",179,165
"83",179,166
"83",179,167
"83",179,168
"83",179,169
"83",179,170
"83",179,171
"83",179,172
"83",179,173
"83",179,174
"83",179,175
"83",179,176
"83",180,165
"83",180,166
"83",180,167
"83",180,168
"83",180,169
"83",180,170
"83",180,171
"83",180,172
"83",180,173
"83",180,174
"83",180,175
"83",180,176
"83",181,165
"83",181,166
"83",181,167
"83",181,168
"83",181,169
"83",181,170
"83",181,171
"83",181,172
"83",181,173
"83",181,174
"83",181,175
"83",181,176
"83",182,166
"83",182,167
"83",182,168
"83",182,169
"83",182,170
"83",182,171
"83",182,172
"83",182,173
"83",182,174
"83",182,175
"83",182,176
"83",182,177
"83",183,166
"83",183,167
"83",183,168
"83",183,169
"83",183,170
"83",183,171
"83",183,172
"83",183,173
"83",183,174
"83",183,175
"83",183,176
"83",183,177
"83",183,178
"83",184,167
"83",184,168
"83",184,169
"83",184,170
"83",184,171
"83",184,172
"83",184,173
"83",184,174
"83",184,175
"83",184,176
"83",184,177
"83",184,178
"83",184,179
"83",185,167
"83",185,168
"83",185,169
"83",185,170
"83",185,171
"83",185,172
"83",185,173
"83",185,174
"83",185,175
"83",185,176
"83",185,177
"83",185,178
"83",185,179
"83",186,168
"83",186,169
"83",186,170
"83",186,171
"83",186,172
"83",186,173
"83",186,174
"83",186,175
"83",186,176
"83",186,177
"83",186,178
"83",186,179
"83",186,180
"83",187,168
"83",187,169
"83",187,170
"83",187,171
"83",187,172
"83",187,173
"83",187,174
"83",187,175
"83",187,176
"83",187,177
"83",187,178
"83",187,179
"83",187,180
"83",188,169
"83",188,170
"83",188,171
"83",188,172
"83",188,173
"83",188,174
"83",188,175
"83",188,176
"83",188,177
"83",188,178
"83",188,179
"83",188,180
"83",188,181
"83",189,169
"83",189,170
"83",189,171
"83",189,172
"83",189,173
"83",189,174
"83",189,175
"83",189,176
"83",189,177
"83",189,178
"83",189,179
"83",189,180
"83",189,181
"83",190,170
"83",190,171
"83",190,172
"83",190,173
"83",190,174
"83",190,175
"83",190,176
"83",190,177
"83",190,178
"83",190,179
"83",190,180
"83",190,181
"83",190,182
"83",191,171
"83",191,172
"83",191,173
"83",191,174
"83",191,175
"83",191,176
"83",191,177
"83",191,178
"83",191,179
"83",191,180
"83",191,181
"83",191,182
"83",192,171
"83",192,172
"83",192,173
"83",192,174
"83",192,175
"83",192,176
"83",192,177
"83",192,178
"83",192,179
"83",192,180
"83",192,181
"83",192,182
"83",192,183
"83",193,173
"83",193,174
"83",193,175
"83",193,176
"83",193,177
"83",193,178
"83",193,179
"83",193,180
"83",193,181
"83",193,182
"83",193,183
"83",194,173
"83",194,174
"83",194,175
"83",194,176
"83",194,177
"83",194,178
"83",194,179
"83",194,180
"83",194,181
"83",194,182
"83",194,183
"83",194,184
"83",195,174
"83",195,175
"83",195,176
"83",195,177
"83",195,178
"83",195,179
"83",195,180
"83",195,181
"83",195,182
"83",195,183
"83",195,184
"83",196,175
"83",196,176
"83",196,177
"83",196,178
"83",196,179
"83",196,180
"83",196,181
"83",196,182
"83",196,183
"83",196,184
"83",196,185
"83",197,175
"83",197,176
"83",197,177
"83",197,178
"83",197,179
"83",197,180
"83",197,181
"83",197,182
"83",197,183
"83",197,184
"83",197,185
"83",198,175
"83",198,176
"83",198,177
"83",198,178
"83",198,179
"83",198,180
"83",198,181
"83",198,182
"83",198,183
"83",198,184
"83",198,185
"83",199,176
"83",199,177
"83",199,178
"83",199,179
"83",199,180
"83",199,181
"83",199,182
"83",199,183
"83",199,184
"83",199,185
"83",199,186
"83",200,176
"83",200,177
"83",200,178
"83",200,179
"83",200,180
"83",200,181
"83",200,182
"83",200,183
"83",200,184
"83",200,185
"83",200,186
"83",200,187
"83",201,177
"83",201,178
"83",201,179
"83",201,180
"83",201,181
"83",201,182
"83",201,183
"83",201,184
"83",201,185
"83",201,186
"83",201,187
"83",201,188
"83",202,178
"83",202,179
"83",202,180
"83",202,181
"83",202,182
"83",202,183
"83",202,184
"83",202,185
"83",202,186
"83",202,187
"83",202,188
"83",202,189
"83",203,179
"83",203,180
"83",203,181
"83",203,182
"83",203,183
"83",203,184
"83",203,185
"83",203,186
"83",203,187
"83",203,188
"83",203,189
"83",204,180
"83",204,181
"83",204,182
"83",204,183
"83",204,184
"83",204,185
"83",204,186
"83",204,187
"83",204,188
"83",204,189
"83",204,190
"83",205,181
"83",205,182
"83",205,183
"83",205,184
"83",205,185
"83",205,186
"83",205,187
"83",205,188
"83",205,189
"83",205,190
"83",206,181
"83",206,182
"83",206,183
"83",206,184
"83",206,185
"83",206,186
"83",206,187
"83",206,188
"83",206,189
"83",207,182
"83",207,183
"83",207,184
"83",207,185
"83",207,186
"83",207,187
"83",207,188
"83",208,183
"83",208,184
"83",208,185
"83",208,186
"83",209,183
"83",209,184
"83",209,185
"83",210,183
"83",211,183
"83",210,184
"83",170,165
"83",169,166
"83",168,168
"83",170,171
"83",169,168
"83",169,167
"83",169,169
"83",170,170
"83",193,172
"83",196,174
"83",195,173
"83",181,177
"83",188,182
"83",191,183
"83",193,184
"83",204,191
"83",198,187
"83",185,180
"83",177,175
"83",205,179
"83",210,185
"83",210,186
"83",209,186
"83",209,187
"83",206,192
"83",205,192
"83",205,191
"83",207,189
"83",208,188
"83",208,187
"83",206,190
"83",206,191
"83",211,184
"83",208,189
"83",207,190
"83",207,191
"83",190,183
"83",192,184
"83",173,160
"83",167,168
"83",168,167
"83",169,165
"83",170,164
"83",170,163
"83",171,162
"83",172,161
"83",171,163
"83",178,176
"83",182,178
"83",183,179
"83",186,181
"83",180,177
"83",167,169
"83",168,169
"83",169,170
"83",172,172
"83",175,174
"13-R2",211,231
"13-R2",211,232
"13-R2",211,233
"13-R2",211,234
"13-R2",211,235
"13-R2",211,236
"13-R2",211,237
"13-R2",211,238
"13-R2",211,239
"13-R2",211,240
"13-R2",211,241
"13-R2",212,225
"13-R2",212,226
"13-R2",212,227
"13-R2",212,228
"13-R2",212,229
"13-R2",212,230
"13-R2",212,231
"13-R2",212,232
"13-R2",212,233
"13-R2",212,234
"13-R2",212,235
"13-R2",212,236
"13-R2",212,237
"13-R2",212,238
"13-R2",212,239
"13-R2",212,240
"13-R2",213,225
"13-R2",213,226
"13-R2",213,227
"13-R2",213,228
"13-R2",213,229
"13-R2",213,230
"13-R2",213,231
"13-R2",213,232
"13-R2",213,233
"13-R2",213,234
"13-R2",213,235
"13-R2",213,236
"13-R2",213,237
"13-R2",213,238
"13-R2",213,239
"13-R2",214,226
"13-R2",214,227
"13-R2",214,228
"13-R2",214,229
"13-R2",214,230
"13-R2",214,231
"13-R2",214,232
"13-R2",214,233
"13-R2",214,234
"13-R2",214,235
"13-R2",214,236
"13-R2",215,226
"13-R2",215,227
"13-R2",215,228
"13-R2",215,229
"13-R2",215,230
"13-R2",215,231
"13-R2",215,232
"13-R2",215,233
"13-R2",215,234
"13-R2",216,227
"13-R2",216,228
"13-R2",216,229
"13-R2",216,230
"13-R2",216,231
"13-R2",216,232
"13-R2",217,228
"13-R2",217,229
"13-R2",217,230
"13-R2",165,194
"13-R2",166,195
"13-R2",167,196
"13-R2",168,196
"13-R2",168,197
"13-R2",169,197
"13-R2",170,197
"13-R2",170,198
"13-R2",171,199
"13-R2",172,199
"13-R2",173,199
"13-R2",173,200
"13-R2",174,200
"13-R2",175,200
"13-R2",176,201
"13-R2",177,202
"13-R2",178,202
"13-R2",178,203
"13-R2",179,203
"13-R2",179,204
"13-R2",180,204
"13-R2",181,204
"13-R2",188,208
"13-R2",190,209
"13-R2",191,210
"13-R2",192,211
"13-R2",193,211
"13-R2",194,212
"13-R2",195,213
"13-R2",196,213
"13-R2",197,214
"13-R2",198,214
"13-R2",199,215
"13-R2",200,216
"13-R2",203,218
"13-R2",204,218
"13-R2",205,219
"13-R2",206,220
"13-R2",207,221
"13-R2",208,221
"13-R2",209,222
"13-R2",175,201
"13-R2",182,205
"13-R2",183,205
"13-R2",183,206
"13-R2",184,206
"13-R2",185,206
"13-R2",185,207
"13-R2",186,207
"13-R2",186,208
"13-R2",187,208
"13-R2",188,209
"13-R2",189,209
"13-R2",190,210
"13-R2",193,212
"13-R2",194,213
"13-R2",196,214
"13-R2",197,215
"13-R2",198,215
"13-R2",199,216
"13-R2",201,217
"13-R2",210,223
"13-R2",187,209
"13-R2",184,207
"13-R2",182,206
"13-R2",181,205
"13-R2",177,203
"13-R2",176,202
"13-R2",174,201
"13-R2",200,238
"13-R2",185,229
"13-R2",171,198
"13-R2",172,198
"13-R2",219,229
"13-R2",217,227
"13-R2",217,226
"13-R2",216,226
"13-R2",216,225
"13-R2",215,225
"13-R2",215,224
"13-R2",216,224
"13-R2",215,223
"13-R2",215,222
"13-R2",214,222
"13-R2",213,222
"13-R2",213,221
"13-R2",212,221
"13-R2",211,221
"13-R2",210,220
"13-R2",209,220
"13-R2",209,219
"13-R2",208,219
"13-R2",208,218
"13-R2",207,217
"13-R2",206,217
"13-R2",205,217
"13-R2",205,216
"13-R2",206,216
"13-R2",207,216
"13-R2",207,215
"13-R2",207,214
"13-R2",206,214
"13-R2",205,214
"13-R2",205,213
"13-R2",204,213
"13-R2",204,212
"13-R2",203,212
"13-R2",202,212
"13-R2",202,211
"13-R2",201,211
"13-R2",200,211
"13-R2",200,210
"13-R2",199,210
"13-R2",199,209
"13-R2",198,209
"13-R2",197,209
"13-R2",196,208
"13-R2",195,207
"13-R2",194,207
"13-R2",194,206
"13-R2",193,206
"13-R2",193,205
"13-R2",192,205
"13-R2",191,205
"13-R2",191,204
"13-R2",190,204
"13-R2",189,204
"13-R2",189,203
"13-R2",188,203
"81",212,185
"81",213,185
"81",214,185
"81",214,186
"81",215,186
"81",216,186
"81",216,187
"81",217,188
"81",218,188
"81",219,188
"81",219,189
"81",220,189
"81",222,190
"81",223,190
"81",225,191
"81",225,192
"81",226,192
"81",226,193
"81",227,193
"81",227,194
"81",228,194
"81",229,194
"81",230,194
"81",231,195
"81",232,195
"81",232,196
"81",233,196
"81",233,197
"81",234,197
"81",235,198
"81",236,198
"81",236,199
"81",236,200
"81",235,201
"81",235,202
"81",234,202
"81",234,203
"81",233,204
"81",233,205
"81",232,205
"81",232,206
"81",231,206
"81",231,207
"81",230,206
"81",228,205
"81",227,204
"81",226,204
"81",225,203
"81",224,203
"81",224,202
"81",223,202
"81",222,201
"81",221,201
"81",220,200
"81",219,200
"81",219,199
"81",218,199
"81",217,198
"81",216,198
"81",215,197
"81",213,196
"81",209,193
"81",210,188
"81",210,187
"81",211,186
"81",208,191
"81",208,192
"81",209,189
"81",209,190
"81",209,191
"81",209,192
"81",210,189
"81",210,190
"81",210,191
"81",210,192
"81",210,193
"81",210,194
"81",211,187
"81",211,188
"81",211,189
"81",211,190
"81",211,191
"81",211,192
"81",211,193
"81",211,194
"81",212,186
"81",212,187
"81",212,188
"81",212,189
"81",212,190
"81",212,191
"81",212,192
"81",212,193
"81",212,194
"81",212,195
"81",213,186
"81",213,187
"81",213,188
"81",213,189
"81",213,190
"81",213,191
"81",213,192
"81",213,193
"81",213,194
"81",213,195
"81",214,187
"81",214,188
"81",214,189
"81",214,190
"81",214,191
"81",214,192
"81",214,193
"81",214,194
"81",214,195
"81",214,196
"81",215,187
"81",215,188
"81",215,189
"81",215,190
"81",215,191
"81",215,192
"81",215,193
"81",215,194
"81",215,195
"81",215,196
"81",216,188
"81",216,189
"81",216,190
"81",216,191
"81",216,192
"81",216,193
"81",216,194
"81",216,195
"81",216,196
"81",216,197
"81",217,189
"81",217,190
"81",217,191
"81",217,192
"81",217,193
"81",217,194
"81",217,195
"81",217,196
"81",217,197
"81",218,189
"81",218,190
"81",218,191
"81",218,192
"81",218,193
"81",218,194
"81",218,195
"81",218,196
"81",218,197
"81",218,198
"81",219,190
"81",219,191
"81",219,192
"81",219,193
"81",219,194
"81",219,195
"81",219,196
"81",219,197
"81",219,198
"81",220,190
"81",220,191
"81",220,192
"81",220,193
"81",220,194
"81",220,195
"81",220,196
"81",220,197
"81",220,198
"81",220,199
"81",221,190
"81",221,191
"81",221,192
"81",221,193
"81",221,194
"81",221,195
"81",221,196
"81",221,197
"81",221,198
"81",221,199
"81",221,200
"81",222,191
"81",222,192
"81",222,193
"81",222,194
"81",222,195
"81",222,196
"81",222,197
"81",222,198
"81",222,199
"81",222,200
"81",223,191
"81",223,192
"81",223,193
"81",223,194
"81",223,195
"81",223,196
"81",223,197
"81",223,198
"81",223,199
"81",223,200
"81",223,201
"81",224,191
"81",224,192
"81",224,193
"81",224,194
"81",224,195
"81",224,196
"81",224,197
"81",224,198
"81",224,199
"81",224,200
"81",224,201
"81",225,193
"81",225,194
"81",225,195
"81",225,196
"81",225,197
"81",225,198
"81",225,199
"81",225,200
"81",225,201
"81",225,202
"81",226,194
"81",226,195
"81",226,196
"81",226,197
"81",226,198
"81",226,199
"81",226,200
"81",226,201
"81",226,202
"81",226,203
"81",227,195
"81",227,196
"81",227,197
"81",227,198
"81",227,199
"81",227,200
"81",227,201
"81",227,202
"81",227,203
"81",228,195
"81",228,196
"81",228,197
"81",228,198
"81",228,199
"81",228,200
"81",228,201
"81",228,202
"81",228,203
"81",228,204
"81",229,195
"81",229,196
"81",229,197
"81",229,198
"81",229,199
"81",229,200
"81",229,201
"81",229,202
"81",229,203
"81",229,204
"81",229,205
"81",230,195
"81",230,196
"81",230,197
"81",230,198
"81",230,199
"81",230,200
"81",230,201
"81",230,202
"81",230,203
"81",230,204
"81",230,205
"81",231,196
"81",231,197
"81",231,198
"81",231,199
"81",231,200
"81",231,201
"81",231,202
"81",231,203
"81",231,204
"81",231,205
"81",232,197
"81",232,198
"81",232,199
"81",232,200
"81",232,201
"81",232,202
"81",232,203
"81",232,204
"81",233,198
"81",233,199
"81",233,200
"81",233,201
"81",233,202
"81",233,203
"81",234,198
"81",234,199
"81",234,200
"81",234,201
"81",235,199
"81",235,200
"81",213,184
"81",217,187
"81",218,187
"81",228,193
"81",229,206
"81",227,205
"81",222,202
"81",220,201
"81",208,193
"81",207,192
"81",208,190
"81",209,188
"81",211,185
"81",212,184
"81",221,189
"81",225,204
"81",223,203
"81",237,199
"81",236,201
"81",234,204
"81",233,206
"81",232,207
"84",220,201
"84",220,202
"84",219,203
"84",219,204
"84",218,204
"84",218,205
"84",217,205
"84",217,206
"84",217,207
"84",216,207
"84",216,208
"84",215,208
"84",215,209
"84",214,209
"84",214,210
"84",213,210
"84",213,211
"84",212,210
"84",211,210
"84",210,210
"84",209,211
"84",210,211
"84",211,211
"84",212,212
"84",213,213
"84",214,213
"84",214,214
"84",215,214
"84",216,215
"84",217,215
"84",218,216
"84",219,216
"84",219,217
"84",220,217
"84",221,218
"84",223,219
"84",224,219
"84",225,220
"84",226,221
"84",227,221
"84",228,222
"84",229,222
"84",230,221
"84",231,220
"84",231,219
"84",231,218
"84",232,218
"84",232,217
"84",232,216
"84",233,216
"84",233,215
"84",234,215
"84",234,214
"84",234,213
"84",235,213
"84",235,212
"84",236,212
"84",236,211
"84",235,210
"84",234,209
"84",233,209
"84",233,208
"84",231,207
"84",230,207
"84",229,206
"84",228,206
"84",228,205
"84",227,205
"84",226,205
"84",226,204
"84",225,204
"84",224,204
"84",224,203
"84",223,203
"84",222,203
"84",222,202
"84",221,202
"84",212,211
"84",213,212
"84",214,211
"84",214,212
"84",215,210
"84",215,211
"84",215,212
"84",215,213
"84",216,209
"84",216,210
"84",216,211
"84",216,212
"84",216,213
"84",216,214
"84",217,208
"84",217,209
"84",217,210
"84",217,211
"84",217,212
"84",217,213
"84",217,214
"84",218,206
"84",218,207
"84",218,208
"84",218,209
"84",218,210
"84",218,211
"84",218,212
"84",218,213
"84",218,214
"84",218,215
"84",219,202
"84",219,205
"84",219,206
"84",219,207
"84",219,208
"84",219,209
"84",219,210
"84",219,211
"84",219,212
"84",219,213
"84",219,214
"84",219,215
"84",220,203
"84",220,204
"84",220,205
"84",220,206
"84",220,207
"84",220,208
"84",220,209
"84",220,210
"84",220,211
"84",220,212
"84",220,213
"84",220,214
"84",220,215
"84",220,216
"84",221,203
"84",221,204
"84",221,205
"84",221,206
"84",221,207
"84",221,208
"84",221,209
"84",221,210
"84",221,211
"84",221,212
"84",221,213
"84",221,214
"84",221,215
"84",221,216
"84",221,217
"84",222,204
"84",222,205
"84",222,206
"84",222,207
"84",222,208
"84",222,209
"84",222,210
"84",222,211
"84",222,212
"84",222,213
"84",222,214
"84",222,215
"84",222,216
"84",222,217
"84",222,218
"84",223,204
"84",223,205
"84",223,206
"84",223,207
"84",223,208
"84",223,209
"84",223,210
"84",223,211
"84",223,212
"84",223,213
"84",223,214
"84",223,215
"84",223,216
"84",223,217
"84",223,218
"84",224,205
"84",224,206
"84",224,207
"84",224,208
"84",224,209
"84",224,210
"84",224,211
"84",224,212
"84",224,213
"84",224,214
"84",224,215
"84",224,216
"84",224,217
"84",224,218
"84",225,205
"84",225,206
"84",225,207
"84",225,208
"84",225,209
"84",225,210
"84",225,211
"84",225,212
"84",225,213
"84",225,214
"84",225,215
"84",225,216
"84",225,217
"84",225,218
"84",225,219
"84",226,206
"84",226,207
"84",226,208
"84",226,209
"84",226,210
"84",226,211
"84",226,212
"84",226,213
"84",226,214
"84",226,215
"84",226,216
"84",226,217
"84",226,218
"84",226,219
"84",226,220
"84",227,206
"84",227,207
"84",227,208
"84",227,209
"84",227,210
"84",227,211
"84",227,212
"84",227,213
"84",227,214
"84",227,215
"84",227,216
"84",227,217
"84",227,218
"84",227,219
"84",227,220
"84",228,207
"84",228,208
"84",228,209
"84",228,210
"84",228,211
"84",228,212
"84",228,213
"84",228,214
"84",228,215
"84",228,216
"84",228,217
"84",228,218
"84",228,219
"84",228,220
"84",228,221
"84",229,207
"84",229,208
"84",229,209
"84",229,210
"84",229,211
"84",229,212
"84",229,213
"84",229,214
"84",229,215
"84",229,216
"84",229,217
"84",229,218
"84",229,219
"84",229,220
"84",229,221
"84",230,208
"84",230,209
"84",230,210
"84",230,211
"84",230,212
"84",230,213
"84",230,214
"84",230,215
"84",230,216
"84",230,217
"84",230,218
"84",230,219
"84",230,220
"84",231,208
"84",231,209
"84",231,210
"84",231,211
"84",231,212
"84",231,213
"84",231,214
"84",231,215
"84",231,216
"84",231,217
"84",232,208
"84",232,209
"84",232,210
"84",232,211
"84",232,212
"84",232,213
"84",232,214
"84",232,215
"84",233,210
"84",233,211
"84",233,212
"84",233,213
"84",233,214
"84",234,210
"84",234,211
"84",234,212
"84",235,211
"84",209,210
"84",209,209
"84",208,210
"84",208,209
"84",227,222
"84",224,220
"84",222,219
"84",223,220
"84",220,218
"84",217,216
"84",212,213
"84",211,212
"84",210,209
"84",208,211
"84",236,210
"84",233,217
"84",232,219
"84",237,211
"84",230,222
"84",229,223
"84",225,221
"79",238,199
"79",239,200
"79",240,200
"79",241,201
"79",242,201
"79",243,202
"79",244,202
"79",245,203
"79",246,203
"79",248,204
"79",251,206
"79",251,207
"79",252,207
"79",252,208
"79",253,208
"79",254,209
"79",255,209
"79",256,210
"79",258,211
"79",259,212
"79",260,213
"79",261,214
"79",262,215
"79",263,215
"79",263,216
"79",264,216
"79",265,216
"79",266,217
"79",267,217
"79",267,218
"79",268,218
"79",268,219
"79",269,219
"79",270,220
"79",271,220
"79",272,221
"79",273,222
"79",274,223
"79",275,224
"79",276,225
"79",277,225
"79",277,226
"79",278,227
"79",279,228
"79",280,228
"79",280,229
"79",281,229
"79",285,233
"79",286,238
"79",285,238
"79",285,239
"79",284,240
"79",283,241
"79",281,242
"79",280,241
"79",279,240
"79",277,238
"79",276,237
"79",266,229
"79",265,228
"79",264,227
"79",263,227
"79",263,226
"79",262,226
"79",261,225
"79",260,225
"79",260,224
"79",259,224
"79",258,223
"79",257,223
"79",256,222
"79",254,221
"79",246,216
"79",233,207
"79",233,206
"79",234,205
"79",234,204
"79",235,204
"79",235,203
"79",235,202
"79",236,202
"79",236,201
"79",237,200
"79",234,206
"79",234,207
"79",235,205
"79",235,206
"79",235,207
"79",235,208
"79",236,203
"79",236,204
"79",236,205
"79",236,206
"79",236,207
"79",236,208
"79",236,209
"79",237,201
"79",237,202
"79",237,203
"79",237,204
"79",237,205
"79",237,206
"79",237,207
"79",237,208
"79",237,209
"79",238,200
"79",238,201
"79",238,202
"79",238,203
"79",238,204
"79",238,205
"79",238,206
"79",238,207
"79",238,208
"79",238,209
"79",238,210
"79",239,201
"79",239,202
"79",239,203
"79",239,204
"79",239,205
"79",239,206
"79",239,207
"79",239,208
"79",239,209
"79",239,210
"79",239,211
"79",240,201
"79",240,202
"79",240,203
"79",240,204
"79",240,205
"79",240,206
"79",240,207
"79",240,208
"79",240,209
"79",240,210
"79",240,211
"79",241,202
"79",241,203
"79",241,204
"79",241,205
"79",241,206
"79",241,207
"79",241,208
"79",241,209
"79",241,210
"79",241,211
"79",241,212
"79",242,202
"79",242,203
"79",242,204
"79",242,205
"79",242,206
"79",242,207
"79",242,208
"79",242,209
"79",242,210
"79",242,211
"79",242,212
"79",243,203
"79",243,204
"79",243,205
"79",243,206
"79",243,207
"79",243,208
"79",243,209
"79",243,210
"79",243,211
"79",243,212
"79",244,203
"79",244,204
"79",244,205
"79",244,206
"79",244,207
"79",244,208
"79",244,209
"79",244,210
"79",244,211
"79",244,212
"79",244,213
"79",245,204
"79",245,205
"79",245,206
"79",245,207
"79",245,208
"79",245,209
"79",245,210
"79",245,211
"79",245,212
"79",245,213
"79",245,214
"79",246,204
"79",246,205
"79",246,206
"79",246,207
"79",246,208
"79",246,209
"79",246,210
"79",246,211
"79",246,212
"79",246,213
"79",246,214
"79",246,215
"79",247,204
"79",247,205
"79",247,206
"79",247,207
"79",247,208
"79",247,209
"79",247,210
"79",247,211
"79",247,212
"79",247,213
"79",247,214
"79",247,215
"79",247,216
"79",248,205
"79",248,206
"79",248,207
"79",248,208
"79",248,209
"79",248,210
"79",248,211
"79",248,212
"79",248,213
"79",248,214
"79",248,215
"79",248,216
"79",248,217
"79",249,205
"79",249,206
"79",249,207
"79",249,208
"79",249,209
"79",249,210
"79",249,211
"79",249,212
"79",249,213
"79",249,214
"79",249,215
"79",249,216
"79",249,217
"79",249,218
"79",250,206
"79",250,207
"79",250,208
"79",250,209
"79",250,210
"79",250,211
"79",250,212
"79",250,213
"79",250,214
"79",250,215
"79",250,216
"79",250,217
"79",250,218
"79",251,208
"79",251,209
"79",251,210
"79",251,211
"79",251,212
"79",251,213
"79",251,214
"79",251,215
"79",251,216
"79",251,217
"79",251,218
"79",251,219
"79",252,209
"79",252,210
"79",252,211
"79",252,212
"79",252,213
"79",252,214
"79",252,215
"79",252,216
"79",252,217
"79",252,218
"79",252,219
"79",253,209
"79",253,210
"79",253,211
"79",253,212
"79",253,213
"79",253,214
"79",253,215
"79",253,216
"79",253,217
"79",253,218
"79",253,219
"79",253,220
"79",254,210
"79",254,211
"79",254,212
"79",254,213
"79",254,214
"79",254,215
"79",254,216
"79",254,217
"79",254,218
"79",254,219
"79",254,220
"79",255,210
"79",255,211
"79",255,212
"79",255,213
"79",255,214
"79",255,215
"79",255,216
"79",255,217
"79",255,218
"79",255,219
"79",255,220
"79",255,221
"79",256,211
"79",256,212
"79",256,213
"79",256,214
"79",256,215
"79",256,216
"79",256,217
"79",256,218
"79",256,219
"79",256,220
"79",256,221
"79",257,211
"79",257,212
"79",257,213
"79",257,214
"79",257,215
"79",257,216
"79",257,217
"79",257,218
"79",257,219
"79",257,220
"79",257,221
"79",257,222
"79",258,212
"79",258,213
"79",258,214
"79",258,215
"79",258,216
"79",258,217
"79",258,218
"79",258,219
"79",258,220
"79",258,221
"79",258,222
"79",259,213
"79",259,214
"79",259,215
"79",259,216
"79",259,217
"79",259,218
"79",259,219
"79",259,220
"79",259,221
"79",259,222
"79",259,223
"79",260,214
"79",260,215
"79",260,216
"79",260,217
"79",260,218
"79",260,219
"79",260,220
"79",260,221
"79",260,222
"79",260,223
"79",261,215
"79",261,216
"79",261,217
"79",261,218
"79",261,219
"79",261,220
"79",261,221
"79",261,222
"79",261,223
"79",261,224
"79",262,216
"79",262,217
"79",262,218
"79",262,219
"79",262,220
"79",262,221
"79",262,222
"79",262,223
"79",262,224
"79",262,225
"79",263,217
"79",263,218
"79",263,219
"79",263,220
"79",263,221
"79",263,222
"79",263,223
"79",263,224
"79",263,225
"79",264,217
"79",264,218
"79",264,219
"79",264,220
"79",264,221
"79",264,222
"79",264,223
"79",264,224
"79",264,225
"79",264,226
"79",265,217
"79",265,218
"79",265,219
"79",265,220
"79",265,221
"79",265,222
"79",265,223
"79",265,224
"79",265,225
"79",265,226
"79",265,227
"79",266,218
"79",266,219
"79",266,220
"79",266,221
"79",266,222
"79",266,223
"79",266,224
"79",266,225
"79",266,226
"79",266,227
"79",266,228
"79",267,219
"79",267,220
"79",267,221
"79",267,222
"79",267,223
"79",267,224
"79",267,225
"79",267,226
"79",267,227
"79",267,228
"79",267,229
"79",268,220
"79",268,221
"79",268,222
"79",268,223
"79",268,224
"79",268,225
"79",268,226
"79",268,227
"79",268,228
"79",268,229
"79",268,230
"79",269,220
"79",269,221
"79",269,222
"79",269,223
"79",269,224
"79",269,225
"79",269,226
"79",269,227
"79",269,228
"79",269,229
"79",269,230
"79",269,231
"79",270,221
"79",270,222
"79",270,223
"79",270,224
"79",270,225
"79",270,226
"79",270,227
"79",270,228
"79",270,229
"79",270,230
"79",270,231
"79",270,232
"79",271,221
"79",271,222
"79",271,223
"79",271,224
"79",271,225
"79",271,226
"79",271,227
"79",271,228
"79",271,229
"79",271,230
"79",271,231
"79",271,232
"79",271,233
"79",272,222
"79",272,223
"79",272,224
"79",272,225
"79",272,226
"79",272,227
"79",272,228
"79",272,229
"79",272,230
"79",272,231
"79",272,232
"79",272,233
"79",272,234
"79",273,223
"79",273,224
"79",273,225
"79",273,226
"79",273,227
"79",273,228
"79",273,229
"79",273,230
"79",273,231
"79",273,232
"79",273,233
"79",273,234
"79",274,224
"79",274,225
"79",274,226
"79",274,227
"79",274,228
"79",274,229
"79",274,230
"79",274,231
"79",274,232
"79",274,233
"79",274,234
"79",274,235
"79",275,225
"79",275,226
"79",275,227
"79",275,228
"79",275,229
"79",275,230
"79",275,231
"79",275,232
"79",275,233
"79",275,234
"79",275,235
"79",275,236
"79",276,226
"79",276,227
"79",276,228
"79",276,229
"79",276,230
"79",276,231
"79",276,232
"79",276,233
"79",276,234
"79",276,235
"79",276,236
"79",277,227
"79",277,228
"79",277,229
"79",277,230
"79",277,231
"79",277,232
"79",277,233
"79",277,234
"79",277,235
"79",277,236
"79",277,237
"79",278,228
"79",278,229
"79",278,230
"79",278,231
"79",278,232
"79",278,233
"79",278,234
"79",278,235
"79",278,236
"79",278,237
"79",278,238
"79",279,229
"79",279,230
"79",279,231
"79",279,232
"79",279,233
"79",279,234
"79",279,235
"79",279,236
"79",279,237
"79",279,238
"79",279,239
"79",280,230
"79",280,231
"79",280,232
"79",280,233
"79",280,234
"79",280,235
"79",280,236
"79",280,237
"79",280,238
"79",280,239
"79",280,240
"79",281,230
"79",281,231
"79",281,232
"79",281,233
"79",281,234
"79",281,235
"79",281,236
"79",281,237
"79",281,238
"79",281,239
"79",281,240
"79",281,241
"79",282,231
"79",282,232
"79",282,233
"79",282,234
"79",282,235
"79",282,236
"79",282,237
"79",282,238
"79",282,239
"79",282,240
"79",282,241
"79",283,231
"79",283,232
"79",283,233
"79",283,234
"79",283,235
"79",283,236
"79",283,237
"79",283,238
"79",283,239
"79",283,240
"79",284,232
"79",284,233
"79",284,234
"79",284,235
"79",284,236
"79",284,237
"79",284,238
"79",284,239
"79",285,234
"79",285,235
"79",285,236
"79",285,237
"79",286,234
"79",286,235
"79",286,236
"79",286,237
"79",287,235
"79",287,236
"79",261,213
"79",262,214
"79",263,214
"79",264,215
"79",266,216
"79",269,218
"79",270,219
"79",273,221
"79",274,222
"79",276,224
"79",275,223
"79",278,226
"79",271,219
"79",272,220
"79",268,217
"79",265,215
"79",279,227
"79",282,230
"79",243,213
"79",244,214
"79",244,215
"79",245,215
"79",242,213
"79",243,214
"79",234,208
"79",237,210
"79",278,239
"79",287,237
"79",288,236
"79",273,235
"79",274,236
"79",260,212
"79",282,242
"79",235,209
"79",238,211
"79",240,212
"80",274,238
"80",274,239
"80",273,239
"80",273,240
"80",272,240
"80",272,241
"80",271,242
"80",270,242
"80",270,243
"80",269,243
"80",268,243
"80",268,242
"80",267,242
"80",267,241
"80",266,241
"80",265,240
"80",264,239
"80",263,238
"80",262,237
"80",261,236
"80",258,234
"80",257,233
"80",256,233
"80",256,232
"80",255,232
"80",254,231
"80",253,231
"80",252,230
"80",251,230
"80",250,229
"80",249,228
"80",248,228
"80",247,227
"80",246,226
"80",245,226
"80",244,226
"80",243,226
"80",243,227
"80",242,227
"80",242,226
"80",241,226
"80",241,227
"80",240,226
"80",239,226
"80",239,227
"80",239,228
"80",239,229
"80",237,229
"80",236,230
"80",235,229
"80",235,228
"80",234,228
"80",234,227
"80",233,227
"80",233,226
"80",232,226
"80",231,226
"80",231,225
"80",230,225
"80",230,224
"80",229,224
"80",231,221
"80",232,220
"80",233,220
"80",233,219
"80",233,218
"80",234,218
"80",234,217
"80",235,216
"80",235,215
"80",236,215
"80",235,217
"80",234,216
"80",236,213
"80",238,212
"80",239,212
"80",239,213
"80",240,213
"80",241,213
"80",241,214
"80",242,214
"80",242,215
"80",243,215
"80",244,216
"80",245,216
"80",245,217
"80",246,217
"80",247,217
"80",248,218
"80",249,218
"80",250,219
"80",251,219
"80",251,220
"80",251,221
"80",252,221
"80",253,222
"80",254,222
"80",254,223
"80",255,223
"80",255,224
"80",256,224
"80",256,225
"80",257,225
"80",258,225
"80",259,225
"80",260,225
"80",260,226
"80",261,226
"80",261,227
"80",262,227
"80",262,228
"80",263,228
"80",263,229
"80",264,230
"80",265,231
"80",265,232
"80",266,232
"80",267,232
"80",268,232
"80",269,232
"80",269,233
"80",271,235
"80",272,236
"80",230,223
"80",231,222
"80",231,223
"80",231,224
"80",232,221
"80",232,222
"80",232,223
"80",232,224
"80",232,225
"80",233,221
"80",233,222
"80",233,223
"80",233,224
"80",233,225
"80",234,219
"80",234,220
"80",234,221
"80",234,222
"80",234,223
"80",234,224
"80",234,225
"80",234,226
"80",235,218
"80",235,219
"80",235,220
"80",235,221
"80",235,222
"80",235,223
"80",235,224
"80",235,225
"80",235,226
"80",235,227
"80",236,214
"80",236,216
"80",236,217
"80",236,218
"80",236,219
"80",236,220
"80",236,221
"80",236,222
"80",236,223
"80",236,224
"80",236,225
"80",236,226
"80",236,227
"80",236,228
"80",236,229
"80",237,213
"80",237,214
"80",237,215
"80",237,216
"80",237,217
"80",237,218
"80",237,219
"80",237,220
"80",237,221
"80",237,222
"80",237,223
"80",237,224
"80",237,225
"80",237,226
"80",237,227
"80",237,228
"80",238,213
"80",238,214
"80",238,215
"80",238,216
"80",238,217
"80",238,218
"80",238,219
"80",238,220
"80",238,221
"80",238,222
"80",238,223
"80",238,224
"80",238,225
"80",238,226
"80",238,227
"80",238,228
"80",239,214
"80",239,215
"80",239,216
"80",239,217
"80",239,218
"80",239,219
"80",239,220
"80",239,221
"80",239,222
"80",239,223
"80",239,224
"80",239,225
"80",240,214
"80",240,215
"80",240,216
"80",240,217
"80",240,218
"80",240,219
"80",240,220
"80",240,221
"80",240,222
"80",240,223
"80",240,224
"80",240,225
"80",241,215
"80",241,216
"80",241,217
"80",241,218
"80",241,219
"80",241,220
"80",241,221
"80",241,222
"80",241,223
"80",241,224
"80",241,225
"80",242,216
"80",242,217
"80",242,218
"80",242,219
"80",242,220
"80",242,221
"80",242,222
"80",242,223
"80",242,224
"80",242,225
"80",243,216
"80",243,217
"80",243,218
"80",243,219
"80",243,220
"80",243,221
"80",243,222
"80",243,223
"80",243,224
"80",243,225
"80",244,217
"80",244,218
"80",244,219
"80",244,220
"80",244,221
"80",244,222
"80",244,223
"80",244,224
"80",244,225
"80",245,218
"80",245,219
"80",245,220
"80",245,221
"80",245,222
"80",245,223
"80",245,224
"80",245,225
"80",246,218
"80",246,219
"80",246,220
"80",246,221
"80",246,222
"80",246,223
"80",246,224
"80",246,225
"80",247,218
"80",247,219
"80",247,220
"80",247,221
"80",247,222
"80",247,223
"80",247,224
"80",247,225
"80",247,226
"80",248,219
"80",248,220
"80",248,221
"80",248,222
"80",248,223
"80",248,224
"80",248,225
"80",248,226
"80",248,227
"80",249,219
"80",249,220
"80",249,221
"80",249,222
"80",249,223
"80",249,224
"80",249,225
"80",249,226
"80",249,227
"80",250,220
"80",250,221
"80",250,222
"80",250,223
"80",250,224
"80",250,225
"80",250,226
"80",250,227
"80",250,228
"80",251,222
"80",251,223
"80",251,224
"80",251,225
"80",251,226
"80",251,227
"80",251,228
"80",251,229
"80",252,222
"80",252,223
"80",252,224
"80",252,225
"80",252,226
"80",252,227
"80",252,228
"80",252,229
"80",253,223
"80",253,224
"80",253,225
"80",253,226
"80",253,227
"80",253,228
"80",253,229
"80",253,230
"80",254,224
"80",254,225
"80",254,226
"80",254,227
"80",254,228
"80",254,229
"80",254,230
"80",255,225
"80",255,226
"80",255,227
"80",255,228
"80",255,229
"80",255,230
"80",255,231
"80",256,226
"80",256,227
"80",256,228
"80",256,229
"80",256,230
"80",256,231
"80",257,226
"80",257,227
"80",257,228
"80",257,229
"80",257,230
"80",257,231
"80",257,232
"80",258,226
"80",258,227
"80",258,228
"80",258,229
"80",258,230
"80",258,231
"80",258,232
"80",258,233
"80",259,226
"80",259,227
"80",259,228
"80",259,229
"80",259,230
"80",259,231
"80",259,232
"80",259,233
"80",259,234
"80",260,227
"80",260,228
"80",260,229
"80",260,230
"80",260,231
"80",260,232
"80",260,233
"80",260,234
"80",260,235
"80",261,228
"80",261,229
"80",261,230
"80",261,231
"80",261,232
"80",261,233
"80",261,234
"80",261,235
"80",262,229
"80",262,230
"80",262,231
"80",262,232
"80",262,233
"80",262,234
"80",262,235
"80",262,236
"80",263,230
"80",263,231
"80",263,232
"80",263,233
"80",263,234
"80",263,235
"80",263,236
"80",263,237
"80",264,231
"80",264,232
"80",264,233
"80",264,234
"80",264,235
"80",264,236
"80",264,237
"80",264,238
"80",265,233
"80",265,234
"80",265,235
"80",265,236
"80",265,237
"80",265,238
"80",265,239
"80",266,233
"80",266,234
"80",266,235
"80",266,236
"80",266,237
"80",266,238
"80",266,239
"80",266,240
"80",267,233
"80",267,234
"80",267,235
"80",267,236
"80",267,237
"80",267,238
"80",267,239
"80",267,240
"80",268,233
"80",268,234
"80",268,235
"80",268,236
"80",268,237
"80",268,238
"80",268,239
"80",268,240
"80",268,241
"80",269,234
"80",269,235
"80",269,236
"80",269,237
"80",269,238
"80",269,239
"80",269,240
"80",269,241
"80",269,242
"80",270,234
"80",270,235
"80",270,236
"80",270,237
"80",270,238
"80",270,239
"80",270,240
"80",270,241
"80",271,236
"80",271,237
"80",271,238
"80",271,239
"80",271,240
"80",271,241
"80",272,237
"80",272,238
"80",272,239
"80",273,237
"80",273,238
"80",252,220
"80",253,221
"80",255,222
"80",256,223
"80",257,223
"80",258,224
"80",263,227
"80",264,228
"80",264,229
"80",265,230
"80",266,231
"80",267,231
"80",268,231
"80",267,230
"80",266,230
"80",265,229
"80",257,224
"80",272,235
"80",273,236
"80",259,235
"80",254,232
"80",257,234
"80",249,229
"80",252,231
"80",238,229
"80",237,230
"80",274,237
"80",270,233
"80",271,234
"80",246,227
"80",235,214
"80",237,212
"80",275,238
"80",275,237
"80",274,236
"13R-6",413,359
"13R-6",414,336
"13R-6",414,337
"13R-6",414,338
"13R-6",414,339
"13R-6",414,340
"13R-6",414,341
"13R-6",414,342
"13R-6",414,343
"13R-6",414,344
"13R-6",414,345
"13R-6",414,346
"13R-6",414,347
"13R-6",414,348
"13R-6",414,349
"13R-6",414,350
"13R-6",414,351
"13R-6",414,352
"13R-6",414,353
"13R-6",414,354
"13R-6",414,355
"13R-6",414,356
"13R-6",414,357
"13R-6",414,358
"13R-6",414,359
"13R-6",415,337
"13R-6",415,338
"13R-6",415,339
"13R-6",415,340
"13R-6",415,341
"13R-6",415,342
"13R-6",415,343
"13R-6",415,344
"13R-6",415,345
"13R-5",350,299
"13R-5",388,342
"13R-5",350,300
"13R-5",389,339
"13R-5",351,300
"13R-5",389,340
"13R-5",352,300
"13R-5",389,341
"13R-5",353,300
"13R-5",389,342
"13R-5",353,301
"13R-5",389,343
"13R-5",354,301
"13R-5",390,340
"13R-5",354,302
"13R-5",390,341
"13R-5",355,302
"13R-5",390,342
"13R-5",355,303
"13R-5",390,343
"13R-5",356,303
"13R-5",391,341
"13R-5",357,303
"13R-5",391,342
"13R-5",358,303
"13R-5",391,343
"13R-5",358,304
"13R-5",391,344
"13R-5",359,304
"13R-5",392,342
"13R-5",359,305
"13R-5",392,343
"13R-5",360,305
"13R-5",392,344
"13R-5",360,306
"13R-5",392,345
"13R-5",361,306
"13R-5",393,343
"13R-5",362,306
"13R-5",393,344
"13R-5",362,307
"13R-5",393,345
"13R-5",363,307
"13R-5",394,343
"13R-5",364,307
"13R-5",394,344
"13R-5",364,308
"13R-5",394,345
"13R-5",365,308
"13R-5",394,346
"13R-5",365,309
"13R-5",395,343
"13R-5",366,309
"13R-5",395,344
"13R-5",366,310
"13R-5",395,345
"13R-5",367,310
"13R-5",395,346
"13R-5",368,310
"13R-5",396,344
"13R-5",368,311
"13R-5",396,345
"13R-5",369,311
"13R-5",396,346
"13R-5",370,311
"13R-5",396,347
"13R-5",371,311
"13R-5",397,344
"13R-5",371,312
"13R-5",397,345
"13R-5",372,312
"13R-5",397,346
"13R-5",373,312
"13R-5",397,347
"13R-5",373,313
"13R-5",397,348
"13R-5",373,314
"13R-5",398,344
"13R-5",374,314
"13R-5",398,345
"13R-5",375,314
"13R-5",398,346
"13R-5",376,314
"13R-5",398,347
"13R-5",376,315
"13R-5",398,348
"13R-5",377,315
"13R-5",398,349
"13R-5",378,315
"13R-5",399,345
"13R-5",380,317
"13R-5",399,346
"13R-5",379,317
"13R-5",399,347
"13R-5",378,317
"13R-5",399,348
"13R-5",377,317
"13R-5",399,349
"13R-5",377,316
"13R-5",400,348
"13R-5",376,316
"13R-5",400,349
"13R-5",375,316
"13R-5",403,329
"13R-5",375,315
"13R-5",404,329
"13R-5",374,315
"13R-5",404,330
"13R-5",373,315
"13R-5",405,330
"13R-5",372,315
"13R-5",381,317
"13R-5",371,315
"13R-5",370,315
"13R-5",369,315
"13R-5",368,315
"13R-5",368,314
"77",289,236
"77",288,237
"77",288,238
"77",287,238
"77",287,239
"77",286,239
"77",286,240
"77",286,241
"77",285,241
"77",284,241
"77",284,242
"77",284,243
"77",283,242
"77",285,240
"77",290,236
"77",290,237
"77",291,237
"77",291,238
"77",292,238
"77",293,238
"77",293,239
"77",294,239
"77",294,241
"77",294,242
"77",294,243
"77",295,243
"77",295,244
"77",296,244
"77",297,244
"77",298,244
"77",299,244
"77",299,245
"77",299,246
"77",299,247
"77",299,248
"77",299,249
"77",299,250
"77",300,250
"77",300,251
"77",300,252
"77",300,253
"77",301,253
"77",301,254
"77",301,255
"77",301,256
"77",301,257
"77",301,258
"77",302,258
"77",302,259
"77",302,260
"77",303,260
"77",301,259
"77",300,258
"77",300,257
"77",299,257
"77",298,257
"77",298,256
"77",297,256
"77",296,256
"77",295,256
"77",295,255
"77",294,255
"77",294,254
"77",293,254
"77",293,253
"77",292,253
"77",291,253
"77",290,253
"77",290,252
"77",289,252
"77",288,252
"77",288,251
"77",288,250
"77",288,249
"77",288,248
"77",288,247
"77",287,247
"77",287,246
"77",287,245
"77",287,244
"77",286,244
"77",285,244
"77",285,243
"77",286,245
"77",287,242
"77",287,243
"77",288,239
"77",288,240
"77",288,241
"77",288,242
"77",288,243
"77",288,244
"77",288,245
"77",288,246
"77",289,237
"77",289,238
"77",289,239
"77",289,240
"77",289,241
"77",289,242
"77",289,243
"77",289,244
"77",289,245
"77",289,246
"77",289,247
"77",289,248
"77",289,249
"77",289,250
"77",289,251
"77",290,238
"77",290,239
"77",290,240
"77",290,241
"77",290,242
"77",290,243
"77",290,244
"77",290,245
"77",290,246
"77",290,247
"77",290,248
"77",290,249
"77",290,250
"77",290,251
"77",291,239
"77",291,240
"77",291,241
"77",291,242
"77",291,243
"77",291,244
"77",291,245
"77",291,246
"77",291,247
"77",291,248
"77",291,249
"77",291,250
"77",291,251
"77",291,252
"77",292,239
"77",292,240
"77",292,241
"77",292,242
"77",292,243
"77",292,244
"77",292,245
"77",292,246
"77",292,247
"77",292,248
"77",292,249
"77",292,250
"77",292,251
"77",292,252
"77",293,240
"77",293,241
"77",293,242
"77",293,243
"77",293,244
"77",293,245
"77",293,246
"77",293,247
"77",293,248
"77",293,249
"77",293,250
"77",293,251
"77",293,252
"77",294,240
"77",294,244
"77",294,245
"77",294,246
"77",294,247
"77",294,248
"77",294,249
"77",294,250
"77",294,251
"77",294,252
"77",294,253
"77",295,245
"77",295,246
"77",295,247
"77",295,248
"77",295,249
"77",295,250
"77",295,251
"77",295,252
"77",295,253
"77",295,254
"77",296,245
"77",296,246
"77",296,247
"77",296,248
"77",296,249
"77",296,250
"77",296,251
"77",296,252
"77",296,253
"77",296,254
"77",296,255
"77",297,245
"77",297,246
"77",297,247
"77",297,248
"77",297,249
"77",297,250
"77",297,251
"77",297,252
"77",297,253
"77",297,254
"77",297,255
"77",298,245
"77",298,246
"77",298,247
"77",298,248
"77",298,249
"77",298,250
"77",298,251
"77",298,252
"77",298,253
"77",298,254
"77",298,255
"77",299,251
"77",299,252
"77",299,253
"77",299,254
"77",299,255
"77",299,256
"77",300,254
"77",300,255
"77",300,256
"77",287,240
"77",287,241
"77",286,243
"77",286,242
"77",285,242
"77",300,259
"77",299,258
"77",297,257
"77",293,255
"77",292,254
"77",291,254
"77",303,259
"77",304,261
"77",303,261
"77",304,260
"77",300,248
"77",300,249
"77",300,245
"77",300,246
"77",300,247
"77",300,244
"77",299,243
"77",298,243
"77",297,243
"77",296,243
"77",295,242
"77",295,241
"77",295,240
"77",295,239
"77",296,242
"75",302,243
"75",304,242
"75",305,242
"75",306,242
"75",307,242
"75",308,243
"75",308,244
"75",308,245
"75",308,246
"75",308,247
"75",309,247
"75",309,248
"75",310,249
"75",310,250
"75",310,251
"75",310,252
"75",310,253
"75",310,254
"75",310,255
"75",310,257
"75",310,258
"75",309,258
"75",309,259
"75",308,259
"75",308,260
"75",307,260
"75",306,260
"75",306,261
"75",305,261
"75",305,260
"75",305,259
"75",304,259
"75",304,258
"75",303,258
"75",303,257
"75",302,257
"75",302,256
"75",302,255
"75",302,254
"75",302,253
"75",302,252
"75",301,252
"75",301,251
"75",301,250
"75",301,249
"75",301,248
"75",301,247
"75",301,246
"75",301,245
"75",301,244
"75",302,244
"75",302,245
"75",302,246
"75",302,247
"75",302,248
"75",302,249
"75",302,250
"75",302,251
"75",303,243
"75",303,244
"75",303,245
"75",303,246
"75",303,247
"75",303,248
"75",303,249
"75",303,250
"75",303,251
"75",303,252
"75",303,253
"75",303,254
"75",303,255
"75",303,256
"75",304,243
"75",304,244
"75",304,245
"75",304,246
"75",304,247
"75",304,248
"75",304,249
"75",304,250
"75",304,251
"75",304,252
"75",304,253
"75",304,254
"75",304,255
"75",304,256
"75",304,257
"75",305,243
"75",305,244
"75",305,245
"75",305,246
"75",305,247
"75",305,248
"75",305,249
"75",305,250
"75",305,251
"75",305,252
"75",305,253
"75",305,254
"75",305,255
"75",305,256
"75",305,257
"75",305,258
"75",306,243
"75",306,244
"75",306,245
"75",306,246
"75",306,247
"75",306,248
"75",306,249
"75",306,250
"75",306,251
"75",306,252
"75",306,253
"75",306,254
"75",306,255
"75",306,256
"75",306,257
"75",306,258
"75",306,259
"75",307,243
"75",307,244
"75",307,245
"75",307,246
"75",307,247
"75",307,248
"75",307,249
"75",307,250
"75",307,251
"75",307,252
"75",307,253
"75",307,254
"75",307,255
"75",307,256
"75",307,257
"75",307,258
"75",307,259
"75",308,248
"75",308,249
"75",308,250
"75",308,251
"75",308,252
"75",308,253
"75",308,254
"75",308,255
"75",308,256
"75",308,257
"75",308,258
"75",309,249
"75",309,250
"75",309,251
"75",309,252
"75",309,253
"75",309,254
"75",309,255
"75",309,256
"75",309,257
"75",310,256
"75",305,262
"75",306,262
"75",301,243
"75",303,242
"75",302,242
"98",295,139
"98",296,139
"98",296,138
"98",297,138
"98",297,137
"98",298,137
"98",298,136
"98",299,136
"98",299,137
"98",300,137
"98",301,137
"98",301,136
"98",301,135
"98",302,135
"98",303,135
"98",303,134
"98",304,134
"98",304,133
"98",305,133
"98",305,132
"98",306,132
"98",307,132
"98",308,132
"98",308,131
"98",309,131
"98",310,131
"98",310,130
"98",311,130
"98",312,130
"98",312,129
"98",313,129
"98",314,129
"98",314,128
"98",315,128
"98",316,128
"98",316,127
"98",317,127
"98",317,126
"98",318,126
"98",319,126
"98",320,126
"98",320,125
"98",321,125
"98",322,125
"98",322,124
"98",323,124
"98",323,123
"98",324,123
"98",325,123
"98",325,122
"98",326,122
"98",325,121
"98",325,120
"98",324,120
"98",324,119
"98",323,119
"98",323,118
"98",322,118
"98",322,117
"98",322,116
"98",322,115
"98",321,115
"98",320,116
"98",319,116
"98",319,117
"98",318,117
"98",317,117
"98",295,138
"98",296,137
"98",297,136
"98",298,135
"98",299,134
"98",299,135
"98",300,133
"98",300,134
"98",300,135
"98",300,136
"98",301,132
"98",301,133
"98",301,134
"98",302,131
"98",302,132
"98",302,133
"98",302,134
"98",303,130
"98",303,131
"98",303,132
"98",303,133
"98",304,129
"98",304,130
"98",304,131
"98",304,132
"98",305,128
"98",305,129
"98",305,130
"98",305,131
"98",306,127
"98",306,128
"98",306,129
"98",306,130
"98",306,131
"98",307,126
"98",307,127
"98",307,128
"98",307,129
"98",307,130
"98",307,131
"98",308,125
"98",308,126
"98",308,127
"98",308,128
"98",308,129
"98",308,130
"98",309,124
"98",309,125
"98",309,126
"98",309,127
"98",309,128
"98",309,129
"98",309,130
"98",310,123
"98",310,124
"98",310,125
"98",310,126
"98",310,127
"98",310,128
"98",310,129
"98",311,122
"98",311,123
"98",311,124
"98",311,125
"98",311,126
"98",311,127
"98",311,128
"98",311,129
"98",312,121
"98",312,122
"98",312,123
"98",312,124
"98",312,125
"98",312,126
"98",312,127
"98",312,128
"98",313,120
"98",313,121
"98",313,122
"98",313,123
"98",313,124
"98",313,125
"98",313,126
"98",313,127
"98",313,128
"98",314,119
"98",314,120
"98",314,121
"98",314,122
"98",314,123
"98",314,124
"98",314,125
"98",314,126
"98",314,127
"98",315,118
"98",315,119
"98",315,120
"98",315,121
"98",315,122
"98",315,123
"98",315,124
"98",315,125
"98",315,126
"98",315,127
"98",316,118
"98",316,119
"98",316,120
"98",316,121
"98",316,122
"98",316,123
"98",316,124
"98",316,125
"98",316,126
"98",317,118
"98",317,119
"98",317,120
"98",317,121
"98",317,122
"98",317,123
"98",317,124
"98",317,125
"98",318,118
"98",318,119
"98",318,120
"98",318,121
"98",318,122
"98",318,123
"98",318,124
"98",318,125
"98",319,118
"98",319,119
"98",319,120
"98",319,121
"98",319,122
"98",319,123
"98",319,124
"98",319,125
"98",320,117
"98",320,118
"98",320,119
"98",320,120
"98",320,121
"98",320,122
"98",320,123
"98",320,124
"98",321,116
"98",321,117
"98",321,118
"98",321,119
"98",321,120
"98",321,121
"98",321,122
"98",321,123
"98",321,124
"98",322,119
"98",322,120
"98",322,121
"98",322,122
"98",322,123
"98",323,120
"98",323,121
"98",323,122
"98",324,121
"98",324,122
"98",311,121
"98",310,122
"98",309,123
"98",308,123
"98",307,123
"98",307,124
"98",306,124
"98",305,124
"98",305,125
"98",304,125
"98",303,125
"98",303,126
"98",302,126
"98",301,126
"98",301,127
"98",300,127
"98",299,127
"98",299,128
"98",298,128
"98",297,128
"98",296,128
"98",295,128
"98",294,128
"98",294,129
"98",293,129
"98",292,129
"98",291,130
"98",290,130
"98",290,131
"98",290,132
"98",291,132
"98",291,133
"98",292,134
"98",292,135
"98",293,135
"98",293,136
"98",294,136
"98",294,137
"98",294,138
"98",291,131
"98",292,130
"98",292,131
"98",292,132
"98",292,133
"98",293,130
"13-R2",188,202
"13-R2",187,202
"13-R2",186,202
"13-R2",186,201
"13-R2",185,201
"13-R2",184,201
"13-R2",184,200
"13-R2",183,200
"13-R2",183,199
"13-R2",182,199
"13-R2",182,198
"13-R2",181,198
"13-R2",180,198
"13-R2",179,198
"13-R2",178,198
"13-R2",177,197
"13-R2",176,197
"13-R2",175,197
"13-R2",174,196
"13-R2",173,196
"13-R2",172,196
"13-R2",171,196
"13-R2",170,196
"13-R2",169,196
"13-R2",163,193
"13-R2",163,192
"13-R2",164,192
"13-R2",164,191
"13-R2",165,191
"13-R2",165,190
"13-R2",166,190
"13-R2",166,191
"13-R2",167,191
"13-R2",168,191
"13-R2",168,192
"13-R2",169,192
"13-R2",170,192
"13-R2",170,193
"13-R2",171,193
"13-R2",172,193
"13-R2",172,194
"13-R2",173,194
"13-R2",174,195
"13-R2",175,195
"13-R2",176,195
"13-R2",176,196
"13-R2",177,196
"13-R2",178,196
"13-R2",179,196
"13-R2",179,197
"13-R2",180,197
"13-R2",184,199
"13-R2",185,200
"13-R2",187,203
"13-R2",192,204
"13-R2",196,207
"13-R2",197,208
"13-R2",198,208
"13-R2",200,209
"13-R2",201,210
"13-R2",203,211
"13-R2",204,211
"13-R2",205,212
"13-R2",205,215
"13-R2",204,216
"13-R2",204,217
"13-R2",203,217
"13-R2",164,193
"13-R2",165,192
"13-R2",165,193
"13-R2",166,192
"13-R2",166,193
"13-R2",166,194
"13-R2",167,192
"13-R2",167,193
"13-R2",167,194
"13-R2",167,195
"13-R2",168,193
"13-R2",168,194
"13-R2",168,195
"13-R2",169,193
"13-R2",169,194
"13-R2",169,195
"13-R2",170,194
"13-R2",170,195
"13-R2",171,194
"13-R2",171,195
"13-R2",172,195
"13-R2",173,195
"13-R2",175,196
"13-R2",178,197
"13-R2",205,218
"13-R2",206,215
"13-R2",206,218
"13-R2",206,219
"13-R2",207,218
"13-R2",207,219
"13-R2",207,220
"13-R2",208,220
"13-R2",209,221
"13-R2",210,221
"13-R2",210,222
"13-R2",211,222
"13-R2",211,223
"13-R2",212,222
"13-R2",212,223
"13-R2",212,224
"13-R2",213,223
"13-R2",213,224
"13-R2",214,223
"13-R2",214,224
"13-R2",214,225
"13-R2",204,215
"13-R2",204,214
"13-R2",203,213
"13-R2",198,210
"13-R2",190,203
"13-R2",181,199
"13-R2",171,197
"13-R2",172,197
"13-R2",173,197
"13-R2",173,198
"13-R2",174,197
"13-R2",174,198
"13-R2",174,199
"13-R2",175,198
"13-R2",175,199
"13-R2",176,198
"13-R2",176,199
"13-R2",176,200
"13-R2",177,198
"13-R2",177,199
"13-R2",177,200
"13-R2",177,201
"13-R2",178,199
"13-R2",178,200
"13-R2",178,201
"13-R2",179,199
"13-R2",179,200
"13-R2",179,201
"13-R2",179,202
"13-R2",180,199
"13-R2",180,200
"13-R2",180,201
"13-R2",180,202
"13-R2",180,203
"13-R2",181,200
"13-R2",181,201
"13-R2",181,202
"13-R2",181,203
"13-R2",182,200
"13-R2",182,201
"13-R2",182,202
"13-R2",182,203
"13-R2",182,204
"13-R2",183,201
"13-R2",183,202
"13-R2",183,203
"13-R2",183,204
"13-R2",184,202
"13-R2",184,203
"13-R2",184,204
"13-R2",184,205
"13-R2",185,202
"13-R2",185,203
"13-R2",185,204
"13-R2",185,205
"13-R2",186,203
"13-R2",186,204
"13-R2",186,205
"13-R2",186,206
"13-R2",187,204
"13-R2",187,205
"13-R2",187,206
"13-R2",187,207
"13-R2",188,204
"13-R2",188,205
"13-R2",188,206
"13-R2",188,207
"13-R2",189,205
"13-R2",189,206
"13-R2",189,207
"13-R2",189,208
"13-R2",190,205
"13-R2",190,206
"13-R2",190,207
"13-R2",190,208
"13-R2",191,206
"13-R2",191,207
"13-R2",191,208
"13-R2",191,209
"13-R2",192,206
"13-R2",192,207
"13-R2",192,208
"13-R2",192,209
"13-R2",192,210
"13-R2",193,207
"13-R2",193,208
"13-R2",193,209
"13-R2",193,210
"13-R2",194,208
"13-R2",194,209
"13-R2",194,210
"13-R2",194,211
"13-R2",195,208
"13-R2",195,209
"13-R2",195,210
"13-R2",195,211
"13-R2",195,212
"13-R2",196,209
"13-R2",196,210
"13-R2",196,211
"13-R2",196,212
"13-R2",197,210
"13-R2",197,211
"13-R2",197,212
"13-R2",197,213
"13-R2",198,211
"13-R2",198,212
"13-R2",198,213
"13-R2",199,211
"13-R2",199,212
"13-R2",199,213
"13-R2",199,214
"13-R2",200,212
"13-R2",200,213
"13-R2",200,214
"13-R2",200,215
"13-R2",201,212
"13-R2",201,213
"13-R2",201,214
"13-R2",201,215
"13-R2",201,216
"13-R2",202,213
"13-R2",202,214
"13-R2",202,215
"13-R2",202,216
"13-R2",202,217
"13-R2",203,214
"13-R2",203,215
"13-R2",203,216
"13-R2",210,219
"13-R2",210,218
"13-R2",209,218
"13-R2",211,220
"13R-1",158,197
"13R-1",158,196
"13R-1",158,195
"13R-1",159,195
"13R-1",159,194
"13R-1",159,193
"13R-1",158,193
"13R-1",158,192
"13R-1",157,192
"13R-1",160,194
"92",308,233
"92",309,233
"92",310,233
"92",311,233
"92",312,233
"92",313,233
"92",314,233
"92",315,233
"92",315,232
"92",316,232
"92",316,233
"92",317,233
"92",317,232
"92",317,231
"92",317,230
"92",317,229
"92",317,228
"92",317,227
"92",317,226
"92",317,225
"92",317,224
"92",317,223
"92",317,222
"92",317,221
"92",316,220
"92",316,219
"92",316,218
"92",316,217
"92",315,217
"92",315,216
"92",316,215
"92",316,216
"92",316,214
"92",315,213
"92",315,212
"92",315,211
"92",315,210
"92",315,209
"92",315,208
"92",314,208
"92",314,207
"92",314,206
"92",314,205
"92",314,204
"92",314,203
"92",314,202
"92",314,201
"92",314,200
"92",314,199
"92",314,198
"92",314,197
"92",313,197
"92",313,196
"92",314,196
"92",312,196
"92",311,196
"92",310,196
"92",309,196
"92",308,196
"92",307,196
"92",306,196
"92",306,195
"92",305,195
"92",304,195
"92",304,196
"92",304,197
"92",304,198
"92",304,200
"92",304,201
"92",305,201
"92",306,201
"92",306,202
"92",307,202
"92",308,202
"92",308,203
"92",308,204
"92",308,205
"92",308,206
"92",308,207
"92",308,208
"92",308,209
"92",308,210
"92",308,211
"92",308,212
"92",308,213
"92",308,214
"92",308,215
"92",308,216
"92",308,217
"92",308,218
"92",308,219
"92",308,220
"92",308,221
"92",308,222
"92",308,223
"92",308,224
"92",308,225
"92",308,226
"92",308,227
"92",308,228
"92",308,229
"92",308,230
"92",308,231
"92",308,232
"92",305,196
"92",305,197
"92",305,198
"92",305,200
"92",306,197
"92",306,198
"92",306,199
"92",306,200
"92",307,197
"92",307,198
"92",307,199
"92",307,200
"92",307,201
"92",308,197
"92",308,198
"92",308,199
"92",308,200
"92",308,201
"92",309,197
"92",309,198
"92",309,199
"92",309,200
"92",309,201
"92",309,202
"92",309,203
"92",309,204
"92",309,205
"92",309,206
"92",309,207
"92",309,208
"92",309,209
"92",309,210
"92",309,211
"92",309,212
"92",309,213
"92",309,214
"92",309,215
"92",309,216
"92",309,217
"92",309,218
"92",309,219
"92",309,220
"92",309,221
"92",309,222
"92",309,223
"92",309,224
"92",309,225
"92",309,226
"92",309,227
"92",309,228
"92",309,229
"92",309,230
"92",309,231
"92",309,232
"92",310,197
"92",310,198
"92",310,199
"92",310,200
"92",310,201
"92",310,202
"92",310,203
"92",310,204
"92",310,205
"92",310,206
"92",310,207
"92",310,208
"92",310,209
"92",310,210
"92",310,211
"92",310,212
"92",310,213
"92",310,214
"92",310,215
"92",310,216
"92",310,217
"92",310,218
"92",310,219
"92",310,220
"92",310,221
"92",310,222
"92",310,223
"92",310,224
"92",310,225
"92",310,226
"92",310,227
"92",310,228
"92",310,229
"92",310,230
"92",310,231
"92",310,232
"92",311,197
"92",311,198
"92",311,199
"92",311,200
"92",311,201
"92",311,202
"92",311,203
"92",311,204
"92",311,205
"92",311,206
"92",311,207
"92",311,208
"92",311,209
"92",311,210
"92",311,211
"92",311,212
"92",311,213
"92",311,214
"92",311,215
"92",311,216
"92",311,217
"92",311,218
"92",311,219
"92",311,220
"92",311,221
"92",311,222
"92",311,223
"92",311,224
"92",311,225
"92",311,226
"92",311,227
"92",311,228
"92",311,229
"92",311,230
"92",311,231
"92",311,232
"92",312,197
"92",312,198
"92",312,199
"92",312,200
"92",312,201
"92",312,202
"92",312,203
"92",312,204
"92",312,205
"92",312,206
"92",312,207
"92",312,208
"92",312,209
"92",312,210
"92",312,211
"92",312,212
"92",312,213
"92",312,214
"92",312,215
"92",312,216
"92",312,217
"92",312,218
"92",312,219
"92",312,220
"92",312,221
"92",312,222
"92",312,223
"92",312,224
"92",312,225
"92",312,226
"92",312,227
"92",312,228
"92",312,229
"92",312,230
"92",312,231
"92",312,232
"92",313,198
"92",313,199
"92",313,200
"92",313,201
"92",313,202
"92",313,203
"92",313,204
"92",313,205
"92",313,206
"92",313,207
"92",313,208
"92",313,209
"92",313,210
"92",313,211
"92",313,212
"92",313,213
"92",313,214
"92",313,215
"92",313,216
"92",313,217
"92",313,218
"92",313,219
"92",313,220
"92",313,221
"92",313,222
"92",313,223
"92",313,224
"92",313,225
"92",313,226
"92",313,227
"92",313,228
"92",313,229
"92",313,230
"92",313,231
"92",313,232
"92",314,209
"92",314,210
"92",314,211
"92",314,212
"92",314,213
"92",314,214
"92",314,215
"92",314,216
"92",314,217
"92",314,218
"92",314,219
"92",314,220
"92",314,221
"92",314,222
"92",314,223
"92",314,224
"92",314,225
"92",314,226
"92",314,227
"92",314,228
"92",314,229
"92",314,230
"92",314,231
"92",314,232
"92",315,214
"92",315,215
"92",315,218
"92",315,219
"92",315,220
"92",315,221
"92",315,222
"92",315,223
"92",315,224
"92",315,225
"92",315,226
"92",315,227
"92",315,228
"92",315,229
"92",315,230
"92",315,231
"92",316,221
"92",316,222
"92",316,223
"92",316,224
"92",316,225
"92",316,226
"92",316,227
"92",316,228
"92",316,229
"92",316,230
"92",316,231
"92",317,219
"92",317,220
"92",317,218
"92",316,212
"92",316,213
"92",315,207
"92",315,206
"92",305,199
"92",304,199
"93",303,195
"93",303,196
"93",303,197
"93",303,198
"93",303,199
"93",303,200
"93",303,201
"93",302,201
"93",301,201
"93",300,201
"93",299,201
"93",299,202
"93",298,202
"93",298,203
"93",296,202
"93",295,202
"93",295,201
"93",295,200
"93",294,200
"93",294,199
"93",293,199
"93",293,198
"93",292,197
"93",291,196
"93",290,195
"93",290,194
"93",289,193
"93",288,192
"93",286,189
"93",285,188
"93",285,187
"93",284,187
"93",284,186
"93",283,185
"93",282,184
"93",282,183
"93",281,183
"93",281,182
"93",280,182
"93",280,181
"93",280,180
"93",279,180
"93",279,179
"93",279,178
"93",278,177
"93",279,177
"93",279,176
"93",280,176
"93",280,175
"93",281,175
"93",281,174
"93",282,174
"93",282,173
"93",283,173
"93",284,173
"93",285,173
"93",286,173
"93",286,172
"93",287,172
"93",287,173
"93",288,173
"93",288,174
"93",289,174
"93",289,175
"93",290,175
"93",290,176
"93",291,176
"93",291,177
"93",292,177
"93",292,178
"93",293,178
"93",293,179
"93",293,180
"93",294,180
"93",294,181
"93",295,181
"93",295,182
"93",295,183
"93",296,183
"93",296,184
"93",297,185
"93",297,186
"93",298,186
"93",298,187
"93",299,187
"93",299,188
"93",299,189
"93",300,189
"93",300,190
"93",301,190
"93",301,191
"93",302,191
"93",302,192
"93",303,192
"93",303,193
"93",303,194
"93",280,177
"93",280,178
"93",280,179
"93",281,176
"93",281,177
"93",281,178
"93",281,179
"93",281,180
"93",281,181
"93",282,175
"93",282,176
"93",282,177
"93",282,178
"93",282,179
"93",282,180
"93",282,181
"93",282,182
"93",283,174
"93",283,175
"93",283,176
"93",283,177
"93",283,178
"93",283,179
"93",283,180
"93",283,181
"93",283,182
"93",283,183
"93",283,184
"93",284,174
"93",284,175
"93",284,176
"93",284,177
"93",284,178
"93",284,179
"93",284,180
"93",284,181
"93",284,182
"93",284,183
"93",284,184
"93",284,185
"93",285,174
"93",285,175
"93",285,176
"93",285,177
"93",285,178
"93",285,179
"93",285,180
"93",285,181
"93",285,182
"93",285,183
"93",285,184
"93",285,185
"93",285,186
"93",286,174
"93",286,175
"93",286,176
"93",286,177
"93",286,178
"93",286,179
"93",286,180
"93",286,181
"93",286,182
"93",286,183
"93",286,184
"93",286,185
"93",286,186
"93",286,187
"93",286,188
"93",287,174
"93",287,175
"93",287,176
"93",287,177
"93",287,178
"93",287,179
"93",287,180
"93",287,181
"93",287,182
"93",287,183
"93",287,184
"93",287,185
"93",287,186
"93",287,187
"93",287,188
"93",287,189
"93",287,190
"93",288,175
"93",288,176
"93",288,177
"93",288,178
"93",288,179
"93",288,180
"93",288,181
"93",288,182
"93",288,183
"93",288,184
"93",288,185
"93",288,186
"93",288,187
"93",288,188
"93",288,189
"93",288,190
"93",288,191
"93",289,176
"93",289,177
"93",289,178
"93",289,179
"93",289,180
"93",289,181
"93",289,182
"93",289,183
"93",289,184
"93",289,185
"93",289,186
"93",289,187
"93",289,188
"93",289,189
"93",289,190
"93",289,191
"93",289,192
"93",290,177
"93",290,178
"93",290,179
"93",290,180
"93",290,181
"93",290,182
"93",290,183
"93",290,184
"93",290,185
"93",290,186
"93",290,187
"93",290,188
"93",290,189
"93",290,190
"93",290,191
"93",290,192
"93",290,193
"93",291,178
"93",291,179
"93",291,180
"93",291,181
"93",291,182
"93",291,183
"93",291,184
"93",291,185
"93",291,186
"93",291,187
"93",291,188
"93",291,189
"93",291,190
"93",291,191
"93",291,192
"93",291,193
"93",291,194
"93",291,195
"93",292,179
"93",292,180
"93",292,181
"93",292,182
"93",292,183
"93",292,184
"93",292,185
"93",292,186
"93",292,187
"93",292,188
"93",292,189
"93",292,190
"93",292,191
"93",292,192
"93",292,193
"93",292,194
"93",292,195
"93",292,196
"93",293,181
"93",293,182
"93",293,183
"93",293,184
"93",293,185
"93",293,186
"93",293,187
"93",293,188
"93",293,189
"93",293,190
"93",293,191
"93",293,192
"93",293,193
"93",293,194
"93",293,195
"93",293,196
"93",293,197
"93",294,182
"93",294,183
"93",294,184
"93",294,185
"93",294,186
"93",294,187
"93",294,188
"93",294,189
"93",294,190
"93",294,191
"93",294,192
"93",294,193
"93",294,194
"93",294,195
"93",294,196
"93",294,197
"93",294,198
"93",295,184
"93",295,185
"93",295,186
"93",295,187
"93",295,188
"93",295,189
"93",295,190
"93",295,191
"93",295,192
"93",295,193
"93",295,194
"93",295,195
"93",295,196
"93",295,197
"93",295,198
"93",295,199
"93",296,185
"93",296,186
"93",296,187
"93",296,188
"93",296,189
"93",296,190
"93",296,191
"93",296,192
"93",296,193
"93",296,194
"93",296,195
"93",296,196
"93",296,197
"93",296,198
"93",296,199
"93",296,200
"93",296,201
"93",297,187
"93",297,188
"93",297,189
"93",297,190
"93",297,191
"93",297,192
"93",297,193
"93",297,194
"93",297,195
"93",297,196
"93",297,197
"93",297,198
"93",297,199
"93",297,200
"93",297,201
"93",297,202
"93",298,188
"93",298,189
"93",298,190
"93",298,191
"93",298,192
"93",298,193
"93",298,194
"93",298,195
"93",298,196
"93",298,197
"93",298,198
"93",298,199
"93",298,200
"93",298,201
"93",299,190
"93",299,191
"93",299,192
"93",299,193
"93",299,194
"93",299,195
"93",299,196
"93",299,197
"93",299,198
"93",299,199
"93",299,200
"93",300,191
"93",300,192
"93",300,193
"93",300,194
"93",300,195
"93",300,196
"93",300,197
"93",300,198
"93",300,199
"93",300,200
"93",301,192
"93",301,193
"93",301,194
"93",301,195
"93",301,196
"93",301,197
"93",301,198
"93",301,199
"93",301,200
"93",302,193
"93",302,194
"93",302,195
"93",302,196
"93",302,197
"93",302,198
"93",302,199
"93",302,200
"93",297,203
"93",296,203
"93",278,178
"94",304,194
"94",305,194
"94",306,194
"94",307,194
"94",307,195
"94",308,195
"94",309,195
"94",310,195
"94",311,195
"94",312,195
"94",313,195
"94",314,195
"94",313,194
"94",313,193
"94",312,193
"94",312,192
"94",313,192
"94",313,191
"94",314,191
"94",314,190
"94",315,190
"94",316,190
"94",316,191
"94",315,191
"94",315,189
"94",314,188
"94",314,187
"94",313,187
"94",313,186
"94",312,186
"94",311,186
"94",310,186
"94",310,185
"94",309,185
"94",308,184
"94",308,183
"94",307,183
"94",307,182
"94",306,182
"94",306,181
"94",306,180
"94",305,180
"94",305,179
"94",304,179
"94",304,178
"94",303,178
"94",303,177
"94",303,176
"94",304,175
"94",304,174
"94",304,173
"94",303,173
"94",303,172
"94",302,172
"94",302,171
"94",301,171
"94",301,170
"94",300,170
"94",299,170
"94",298,170
"94",298,171
"94",297,171
"94",297,172
"94",296,172
"94",296,173
"94",295,173
"94",294,173
"94",294,174
"94",293,174
"94",292,174
"94",291,174
"94",290,174
"94",291,175
"94",292,175
"94",292,176
"94",293,176
"94",293,177
"94",294,177
"94",294,178
"94",294,179
"94",295,179
"94",295,180
"94",296,180
"94",296,181
"94",296,182
"94",297,182
"94",297,183
"94",297,184
"94",298,185
"94",298,184
"94",299,185
"94",299,186
"94",300,186
"94",300,187
"94",301,187
"94",301,188
"94",300,188
"94",301,189
"94",302,189
"94",302,190
"94",303,190
"94",303,191
"94",304,191
"94",304,192
"94",304,193
"94",293,175
"94",294,175
"94",294,176
"94",295,174
"94",295,175
"94",295,176
"94",295,177
"94",295,178
"94",296,174
"94",296,175
"94",296,176
"94",296,177
"94",296,178
"94",296,179
"94",297,173
"94",297,174
"94",297,175
"94",297,176
"94",297,177
"94",297,178
"94",297,179
"94",297,180
"94",297,181
"94",298,172
"94",298,173
"94",298,174
"94",298,175
"94",298,176
"94",298,177
"94",298,178
"94",298,179
"94",298,180
"94",298,181
"94",298,182
"94",298,183
"94",299,171
"94",299,172
"94",299,173
"94",299,174
"94",299,175
"94",299,176
"94",299,177
"94",299,178
"94",299,179
"94",299,180
"94",299,181
"94",299,182
"94",299,183
"94",299,184
"94",300,171
"94",300,172
"94",300,173
"94",300,174
"94",300,175
"94",300,176
"94",300,177
"94",300,178
"94",300,179
"94",300,180
"94",300,181
"94",300,182
"94",300,183
"94",300,184
"94",300,185
"94",301,172
"94",301,173
"94",301,174
"94",301,175
"94",301,176
"94",301,177
"94",301,178
"94",301,179
"94",301,180
"94",301,181
"94",301,182
"94",301,183
"94",301,184
"94",301,185
"94",301,186
"94",302,173
"94",302,174
"94",302,175
"94",302,176
"94",302,177
"94",302,178
"94",302,179
"94",302,180
"94",302,181
"94",302,182
"94",302,183
"94",302,184
"94",302,185
"94",302,186
"94",302,187
"94",302,188
"94",303,174
"94",303,175
"94",303,179
"94",303,180
"94",303,181
"94",303,182
"94",303,183
"94",303,184
"94",303,185
"94",303,186
"94",303,187
"94",303,188
"94",303,189
"94",304,180
"94",304,181
"94",304,182
"94",304,183
"94",304,184
"94",304,185
"94",304,186
"94",304,187
"94",304,188
"94",304,189
"94",304,190
"94",305,181
"94",305,182
"94",305,183
"94",305,184
"94",305,185
"94",305,186
"94",305,187
"94",305,188
"94",305,189
"94",305,190
"94",305,191
"94",305,192
"94",305,193
"94",306,183
"94",306,184
"94",306,185
"94",306,186
"94",306,187
"94",306,188
"94",306,189
"94",306,190
"94",306,191
"94",306,192
"94",306,193
"94",307,184
"94",307,185
"94",307,186
"94",307,187
"94",307,188
"94",307,189
"94",307,190
"94",307,191
"94",307,192
"94",307,193
"94",308,185
"94",308,186
"94",308,187
"94",308,188
"94",308,189
"94",308,190
"94",308,191
"94",308,192
"94",308,193
"94",308,194
"94",309,186
"94",309,187
"94",309,188
"94",309,189
"94",309,190
"94",309,191
"94",309,192
"94",309,193
"94",309,194
"94",310,187
"94",310,188
"94",310,189
"94",310,190
"94",310,191
"94",310,192
"94",310,193
"94",310,194
"94",311,187
"94",311,188
"94",311,189
"94",311,190
"94",311,191
"94",311,192
"94",311,193
"94",311,194
"94",312,187
"94",312,188
"94",312,189
"94",312,190
"94",312,191
"94",312,194
"94",313,188
"94",313,189
"94",313,190
"94",314,189
"94",304,176
"94",304,177
"94",307,181
"94",309,184
"94",308,182
"94",305,178
"96",297,170
"96",298,170
"96",298,169
"96",297,168
"96",297,167
"96",296,167
"96",296,166
"96",295,166
"96",295,165
"96",294,164
"96",294,163
"96",294,162
"96",294,161
"96",294,160
"96",294,159
"96",294,158
"96",294,157
"96",294,156
"96",294,155
"96",294,154
"96",294,153
"96",294,152
"96",294,151
"96",294,150
"96",294,149
"96",294,148
"96",294,147
"96",294,146
"96",294,145
"96",294,144
"96",294,143
"96",294,142
"96",294,141
"96",294,140
"96",295,140
"96",294,139
"96",293,138
"96",293,137
"96",292,137
"96",292,136
"96",291,135
"96",291,134
"96",290,134
"96",290,133
"96",289,133
"96",289,134
"96",288,134
"96",288,135
"96",287,135
"96",287,136
"96",287,137
"96",286,137
"96",286,138
"96",285,138
"96",284,138
"96",284,139
"96",284,140
"96",284,141
"96",284,142
"96",284,143
"96",284,144
"96",284,145
"96",284,146
"96",284,147
"96",284,148
"96",284,149
"96",284,150
"96",284,151
"96",284,152
"96",284,153
"96",284,154
"96",284,155
"96",284,156
"96",284,157
"96",284,158
"96",284,159
"96",284,160
"96",284,161
"96",284,162
"96",284,163
"96",284,164
"96",285,165
"96",285,166
"96",285,167
"96",285,168
"96",286,168
"96",286,169
"96",286,170
"96",286,171
"96",287,171
"96",288,171
"96",288,172
"96",289,172
"96",289,173
"96",290,173
"96",291,173
"96",292,173
"96",293,173
"96",293,172
"96",294,172
"96",295,172
"96",295,171
"96",295,170
"96",296,170
"96",285,139
"96",285,140
"96",285,141
"96",285,142
"96",285,143
"96",285,144
"96",285,145
"96",285,146
"96",285,147
"96",285,148
"96",285,149
"96",285,150
"96",285,151
"96",285,152
"96",285,153
"96",285,154
"96",285,155
"96",285,156
"96",285,157
"96",285,158
"96",285,159
"96",285,160
"96",285,161
"96",285,162
"96",285,163
"96",285,164
"96",286,139
"96",286,140
"96",286,141
"96",286,142
"96",286,143
"96",286,144
"96",286,145
"96",286,146
"96",286,147
"96",286,148
"96",286,149
"96",286,150
"96",286,151
"96",286,152
"96",286,153
"96",286,154
"96",286,155
"96",286,156
"96",286,157
"96",286,158
"96",286,159
"96",286,160
"96",286,161
"96",286,162
"96",286,163
"96",286,164
"96",286,165
"96",286,166
"96",286,167
"96",287,138
"96",287,139
"96",287,140
"96",287,141
"96",287,142
"96",287,143
"96",287,144
"96",287,145
"96",287,146
"96",287,147
"96",287,148
"96",287,149
"96",287,150
"96",287,151
"96",287,152
"96",287,153
"96",287,154
"96",287,155
"96",287,156
"96",287,157
"96",287,158
"96",287,159
"96",287,160
"96",287,161
"96",287,162
"96",287,163
"96",287,164
"96",287,165
"96",287,166
"96",287,167
"96",287,168
"96",287,169
"96",287,170
"96",288,136
"96",288,137
"96",288,138
"96",288,139
"96",288,140
"96",288,141
"96",288,142
"96",288,143
"96",288,144
"96",288,145
"96",288,146
"96",288,147
"96",288,148
"96",288,149
"96",288,150
"96",288,151
"96",288,152
"96",288,153
"96",288,154
"96",288,155
"96",288,156
"96",288,157
"96",288,158
"96",288,159
"96",288,160
"96",288,161
"96",288,162
"96",288,163
"96",288,164
"96",288,165
"96",288,166
"96",288,167
"96",288,168
"96",288,169
"96",288,170
"96",289,135
"96",289,136
"96",289,137
"96",289,138
"96",289,139
"96",289,140
"96",289,141
"96",289,142
"96",289,143
"96",289,144
"96",289,145
"96",289,146
"96",289,147
"96",289,148
"96",289,149
"96",289,150
"96",289,151
"96",289,152
"96",289,153
"96",289,154
"96",289,155
"96",289,156
"96",289,157
"96",289,158
"96",289,159
"96",289,160
"96",289,161
"96",289,162
"96",289,163
"96",289,164
"96",289,165
"96",289,166
"96",289,167
"96",289,168
"96",289,169
"96",289,170
"96",289,171
"96",290,135
"96",290,136
"96",290,137
"96",290,138
"96",290,139
"96",290,140
"96",290,141
"96",290,142
"96",290,143
"96",290,144
"96",290,145
"96",290,146
"96",290,147
"96",290,148
"96",290,149
"96",290,150
"96",290,151
"96",290,152
"96",290,153
"96",290,154
"96",290,155
"96",290,156
"96",290,157
"96",290,158
"96",290,159
"96",290,160
"96",290,161
"96",290,162
"96",290,163
"96",290,164
"96",290,165
"96",290,166
"96",290,167
"96",290,168
"96",290,169
"96",290,170
"96",290,171
"96",290,172
"96",291,136
"96",291,137
"96",291,138
"96",291,139
"96",291,140
"96",291,141
"96",291,142
"96",291,143
"96",291,144
"96",291,145
"96",291,146
"96",291,147
"96",291,148
"96",291,149
"96",291,150
"96",291,151
"96",291,152
"96",291,153
"96",291,154
"96",291,155
"96",291,156
"96",291,157
"96",291,158
"96",291,159
"96",291,160
"96",291,161
"96",291,162
"96",291,163
"96",291,164
"96",291,165
"96",291,166
"96",291,167
"96",291,168
"96",291,169
"96",291,170
"96",291,171
"96",291,172
"96",292,138
"96",292,139
"96",292,140
"96",292,141
"96",292,142
"96",292,143
"96",292,144
"96",292,145
"96",292,146
"96",292,147
"96",292,148
"96",292,149
"96",292,150
"96",292,151
"96",292,152
"96",292,153
"96",292,154
"96",292,155
"96",292,156
"96",292,157
"96",292,158
"96",292,159
"96",292,160
"96",292,161
"96",292,162
"96",292,163
"96",292,164
"96",292,165
"96",292,166
"96",292,167
"96",292,168
"96",292,169
"96",292,170
"96",292,171
"96",292,172
"96",293,139
"96",293,140
"96",293,141
"96",293,142
"96",293,143
"96",293,144
"96",293,145
"96",293,146
"96",293,147
"96",293,148
"96",293,149
"96",293,150
"96",293,151
"96",293,152
"96",293,153
"96",293,154
"96",293,155
"96",293,156
"96",293,157
"96",293,158
"96",293,159
"96",293,160
"96",293,161
"96",293,162
"96",293,163
"96",293,164
"96",293,165
"96",293,166
"96",293,167
"96",293,168
"96",293,169
"96",293,170
"96",293,171
"96",294,165
"96",294,166
"96",294,167
"96",294,168
"96",294,169
"96",294,170
"96",294,171
"96",295,167
"96",295,168
"96",295,169
"96",296,168
"96",296,169
"96",297,169
"96",296,171
"96",295,141
"95",285,137
"95",285,136
"95",285,135
"95",285,134
"95",285,133
"95",284,132
"95",282,130
"95",282,129
"95",281,129
"95",281,128
"95",280,128
"95",280,127
"95",280,126
"95",281,127
"95",279,126
"95",279,127
"95",278,127
"95",278,128
"95",277,129
"95",277,130
"95",276,131
"95",276,132
"95",276,133
"95",276,134
"95",275,134
"95",275,135
"95",275,136
"95",274,136
"95",274,135
"95",275,133
"95",274,134
"95",273,136
"95",273,137
"95",273,138
"95",273,139
"95",273,140
"95",273,141
"95",273,142
"95",273,143
"95",273,144
"95",273,145
"95",273,146
"95",273,147
"95",273,148
"95",273,149
"95",273,150
"95",273,151
"95",273,152
"95",273,153
"95",273,154
"95",273,155
"95",273,156
"95",273,157
"95",273,158
"95",273,159
"95",273,160
"95",273,161
"95",273,162
"95",273,163
"95",273,164
"95",273,165
"95",273,166
"95",273,167
"95",273,168
"95",273,169
"95",273,170
"95",273,171
"95",273,172
"95",274,173
"95",275,173
"95",276,173
"95",276,174
"95",277,174
"95",277,175
"95",278,176
"95",277,176
"95",276,172
"95",275,172
"95",275,171
"95",274,171
"95",274,170
"95",274,169
"95",274,168
"95",274,166
"95",274,167
"95",275,169
"95",275,170
"95",276,170
"95",276,171
"95",278,175
"95",279,175
"95",279,174
"95",280,174
"95",280,173
"95",281,173
"95",281,172
"95",282,172
"95",283,172
"95",284,172
"95",285,172
"95",285,171
"95",285,170
"95",285,169
"95",284,169
"95",284,168
"95",284,167
"95",284,166
"95",284,165
"95",283,165
"95",283,164
"95",282,164
"95",282,163
"95",282,162
"95",282,161
"95",283,161
"95",283,162
"95",283,163
"95",283,160
"95",283,159
"95",283,158
"95",283,157
"95",283,156
"95",283,155
"95",283,154
"95",283,153
"95",283,152
"95",283,151
"95",283,150
"95",282,150
"95",282,149
"95",282,148
"95",282,147
"95",283,148
"95",283,149
"95",283,147
"95",283,146
"95",283,145
"95",283,144
"95",283,143
"95",283,142
"95",283,141
"95",283,140
"95",283,139
"95",283,138
"95",283,137
"95",284,137
"95",284,136
"95",273,135
"95",274,137
"95",274,138
"95",274,139
"95",274,140
"95",274,141
"95",274,142
"95",274,143
"95",274,144
"95",274,145
"95",274,146
"95",274,147
"95",274,148
"95",274,149
"95",274,150
"95",274,151
"95",274,152
"95",274,153
"95",274,154
"95",274,155
"95",274,156
"95",274,157
"95",274,158
"95",274,159
"95",274,160
"95",274,161
"95",274,162
"95",274,163
"95",274,164
"95",274,165
"95",274,172
"95",275,132
"95",275,137
"95",275,138
"95",275,139
"95",275,140
"95",275,141
"95",275,142
"95",275,143
"95",275,144
"95",275,145
"95",275,146
"95",275,147
"95",275,148
"95",275,149
"95",275,150
"95",275,151
"95",275,152
"95",275,153
"95",275,154
"95",275,155
"95",275,156
"95",275,157
"95",275,158
"95",275,159
"95",275,160
"95",275,161
"95",275,162
"95",275,163
"95",275,164
"95",275,165
"95",275,166
"95",275,167
"95",275,168
"95",276,130
"95",276,135
"95",276,136
"95",276,137
"95",276,138
"95",276,139
"95",276,140
"95",276,141
"95",276,142
"95",276,143
"95",276,144
"95",276,145
"95",276,146
"95",276,147
"95",276,148
"95",276,149
"95",276,150
"95",276,151
"95",276,152
"95",276,153
"95",276,154
"95",276,155
"95",276,156
"95",276,157
"95",276,158
"95",276,159
"95",276,160
"95",276,161
"95",276,162
"95",276,163
"95",276,164
"95",276,165
"95",276,166
"95",276,167
"95",276,168
"95",276,169
"95",277,128
"95",277,131
"95",277,132
"95",277,133
"95",277,134
"95",277,135
"95",277,136
"95",277,137
"95",277,138
"95",277,139
"95",277,140
"95",277,141
"95",277,142
"95",277,143
"95",277,144
"95",277,145
"95",277,146
"95",277,147
"95",277,148
"95",277,149
"95",277,150
"95",277,151
"95",277,152
"95",277,153
"95",277,154
"95",277,155
"95",277,156
"95",277,157
"95",277,158
"95",277,159
"95",277,160
"95",277,161
"95",277,162
"95",277,163
"95",277,164
"95",277,165
"95",277,166
"95",277,167
"95",277,168
"95",277,169
"95",277,170
"95",277,171
"95",277,172
"95",277,173
"95",278,129
"95",278,130
"95",278,131
"95",278,132
"95",278,133
"95",278,134
"95",278,135
"95",278,136
"95",278,137
"95",278,138
"95",278,139
"95",278,140
"95",278,141
"95",278,142
"95",278,143
"95",278,144
"95",278,145
"95",278,146
"95",278,147
"95",278,148
"95",278,149
"95",278,150
"95",278,151
"95",278,152
"95",278,153
"95",278,154
"95",278,155
"95",278,156
"95",278,157
"95",278,158
"95",278,159
"95",278,160
"95",278,161
"95",278,162
"95",278,163
"95",278,164
"95",278,165
"95",278,166
"95",278,167
"95",278,168
"95",278,169
"95",278,170
"95",278,171
"95",278,172
"95",278,173
"95",278,174
"95",279,128
"95",279,129
"95",279,130
"95",279,131
"95",279,132
"95",279,133
"95",279,134
"95",279,135
"95",279,136
"95",279,137
"95",279,138
"95",279,139
"95",279,140
"95",279,141
"95",279,142
"95",279,143
"95",279,144
"95",279,145
"95",279,146
"95",279,147
"95",279,148
"95",279,149
"95",279,150
"95",279,151
"95",279,152
"95",279,153
"95",279,154
"95",279,155
"95",279,156
"95",279,157
"95",279,158
"95",279,159
"95",279,160
"95",279,161
"95",279,162
"95",279,163
"95",279,164
"95",279,165
"95",279,166
"95",279,167
"95",279,168
"95",279,169
"95",279,170
"95",279,171
"95",279,172
"95",279,173
"95",280,129
"95",280,130
"95",280,131
"95",280,132
"95",280,133
"95",280,134
"95",280,135
"95",280,136
"95",280,137
"95",280,138
"95",280,139
"95",280,140
"95",280,141
"95",280,142
"95",280,143
"95",280,144
"95",280,145
"95",280,146
"95",280,147
"95",280,148
"95",280,149
"95",280,150
"95",280,151
"95",280,152
"95",280,153
"95",280,154
"95",280,155
"95",280,156
"95",280,157
"95",280,158
"95",280,159
"95",280,160
"95",280,161
"95",280,162
"95",280,163
"95",280,164
"95",280,165
"95",280,166
"95",280,167
"95",280,168
"95",280,169
"95",280,170
"95",280,171
"95",280,172
"95",281,130
"95",281,131
"95",281,132
"95",281,133
"95",281,134
"95",281,135
"95",281,136
"95",281,137
"95",281,138
"95",281,139
"95",281,140
"95",281,141
"95",281,142
"95",281,143
"95",281,144
"95",281,145
"95",281,146
"95",281,147
"95",281,148
"95",281,149
"95",281,150
"95",281,151
"95",281,152
"95",281,153
"95",281,154
"95",281,155
"95",281,156
"95",281,157
"95",281,158
"95",281,159
"95",281,160
"95",281,161
"95",281,162
"95",281,163
"95",281,164
"95",281,165
"95",281,166
"95",281,167
"95",281,168
"95",281,169
"95",281,170
"95",281,171
"95",282,131
"95",282,132
"95",282,133
"95",282,134
"95",282,135
"95",282,136
"95",282,137
"95",282,138
"95",282,139
"95",282,140
"95",282,141
"95",282,142
"95",282,143
"95",282,144
"95",282,145
"95",282,146
"95",282,151
"95",282,152
"95",282,153
"95",282,154
"95",282,155
"95",282,156
"95",282,157
"95",282,158
"95",282,159
"95",282,160
"95",282,165
"95",282,166
"95",282,167
"95",282,168
"95",282,169
"95",282,170
"95",282,171
"95",283,131
"95",283,132
"95",283,133
"95",283,134
"95",283,135
"95",283,136
"95",283,166
"95",283,167
"95",283,168
"95",283,169
"95",283,170
"95",283,171
"95",284,133
"95",284,134
"95",284,135
"95",284,170
"95",284,171
"95",279,125
"95",280,125
"13R-1",156,192
"13R-1",155,191
"13R-1",155,190
"13R-1",154,190
"13R-1",153,189
"13R-1",152,189
"13R-1",151,188
"13R-1",150,188
"13R-1",149,187
"13R-1",148,187
"13R-1",148,186
"13R-1",147,186
"13R-1",147,187
"13R-1",146,187
"13R-1",145,187
"13R-1",144,186
"13R-1",143,186
"13R-1",142,185
"13R-1",141,185
"13R-1",141,184
"13R-1",140,185
"13R-1",139,184
"13R-1",138,183
"13R-1",137,183
"13R-1",136,182
"13R-1",135,181
"13R-1",135,182
"13R-1",136,183
"13R-1",134,181
"13R-1",133,180
"13R-1",132,179
"13R-1",131,179
"13R-1",130,178
"13R-1",129,178
"13R-1",128,178
"13R-1",127,177
"13R-1",126,177
"13R-1",125,176
"13R-1",125,177
"13R-1",126,178
"13R-1",126,179
"13R-1",125,179
"13R-1",124,178
"13R-1",123,178
"13R-1",122,177
"13R-1",121,177
"13R-1",120,177
"13R-1",119,177
"13R-1",118,176
"13R-1",117,176
"13R-1",116,176
"13R-1",115,175
"13R-1",114,174
"13R-1",113,174
"13R-1",112,173
"13R-1",111,172
"13R-1",110,172
"13R-1",109,171
"13R-1",109,170
"13R-1",110,170
"13R-1",111,170
"13R-1",112,170
"13R-1",113,170
"13R-1",114,170
"13R-1",115,171
"13R-1",116,171
"13R-1",117,171
"13R-1",118,172
"13R-1",119,173
"13R-1",120,173
"13R-1",121,174
"13R-1",122,175
"13R-1",123,175
"13R-1",123,176
"13R-1",124,176
"13R-1",124,177
"13R-1",125,178
"13R-1",122,176
"13R-1",121,175
"13R-1",120,175
"13R-1",119,174
"13R-1",118,173
"13R-1",117,173
"13R-1",116,173
"13R-1",115,172
"13R-1",114,172
"13R-1",113,171
"13R-1",112,171
"13R-1",108,169
"13R-1",107,169
"13R-1",106,169
"13R-1",106,168
"13R-1",105,168
"13R-1",104,167
"13R-1",103,167
"13R-1",102,166
"13R-1",102,165
"13R-1",101,164
"13R-1",100,164
"13R-1",99,163
"13R-1",98,162
"13R-1",97,161
"13R-1",96,160
"13R-1",96,159
"13R-1",95,159
"13R-1",95,158
"13R-1",95,157
"13R-1",96,157
"13R-1",96,156
"13R-1",96,155
"13R-1",96,154
"13R-1",97,154
"13R-1",97,153
"13R-1",97,152
"13R-1",89,165
"13R-1",90,164
"13R-1",90,165
"13R-1",90,166
"13R-1",91,159
"13R-1",91,163
"13R-1",91,164
"13R-1",91,165
"13R-1",91,166
"13R-1",92,157
"13R-1",92,160
"13R-1",92,161
"13R-1",92,162
"13R-1",92,163
"13R-1",92,164
"13R-1",92,165
"13R-1",92,166
"13R-1",92,167
"13R-1",92,168
"13R-1",93,155
"13R-1",93,158
"13R-1",93,159
"13R-1",93,160
"13R-1",93,161
"13R-1",93,162
"13R-1",93,163
"13R-1",93,164
"13R-1",93,165
"13R-1",93,166
"13R-1",93,167
"13R-1",93,168
"13R-1",94,156
"13R-1",94,157
"13R-1",94,158
"13R-1",94,159
"13R-1",94,160
"13R-1",94,161
"13R-1",95,152
"13R-1",95,155
"13R-1",95,156
"13R-1",95,160
"13R-1",95,161
"13R-1",95,162
"13R-1",95,164
"13R-1",95,165
"13R-1",95,166
"13R-1",95,167
"13R-1",95,168
"13R-1",95,169
"13R-1",96,153
"13R-1",96,161
"13R-1",96,162
"13R-1",96,163
"13R-1",96,164
"13R-1",96,165
"13R-1",96,166
"13R-1",96,167
"13R-1",96,168
"13R-1",96,169
"13R-1",97,162
"13R-1",97,163
"13R-1",97,164
"13R-1",97,165
"13R-1",97,166
"13R-1",97,167
"13R-1",97,168
"13R-1",97,169
"13R-1",98,163
"13R-1",98,164
"13R-1",98,165
"13R-1",98,166
"13R-1",98,167
"13R-1",98,168
"13R-1",98,169
"13R-1",98,170
"13R-1",99,164
"13R-1",99,165
"13R-1",99,166
"13R-1",99,167
"13R-1",99,168
"13R-1",99,169
"13R-1",99,170
"13R-1",100,165
"13R-1",100,166
"13R-1",100,167
"13R-1",100,168
"13R-1",100,169
"13R-1",100,170
"13R-1",100,171
"13R-1",101,165
"13R-1",101,166
"13R-1",101,167
"13R-1",101,168
"13R-1",101,169
"13R-1",101,170
"13R-1",101,171
"13R-1",102,167
"13R-1",102,168
"13R-1",102,169
"13R-1",102,170
"13R-1",102,171
"13R-1",102,172
"13R-1",103,168
"13R-1",103,169
"13R-1",103,170
"13R-1",103,171
"13R-1",103,172
"13R-1",103,173
"13R-1",103,174
"13R-1",104,168
"13R-1",104,169
"13R-1",104,170
"13R-1",104,171
"13R-1",104,172
"13R-1",104,173
"13R-1",104,174
"13R-1",105,169
"13R-1",105,170
"13R-1",105,171
"13R-1",105,172
"13R-1",105,173
"13R-1",105,174
"13R-1",105,175
"13R-1",106,170
"13R-1",106,171
"13R-1",106,172
"13R-1",106,173
"13R-1",106,174
"13R-1",106,175
"13R-1",107,170
"13R-1",107,171
"13R-1",107,172
"13R-1",107,173
"13R-1",107,174
"13R-1",107,175
"13R-1",107,176
"13R-1",108,170
"13R-1",108,171
"13R-1",108,172
"13R-1",108,173
"13R-1",108,174
"13R-1",108,175
"13R-1",108,176
"13R-1",109,172
"13R-1",109,173
"13R-1",109,174
"13R-1",109,175
"13R-1",109,176
"13R-1",109,177
"13R-1",110,173
"13R-1",110,174
"13R-1",110,175
"13R-1",110,176
"13R-1",110,177
"13R-1",111,173
"13R-1",111,174
"13R-1",111,175
"13R-1",111,176
"13R-1",111,177
"13R-1",111,178
"13R-1",112,174
"13R-1",112,175
"13R-1",112,176
"13R-1",112,177
"13R-1",112,178
"13R-1",113,175
"13R-1",113,176
"13R-1",113,177
"13R-1",113,178
"13R-1",114,171
"13R-1",114,175
"13R-1",114,176
"13R-1",114,177
"13R-1",114,178
"13R-1",115,176
"13R-1",115,177
"13R-1",115,178
"13R-1",115,181
"13R-1",116,172
"13R-1",116,177
"13R-1",116,178
"13R-1",116,179
"13R-1",116,182
"13R-1",117,172
"13R-1",117,177
"13R-1",117,178
"13R-1",117,179
"13R-1",117,180
"13R-1",118,177
"13R-1",118,178
"13R-1",118,179
"13R-1",118,180
"13R-1",118,181
"13R-1",118,182
"13R-1",119,178
"13R-1",119,179
"13R-1",119,180
"13R-1",119,181
"13R-1",119,182
"13R-1",120,174
"13R-1",120,178
"13R-1",120,179
"13R-1",120,180
"13R-1",120,181
"13R-1",120,182
"13R-1",120,183
"13R-1",120,184
"13R-1",121,178
"13R-1",121,179
"13R-1",121,180
"13R-1",121,181
"13R-1",121,182
"13R-1",121,183
"13R-1",121,184
"13R-1",122,178
"13R-1",122,179
"13R-1",122,180
"13R-1",122,181
"13R-1",122,182
"13R-1",122,183
"13R-1",122,184
"13R-1",122,185
"13R-1",123,179
"13R-1",123,180
"13R-1",123,181
"13R-1",123,182
"13R-1",123,183
"13R-1",123,184
"13R-1",123,185
"13R-1",124,179
"13R-1",124,180
"13R-1",124,181
"13R-1",124,182
"13R-1",124,183
"13R-1",124,184
"13R-1",124,185
"13R-1",124,186
"13R-1",125,180
"13R-1",125,181
"13R-1",125,182
"13R-1",125,183
"13R-1",125,184
"13R-1",125,185
"13R-1",125,186
"13R-1",126,180
"13R-1",126,181
"13R-1",126,182
"13R-1",126,183
"13R-1",126,184
"13R-1",126,185
"13R-1",126,186
"13R-1",126,187
"13R-1",127,178
"13R-1",127,179
"13R-1",127,180
"98",293,131
"98",293,132
"98",293,133
"98",293,134
"98",294,130
"98",294,131
"98",294,132
"98",294,133
"98",294,134
"98",294,135
"98",295,129
"98",295,130
"98",295,131
"98",295,132
"98",295,133
"98",295,134
"98",295,135
"98",295,136
"98",296,129
"98",296,130
"98",296,131
"98",296,132
"98",296,133
"98",296,134
"98",296,135
"98",297,129
"98",297,130
"98",297,131
"98",297,132
"98",297,133
"98",297,134
"98",298,129
"98",298,130
"98",298,131
"98",298,132
"98",298,133
"98",299,129
"98",299,130
"98",299,131
"98",299,132
"98",300,128
"98",300,129
"98",300,130
"98",300,131
"98",301,128
"98",301,129
"98",301,130
"98",302,127
"98",302,128
"98",302,129
"98",303,127
"98",303,128
"98",304,126
"98",304,127
"98",305,126
"98",306,125
"98",306,126
"98",305,127
"98",303,129
"98",304,128
"98",307,125
"98",308,124
"98",302,130
"98",301,131
"98",300,132
"98",299,133
"98",298,134
"98",297,135
"98",296,136
"98",295,137
"98",318,127
"108",526,24
"108",273,39
"108",274,39
"108",275,39
"108",276,39
"108",277,39
"108",278,39
"108",278,40
"108",279,40
"108",280,40
"108",281,40
"108",282,40
"108",283,40
"108",284,40
"108",273,38
"108",274,35
"108",274,36
"108",274,37
"108",274,38
"108",275,32
"108",275,33
"108",275,34
"108",275,35
"108",275,36
"108",275,37
"108",275,38
"108",276,30
"108",276,31
"108",276,32
"108",276,33
"108",276,34
"108",276,35
"108",276,36
"108",276,37
"108",276,38
"108",277,27
"108",277,28
"108",277,29
"108",277,30
"108",277,31
"108",277,32
"108",277,33
"108",277,34
"108",277,35
"108",277,36
"108",277,37
"108",277,38
"108",278,24
"108",278,25
"108",278,26
"108",278,27
"108",278,28
"108",278,29
"108",278,30
"108",278,31
"108",278,32
"108",278,33
"108",278,34
"108",278,35
"108",278,36
"108",278,37
"108",278,38
"108",279,22
"108",279,23
"108",279,24
"108",279,25
"108",279,26
"108",279,27
"108",279,28
"108",279,29
"108",279,30
"108",279,31
"108",279,32
"108",279,33
"108",279,34
"108",279,35
"108",279,36
"108",279,37
"108",279,38
"108",279,39
"108",280,19
"108",280,20
"108",280,21
"108",280,22
"108",280,23
"108",280,24
"108",280,25
"108",280,26
"108",280,27
"108",280,28
"108",280,29
"108",280,30
"108",280,31
"108",280,32
"108",280,33
"108",280,34
"108",280,35
"108",280,36
"108",280,37
"108",280,38
"108",280,39
"108",281,16
"108",281,17
"108",281,18
"108",281,19
"108",281,20
"108",281,21
"108",281,22
"108",281,23
"108",281,24
"108",281,25
"108",281,26
"108",281,27
"108",281,28
"108",281,29
"108",281,30
"108",281,31
"108",281,32
"108",281,33
"108",281,34
"108",281,35
"108",281,36
"108",281,37
"108",281,38
"108",281,39
"108",282,14
"108",282,15
"108",282,16
"108",282,17
"108",282,18
"108",282,19
"108",282,20
"108",282,21
"108",282,22
"108",282,23
"108",282,24
"108",282,25
"108",282,26
"108",282,27
"108",282,28
"108",282,29
"108",282,30
"108",282,31
"108",282,32
"108",282,33
"108",282,34
"108",282,35
"108",282,36
"108",282,37
"108",282,38
"108",282,39
"108",283,11
"108",283,12
"108",283,13
"108",283,14
"108",283,15
"108",283,16
"108",283,17
"108",283,18
"108",283,19
"108",283,20
"108",283,21
"108",283,22
"108",283,23
"108",283,24
"108",283,25
"108",283,26
"108",283,27
"108",283,28
"108",283,29
"108",283,30
"108",283,31
"108",283,32
"108",283,33
"108",283,34
"108",283,35
"108",283,36
"108",283,37
"108",283,38
"108",283,39
"108",284,8
"108",284,9
"108",284,10
"108",284,11
"108",284,12
"108",284,13
"108",284,14
"108",284,15
"108",284,16
"108",284,17
"108",284,18
"108",284,19
"108",284,20
"108",284,21
"108",284,22
"108",284,23
"108",284,24
"108",284,25
"108",284,26
"108",284,27
"108",284,28
"108",284,29
"108",284,30
"108",284,31
"108",284,32
"108",284,33
"108",284,34
"108",284,35
"108",284,36
"108",284,37
"108",284,38
"108",284,39
"108",284,7
"108",284,6
"108",284,5
"108",284,4
"108",284,3
"108",284,2
"108",284,1
"108",284,0
"108",283,0
"108",282,0
"108",281,0
"108",280,0
"108",279,0
"108",278,0
"108",277,0
"108",276,0
"108",275,0
"108",274,0
"108",273,0
"108",273,8
"108",273,7
"108",273,9
"108",273,10
"108",273,11
"108",274,11
"108",274,12
"108",274,13
"108",274,14
"108",274,15
"108",274,16
"108",274,17
"108",274,18
"108",274,19
"108",274,20
"108",274,21
"108",274,22
"108",274,23
"108",274,24
"108",274,25
"108",274,26
"108",274,27
"108",274,28
"108",273,27
"108",273,26
"108",273,25
"108",273,24
"108",273,15
"108",273,16
"108",273,17
"108",273,18
"108",273,19
"108",273,20
"108",273,21
"108",273,22
"108",273,23
"108",273,28
"108",273,29
"108",273,30
"108",273,31
"108",273,32
"108",273,33
"108",273,34
"108",273,35
"108",273,36
"108",273,37
"108",273,1
"108",273,2
"108",273,3
"108",273,4
"108",273,5
"108",273,6
"108",274,1
"108",274,2
"108",274,3
"108",274,4
"108",274,5
"108",274,6
"108",274,7
"108",274,8
"108",274,9
"108",274,10
"108",274,29
"108",274,30
"108",274,31
"108",274,32
"108",274,33
"108",274,34
"108",275,1
"108",275,2
"108",275,3
"108",275,4
"108",275,5
"108",275,6
"108",275,7
"108",275,8
"108",275,9
"108",275,10
"108",275,11
"108",275,12
"108",275,13
"108",275,14
"108",275,15
"108",275,16
"108",275,17
"108",275,18
"108",275,19
"108",275,20
"108",275,21
"108",275,22
"108",275,23
"108",275,24
"108",275,25
"108",275,26
"108",275,27
"108",275,28
"108",275,29
"108",275,30
"108",275,31
"108",276,1
"108",276,2
"108",276,3
"108",276,4
"108",276,5
"108",276,6
"108",276,7
"108",276,8
"108",276,9
"108",276,10
"108",276,11
"108",276,12
"108",276,13
"108",276,14
"108",276,15
"108",276,16
"108",276,17
"108",276,18
"108",276,19
"108",276,20
"108",276,21
"108",276,22
"108",276,23
"108",276,24
"108",276,25
"108",276,26
"108",276,27
"108",276,28
"108",277,1
"108",277,2
"108",277,3
"108",277,4
"108",277,5
"108",277,6
"108",277,7
"108",277,8
"108",277,9
"108",277,10
"108",277,11
"108",277,12
"108",277,13
"108",277,14
"108",277,15
"108",277,16
"108",277,17
"108",277,18
"108",277,19
"108",277,20
"108",277,21
"108",277,22
"108",277,23
"108",277,24
"108",277,25
"108",278,1
"108",278,2
"108",278,3
"108",278,4
"108",278,5
"108",278,6
"108",278,7
"108",278,8
"108",278,9
"108",278,10
"108",278,11
"108",278,12
"108",278,13
"108",278,14
"108",278,15
"108",278,16
"108",278,17
"108",278,18
"108",278,19
"108",278,20
"108",278,21
"108",278,22
"108",279,1
"108",279,2
"108",279,3
"108",279,4
"108",279,5
"108",279,6
"108",279,7
"108",279,8
"108",279,9
"108",279,10
"108",279,11
"108",279,12
"108",279,13
"108",279,14
"108",279,15
"108",279,16
"108",279,17
"108",279,18
"108",279,19
"108",280,1
"108",280,2
"108",280,3
"108",280,4
"108",280,5
"108",280,6
"108",280,7
"108",280,8
"108",280,9
"108",280,10
"108",280,11
"108",280,12
"108",280,13
"108",280,14
"108",280,15
"108",280,16
"108",281,1
"108",281,2
"108",281,3
"108",281,4
"108",281,5
"108",281,6
"108",281,7
"108",281,8
"108",281,9
"108",281,10
"108",281,11
"108",281,12
"108",281,13
"108",282,1
"108",282,2
"108",282,3
"108",282,4
"108",282,5
"108",282,6
"108",282,7
"108",282,8
"108",282,9
"108",282,10
"108",283,1
"108",283,2
"108",283,3
"108",283,4
"108",283,5
"108",283,6
"108",283,7
"108",276,29
"108",279,20
"108",279,21
"108",278,23
"108",277,26
"108",281,14
"108",281,15
"108",280,18
"108",282,11
"108",282,12
"108",282,13
"108",283,10
"108",283,9
"108",280,17
"108",283,8
"108",273,14
"108",273,12
"108",273,13
"108",277,40
"108",276,40
"108",275,40
"108",274,40
"108",273,40
"86",148,166
"86",148,167
"86",148,168
"86",148,169
"86",149,160
"86",149,161
"86",149,162
"86",149,163
"86",149,164
"86",149,165
"86",149,166
"86",149,167
"86",150,161
"86",150,162
"86",150,163
"86",150,164
"86",153,161
"86",137,168
"86",147,173
"86",146,173
"86",140,169
"86",142,171
"86",145,173
"47",134,167
"47",134,168
"47",133,168
"47",133,169
"47",133,170
"47",133,171
"47",132,171
"47",132,170
"47",131,171
"47",131,172
"47",132,172
"47",132,173
"47",133,173
"47",134,173
"47",134,174
"47",135,174
"47",135,175
"47",136,175
"47",136,176
"47",137,176
"47",138,176
"47",139,176
"47",139,177
"47",140,177
"47",140,178
"47",141,178
"47",142,178
"47",142,179
"47",143,179
"47",143,180
"47",144,180
"47",144,179
"47",145,179
"47",145,178
"47",146,178
"47",146,177
"47",147,176
"47",147,175
"47",146,174
"47",145,174
"47",144,173
"47",143,173
"47",143,172
"47",142,172
"47",141,171
"47",140,170
"47",140,171
"47",139,170
"47",138,170
"47",138,169
"47",137,169
"47",137,170
"47",136,170
"47",136,169
"47",136,168
"47",135,168
"47",135,167
"47",135,169
"47",134,169
"47",134,170
"47",133,172
"47",134,171
"47",134,172
"47",135,170
"47",135,171
"47",135,172
"47",135,173
"47",136,171
"47",136,172
"47",136,173
"47",136,174
"47",137,171
"47",137,172
"47",137,173
"47",137,174
"47",137,175
"47",138,171
"47",138,172
"47",138,173
"47",138,174
"47",138,175
"47",139,171
"47",139,172
"47",139,173
"47",139,174
"47",139,175
"47",140,172
"47",140,173
"47",140,174
"47",140,175
"47",140,176
"47",141,172
"47",141,173
"47",141,174
"47",141,175
"47",141,176
"47",141,177
"47",142,173
"47",142,174
"47",142,175
"47",142,176
"47",142,177
"47",143,174
"47",143,175
"47",143,176
"47",143,177
"47",143,178
"47",144,174
"47",144,175
"47",144,176
"47",144,177
"47",144,178
"47",145,175
"47",145,176
"47",145,177
"47",146,175
"47",146,176
"47",138,177
"47",138,178
"47",139,178
"47",139,179
"47",139,180
"47",140,180
"47",140,181
"47",141,182
"47",142,182
"47",140,179
"47",142,183
"47",143,183
"47",141,181
"47",143,182
"47",133,174
"47",147,177
"13R-1",127,181
"13R-1",127,182
"13R-1",127,183
"13R-1",127,184
"13R-1",127,185
"13R-1",127,186
"13R-1",127,187
"13R-1",127,188
"85",216,200
"85",180,187
"85",216,201
"85",216,202
"85",182,187
"85",153,164
"44",98,146
"44",97,146
"44",97,147
"44",96,147
"44",96,148
"44",96,149
"44",96,150
"44",97,150
"44",98,150
"44",98,151
"44",98,152
"44",98,153
"44",98,154
"44",98,155
"44",99,155
"44",99,156
"44",100,156
"44",100,157
"44",101,157
"44",99,154
"44",99,153
"44",100,152
"44",100,153
"44",101,153
"44",101,154
"44",102,154
"44",102,155
"44",103,155
"44",104,155
"44",105,154
"44",106,151
"44",105,150
"44",103,149
"44",102,149
"44",102,148
"44",101,148
"44",101,147
"44",100,147
"44",99,147
"44",98,147
"44",97,148
"44",97,149
"44",98,148
"44",98,149
"44",99,148
"44",99,149
"44",99,150
"44",99,151
"44",99,152
"44",100,148
"44",100,149
"44",100,150
"44",100,151
"44",101,149
"44",101,150
"44",101,151
"44",101,152
"44",102,150
"44",102,151
"44",102,152
"44",102,153
"44",103,150
"44",103,151
"44",103,152
"44",103,153
"44",103,154
"44",104,150
"44",104,151
"44",104,152
"44",104,153
"44",104,154
"44",105,151
"44",105,152
"44",105,153
"44",106,152
"44",106,153
"44",107,151
"44",107,152
"44",98,145
"44",99,146
"44",100,146
"44",103,148
"44",104,149
"44",106,150
"44",99,145
"44",97,151
"44",105,155
"44",106,154
"87",120,144
"87",108,145
"87",120,146
"87",108,147
"87",120,148
"87",108,148
"87",120,149
"87",120,150
"87",109,137
"87",120,152
"87",109,139
"87",120,154
"87",121,142
"87",109,142
"87",121,143
"87",109,143
"87",109,144
"87",121,149
"87",121,150
"87",121,151
"87",110,137
"87",122,144
"87",110,139
"87",122,146
"87",110,141
"87",122,148
"87",123,144
"87",123,145
"87",123,146
"87",110,146
"87",110,147
"87",110,148
"87",119,141
"87",123,143
"87",110,151
"87",121,153
"87",111,138
"87",111,140
"87",108,151
"87",105,149
"87",115,138
"87",103,136
"87",104,135
"87",109,135
"87",105,133
"87",108,134
"87",110,136
"87",111,136
"87",122,142
"87",121,145
"87",109,145
"87",121,146
"87",109,146
"87",121,147
"87",109,147
"87",121,148
"87",109,148
"87",109,149
"87",109,150
"87",122,143
"87",110,138
"87",122,145
"87",110,140
"87",122,147
"87",110,142
"87",110,143
"87",110,144
"87",110,145
"87",124,145
"87",117,140
"87",118,141
"87",110,149
"87",110,150
"87",124,144
"87",111,137
"87",111,139
"87",116,155
"87",111,141
"87",114,154
"87",111,142
"87",123,150
"87",124,148
"87",107,134
"87",116,139
"87",105,134
"87",106,133
"87",110,135
"87",112,136
"87",113,137
"87",125,144
"87",120,141
"87",118,140
"87",125,147
"87",122,152
"87",124,143
"87",126,145
"87",126,146
"87",124,149
"87",123,151
"87",121,154
"87",120,156
"87",117,156
"87",119,157
"87",122,153
"87",121,155
"87",106,134
"87",111,143
"87",107,135
"87",111,144
"87",108,135
"87",111,145
"87",125,145
"87",111,146
"87",125,146
"87",111,147
"87",124,146
"87",111,148
"87",124,147
"87",111,149
"87",123,147
"87",111,150
"87",123,148
"87",111,151
"87",123,149
"87",112,137
"87",122,149
"87",112,138
"87",122,150
"87",112,139
"87",122,151
"87",112,140
"87",121,152
"87",112,141
"87",120,155
"87",112,142
"87",119,156
"87",112,143
"87",118,156
"87",112,144
"87",118,155
"87",112,145
"87",117,155
"87",112,146
"87",116,154
"87",112,147
"87",112,148
"87",115,154
"87",112,149
"87",113,153
"87",112,150
"87",112,153
"87",112,151
"87",111,152
"87",112,152
"87",110,152
"87",113,138
"87",109,151
"87",113,139
"87",108,150
"87",113,140
"87",107,150
"87",113,141
"87",107,149
"87",113,142
"87",106,149
"87",113,143
"87",105,148
"87",113,144
"87",104,148
"87",113,145
"87",113,146
"87",102,147
"87",113,147
"87",101,146
"87",113,148
"87",113,149
"87",113,150
"87",99,144
"87",113,151
"87",100,143
"87",113,152
"87",100,142
"87",114,138
"87",101,141
"87",114,139
"87",101,140
"87",114,140
"87",102,140
"87",114,141
"87",102,139
"87",114,142
"87",102,138
"87",114,143
"87",103,138
"87",114,144
"87",103,137
"87",114,145
"87",104,137
"87",114,146
"87",104,136
"87",114,147
"87",105,135
"87",114,148
"87",100,144
"87",114,149
"87",100,145
"87",114,150
"87",101,142
"87",114,151
"87",101,143
"87",114,152
"87",101,144
"87",114,153
"87",101,145
"87",115,139
"87",102,141
"87",115,140
"87",102,142
"87",115,141
"87",102,143
"87",115,142
"87",102,144
"87",102,145
"87",115,145
"87",103,140
"87",103,141
"87",115,148
"87",103,143
"87",115,149
"87",115,150
"87",103,144
"87",115,152
"87",115,153
"87",103,147
"87",116,142
"87",104,140
"87",104,141
"87",116,145
"87",104,143
"87",116,147
"87",104,145
"87",116,149
"87",104,147
"87",116,151
"87",105,137
"87",116,153
"87",117,141
"87",105,140
"87",105,141
"87",117,144
"87",105,142
"87",117,145
"87",105,144
"87",117,147
"87",108,141
"87",120,142
"87",108,143
"87",108,144
"87",120,145
"87",108,146
"87",120,147
"87",108,149
"87",109,136
"87",120,151
"87",109,138
"87",120,153
"87",109,140
"87",109,141
"87",121,144
"87",115,143
"87",102,146
"87",115,144
"87",103,139
"87",115,146
"87",115,147
"87",103,142
"87",115,151
"87",103,145
"87",103,146
"87",116,140
"87",104,138
"87",116,141
"87",104,139
"87",116,143
"87",116,144
"87",104,142
"87",116,146
"87",104,144
"87",116,148
"87",104,146
"87",116,150
"87",105,136
"87",116,152
"87",105,138
"87",105,139
"87",117,142
"87",117,143
"87",105,143
"87",117,146
"87",105,145
"87",117,148
"87",105,146
"87",105,147
"87",117,149
"87",106,135
"87",117,150
"87",106,136
"87",117,151
"87",106,137
"87",117,152
"87",106,138
"87",117,153
"87",106,139
"87",117,154
"87",106,140
"87",118,142
"87",106,141
"87",118,143
"87",106,142
"87",118,144
"87",106,143
"87",118,145
"87",106,144
"87",118,146
"87",106,145
"87",118,147
"87",106,146
"87",118,148
"87",106,147
"87",118,149
"87",106,148
"87",118,150
"87",107,136
"87",118,151
"87",107,137
"87",118,152
"87",107,138
"87",118,153
"87",107,139
"87",118,154
"87",107,140
"87",119,142
"87",107,141
"87",119,143
"87",107,142
"87",119,144
"87",107,143
"87",119,145
"87",107,144
"87",119,146
"87",107,145
"87",119,147
"87",107,146
"87",119,148
"87",107,147
"87",119,149
"87",107,148
"87",119,150
"87",108,136
"87",119,151
"87",108,137
"87",119,152
"87",108,138
"87",119,153
"87",108,139
"87",119,154
"87",108,140
"87",119,155
"87",108,142
"87",120,143
"45",109,152
"45",108,152
"45",108,153
"45",107,153
"45",107,154
"45",107,155
"45",106,155
"45",106,156
"45",105,156
"45",106,157
"45",107,157
"45",108,157
"45",108,158
"45",109,158
"45",109,159
"45",109,160
"45",109,161
"45",109,162
"45",110,162
"45",110,158
"45",110,159
"45",111,159
"45",112,159
"45",112,160
"45",113,160
"45",113,161
"45",114,161
"45",115,161
"45",115,160
"45",116,160
"45",116,159
"45",117,159
"45",117,158
"45",117,157
"45",116,157
"45",116,156
"45",115,156
"45",115,155
"45",114,155
"45",113,155
"45",113,154
"45",112,154
"45",111,154
"45",111,153
"45",110,153
"45",110,152
"45",109,153
"45",107,156
"45",108,154
"45",108,155
"45",108,156
"45",109,154
"45",109,155
"45",109,156
"45",109,157
"45",110,154
"45",110,155
"45",110,156
"45",110,157
"45",111,155
"45",111,156
"45",111,157
"45",111,158
"45",112,155
"45",112,156
"45",112,157
"45",112,158
"45",113,156
"45",113,157
"45",113,158
"45",113,159
"45",114,156
"45",114,157
"45",114,158
"45",114,159
"45",114,160
"45",115,157
"45",115,158
"45",115,159
"45",116,158
"45",110,163
"45",111,163
"45",111,164
"45",110,160
"45",110,161
"45",112,164
"45",154,165
"45",111,160
"45",112,161
"45",114,162
"45",107,158
"45",108,159
"86",150,165
"86",151,162
"86",151,163
"86",133,149
"86",135,150
"46",119,158
"46",119,159
"46",120,159
"46",121,159
"46",122,159
"46",122,160
"46",123,160
"46",123,161
"46",124,161
"46",125,161
"46",125,162
"46",126,162
"46",126,163
"46",127,163
"46",128,163
"46",128,164
"46",129,164
"46",130,164
"46",130,165
"46",131,165
"46",132,166
"46",132,165
"46",133,166
"46",133,167
"46",132,167
"46",132,168
"46",132,169
"46",131,169
"46",131,170
"46",130,170
"46",130,169
"46",129,169
"46",128,169
"46",127,168
"46",126,168
"46",126,167
"46",125,167
"46",124,167
"46",124,166
"46",124,165
"46",125,165
"46",125,164
"46",124,164
"46",123,164
"46",122,164
"46",122,165
"46",122,166
"46",123,166
"46",121,165
"46",120,165
"46",119,165
"46",119,166
"46",119,167
"46",119,168
"46",120,168
"46",120,169
"46",121,169
"46",121,168
"46",120,167
"46",120,166
"46",120,164
"46",120,163
"46",119,163
"46",119,164
"46",118,163
"46",118,164
"46",117,163
"46",116,163
"46",116,162
"46",115,162
"46",116,161
"46",117,161
"46",117,160
"46",118,160
"46",118,159
"46",117,162
"46",118,161
"46",118,162
"46",119,160
"46",119,161
"46",119,162
"46",120,160
"46",120,161
"46",120,162
"46",121,160
"46",121,161
"46",121,162
"46",121,163
"46",121,164
"46",122,161
"46",122,162
"46",122,163
"46",123,162
"46",123,163
"46",124,162
"46",124,163
"46",125,163
"46",125,166
"46",126,164
"46",126,165
"46",126,166
"46",127,164
"46",127,165
"46",127,166
"46",127,167
"46",128,165
"46",128,166
"46",128,167
"46",128,168
"46",129,165
"46",129,166
"46",129,167
"46",129,168
"46",130,166
"46",130,167
"46",130,168
"46",131,166
"46",131,167
"46",131,168
"46",123,165
"46",118,158
"46",117,159
"46",120,158
"46",118,157
"46",119,157
"46",121,166
"46",122,167
"46",123,167
"46",124,168
"46",125,168
"46",126,169
"46",127,169
"46",128,170
"46",129,170
"46",129,171
"46",130,171
"13R-1",128,179
"13R-1",128,180
"13R-1",128,181
"13R-1",128,182
"13R-1",128,183
"13R-1",128,184
"13R-1",128,185
"13R-1",128,186
"13R-1",128,187
"13R-1",128,188
"13R-1",129,179
"13R-1",129,180
"13R-1",129,181
"13R-1",129,182
"13R-1",129,183
"13R-1",129,184
"13R-1",129,185
"13R-1",129,186
"13R-1",129,187
"13R-1",129,188
"13R-1",129,189
"13R-1",130,179
"13R-1",130,180
"13R-1",130,181
"13R-1",130,182
"13R-1",130,183
"13R-5",367,314
"13R-5",367,313
"13R-5",366,313
"13R-5",365,313
"13R-5",365,312
"13R-5",364,312
"13R-5",364,311
"13R-5",363,311
"13R-5",362,311
"13R-5",362,310
"13R-5",361,310
"13R-5",360,310
"13R-5",360,309
"13R-5",359,309
"13R-5",358,309
"13R-5",358,308
"13R-5",357,308
"13R-5",357,309
"13R-5",357,310
"13R-5",357,311
"13R-5",358,311
"13R-5",359,311
"13R-5",359,312
"13R-5",360,312
"13R-5",360,313
"13R-5",360,314
"13R-5",361,314
"13R-5",402,328
"13R-5",401,328
"13R-5",400,328
"13R-5",399,328
"13R-5",398,327
"13R-5",397,327
"13R-5",396,327
"13R-5",398,328
"13R-5",399,329
"13R-5",400,329
"13R-5",401,329
"13R-5",402,329
"13R-5",402,330
"13R-5",403,330
"13R-5",403,331
"13R-5",404,331
"13R-5",405,331
"13R-5",406,331
"13R-5",406,332
"13R-5",407,332
"13R-5",408,332
"13R-5",409,332
"13R-5",409,334
"13R-5",409,335
"13R-5",408,336
"13R-5",407,337
"13R-5",407,338
"13R-5",407,339
"13R-5",406,340
"13R-5",406,341
"13R-5",405,342
"13R-5",405,343
"13R-5",404,345
"13R-5",401,348
"13R-5",401,347
"13R-5",400,347
"13R-5",400,346
"13R-5",400,345
"13R-5",400,344
"13R-5",399,344
"13R-5",398,343
"13R-5",397,343
"13R-5",396,343
"13R-5",395,342
"13R-5",394,342
"13R-5",393,342
"13R-5",393,341
"13R-5",392,341
"13R-5",391,340
"13R-5",390,339
"13R-5",390,338
"13R-5",389,338
"13R-5",388,337
"13R-5",387,337
"13R-5",387,336
"13R-5",386,336
"13R-5",385,336
"86",127,146
"86",127,147
"86",128,147
"86",129,147
"86",130,148
"86",131,148
"86",131,149
"86",132,149
"86",132,150
"86",133,150
"86",134,150
"86",134,151
"86",135,151
"86",136,151
"86",136,152
"86",137,152
"86",138,152
"86",139,153
"86",140,153
"86",140,154
"86",141,154
"86",142,154
"86",143,155
"86",144,155
"86",144,156
"86",145,156
"86",145,157
"86",146,157
"86",147,157
"86",147,158
"86",148,158
"86",148,159
"86",149,159
"86",150,159
"86",150,160
"86",151,160
"86",151,161
"86",152,161
"86",153,162
"86",152,162
"86",152,163
"86",152,164
"86",151,164
"86",151,165
"86",151,166
"86",150,166
"86",150,167
"86",150,168
"86",149,168
"86",149,169
"86",149,170
"86",148,170
"86",148,171
"86",148,172
"86",147,172
"86",146,172
"86",145,172
"86",144,172
"86",144,171
"86",143,171
"86",143,170
"86",142,170
"86",141,170
"86",141,169
"86",141,168
"86",140,168
"86",139,168
"86",139,169
"86",138,168
"86",138,167
"86",137,167
"86",136,167
"86",136,166
"86",135,166
"86",134,166
"86",134,165
"86",134,164
"86",133,164
"86",133,163
"86",132,163
"86",133,165
"86",132,164
"86",131,164
"86",131,163
"86",130,163
"86",129,163
"86",129,162
"86",128,162
"86",127,162
"86",127,161
"86",126,161
"86",126,160
"86",125,160
"86",124,160
"86",123,159
"86",124,159
"86",124,158
"86",123,158
"86",122,158
"86",121,158
"86",120,158
"86",120,157
"86",121,157
"86",121,156
"86",121,155
"86",122,155
"86",122,154
"86",123,154
"86",123,153
"86",123,152
"86",124,152
"86",124,151
"86",124,150
"86",125,150
"86",125,149
"86",125,148
"86",126,147
"86",122,156
"86",122,157
"86",123,155
"86",123,156
"86",123,157
"86",124,153
"86",124,154
"86",124,155
"86",124,156
"86",124,157
"86",125,151
"86",125,152
"86",125,153
"86",125,154
"86",125,155
"86",125,156
"86",125,157
"86",125,158
"86",125,159
"86",126,148
"86",126,149
"86",126,150
"86",126,151
"86",126,152
"86",126,153
"86",126,154
"86",126,155
"86",126,156
"86",126,157
"86",126,158
"86",126,159
"86",127,148
"86",127,149
"86",127,150
"86",127,151
"86",127,152
"86",127,153
"86",127,154
"86",127,155
"86",127,156
"86",127,157
"86",127,158
"86",127,159
"86",127,160
"86",128,148
"86",128,149
"86",128,150
"86",128,151
"86",128,152
"86",128,153
"86",128,154
"86",128,155
"86",128,156
"86",128,157
"86",128,158
"86",128,159
"86",128,160
"86",128,161
"86",129,148
"86",129,149
"86",129,150
"86",129,151
"86",129,152
"86",129,153
"86",129,154
"86",129,155
"86",129,156
"86",129,157
"86",129,158
"86",129,159
"86",129,160
"86",129,161
"86",130,149
"86",130,150
"86",130,151
"86",130,152
"86",130,153
"86",130,154
"86",130,155
"86",130,156
"86",130,157
"86",130,158
"86",130,159
"86",130,160
"86",130,161
"86",130,162
"86",131,150
"86",131,151
"86",131,152
"86",131,153
"86",131,154
"86",131,155
"86",131,156
"86",131,157
"86",131,158
"86",131,159
"86",131,160
"86",131,161
"86",131,162
"86",132,151
"86",132,152
"86",132,153
"86",132,154
"86",132,155
"86",132,156
"86",132,157
"86",132,158
"86",132,159
"86",132,160
"86",132,161
"86",132,162
"86",133,151
"86",133,152
"86",133,153
"86",133,154
"86",133,155
"86",133,156
"86",133,157
"86",133,158
"86",133,159
"104A",230,99
"104A",231,99
"104A",261,122
"104A",232,99
"104A",261,123
"104A",233,99
"104A",261,124
"104A",234,99
"104A",261,125
"104A",235,99
"104A",261,126
"104A",236,99
"104A",262,121
"104A",236,100
"104A",262,122
"104A",236,101
"104A",262,123
"104A",236,102
"104A",262,124
"104A",236,103
"104A",262,125
"104A",236,104
"86",133,160
"86",133,161
"86",133,162
"86",134,152
"86",134,153
"86",134,154
"86",134,155
"86",134,156
"86",134,157
"86",134,158
"86",134,159
"86",134,160
"86",134,161
"86",134,162
"86",134,163
"86",135,152
"86",135,153
"86",135,154
"86",135,155
"86",135,156
"86",135,157
"86",135,158
"86",135,159
"86",135,160
"104A",262,126
"104A",236,105
"104A",263,121
"104A",236,106
"104A",263,122
"104A",236,107
"104A",263,123
"104A",236,108
"104A",263,124
"104A",237,107
"104A",263,125
"104A",237,106
"104A",263,126
"104A",237,105
"104A",263,127
"104A",237,104
"104A",264,119
"104A",237,108
"104A",264,120
"104A",237,109
"104A",264,121
"104A",237,110
"104A",264,122
"104A",237,111
"104A",264,123
"104A",237,112
"104A",264,124
"104A",237,113
"104A",264,125
"104A",237,114
"104A",264,126
"104A",237,115
"104A",264,127
"104A",237,116
"104A",265,119
"104A",237,117
"104A",265,120
"104A",237,118
"104A",265,121
"104A",238,118
"104A",265,122
"104A",239,118
"104A",265,123
"104A",240,118
"104A",265,124
"104A",241,118
"104A",265,125
"104A",241,119
"104A",265,126
"104A",242,119
"104A",265,127
"104A",243,119
"104A",266,119
"104A",244,119
"104A",266,120
"104A",245,119
"104A",266,121
"104A",246,119
"104A",266,122
"104A",247,119
"104A",266,123
"104A",247,120
"104A",266,124
"104A",248,120
"104A",266,125
"104A",249,120
"104A",267,117
"104A",250,120
"104A",267,118
"104A",251,120
"104A",267,119
"104A",252,120
"104A",267,120
"104A",253,121
"104A",267,121
"104A",254,121
"104A",267,122
"104A",255,121
"104A",267,123
"104A",256,121
"104A",267,124
"104A",257,121
"104A",267,125
"104A",257,120
"104A",268,118
"104A",258,120
"104A",268,119
"104A",259,120
"104A",268,120
"104A",260,120
"104A",268,121
"104A",261,120
"104A",268,122
"104A",261,121
"104A",268,123
"104A",262,120
"104A",268,124
"104A",263,120
"104A",268,125
"104A",263,119
"104A",269,119
"104A",264,118
"104A",269,120
"104A",265,118
"104A",269,121
"104A",266,118
"104A",269,122
"104A",266,117
"104A",269,123
"104A",268,117
"104A",269,124
"104A",269,118
"104A",270,119
"104A",271,120
"104A",270,120
"104A",272,121
"104A",270,121
"104A",272,123
"104A",270,122
"104A",271,124
"104A",270,123
"104A",270,124
"104A",271,121
"104A",270,125
"104A",271,122
"104A",269,125
"104A",271,123
"104A",268,126
"104A",272,122
"104A",267,126
"104A",231,126
"104A",266,126
"104A",232,126
"104A",266,127
"104A",246,126
"104A",260,127
"104A",257,128
"104A",259,126
"104A",258,128
"104A",258,126
"104A",259,128
"104A",257,126
"104A",260,128
"104A",257,127
"104A",261,128
"104A",256,127
"104A",262,128
"104A",259,127
"104A",263,128
"104A",258,127
"104A",264,128
"104A",255,127
"104A",265,128
"104A",254,127
"104A",262,127
"104A",253,127
"104A",261,127
"104A",252,127
"104A",247,127
"104A",251,127
"104A",246,127
"104A",250,127
"104A",245,127
"104A",249,127
"104A",244,127
"104A",248,127
"104A",243,127
"104A",247,126
"104A",242,127
"104A",239,126
"104A",238,126
"104A",241,127
"104A",237,126
"104A",240,127
"104A",239,127
"104A",236,126
"104A",253,120
"104A",235,126
"104A",234,126
"104A",254,120
"104A",255,120
"104A",233,126
"104A",232,125
"104A",256,120
"104A",231,125
"104A",237,103
"104A",237,102
"104A",231,124
"104A",237,101
"104A",231,123
"104A",231,122
"104A",237,100
"104A",230,122
"104A",237,99
"104A",267,116
"104A",230,121
"104A",272,124
"104A",230,120
"104A",230,119
"104A",273,124
"104A",230,118
"104A",267,127
"104A",230,117
"104A",230,116
"104A",230,115
"104A",230,114
"104A",230,113
"104A",230,112
"104A",230,111
"104A",230,110
"104A",230,109
"104A",230,108
"104A",230,107
"104A",230,106
"104A",230,105
"104A",230,104
"104A",230,103
"104A",230,102
"104A",230,101
"104A",230,100
"104A",231,100
"104A",231,101
"104A",231,102
"104A",231,103
"104A",231,104
"104A",231,105
"104A",231,106
"104A",231,107
"104A",231,108
"104A",231,109
"104A",231,110
"104A",231,111
"104A",231,112
"104A",231,113
"104A",231,114
"104A",231,115
"104A",231,116
"104A",231,117
"104A",231,118
"104A",231,119
"104A",231,120
"104A",231,121
"104A",232,100
"104A",232,101
"104A",232,102
"104A",232,103
"104A",232,104
"104A",232,105
"104A",232,106
"104A",232,107
"104A",232,108
"104A",232,109
"104A",232,110
"104A",232,111
"104A",232,112
"104A",232,113
"104A",232,114
"104A",260,125
"104A",260,124
"104A",260,123
"104A",260,126
"104A",260,122
"104A",260,121
"104A",259,121
"104A",258,121
"104A",257,122
"104A",256,122
"104A",255,122
"104A",254,122
"104A",252,121
"104A",240,119
"104A",239,119
"104A",238,119
"104A",237,119
"104A",236,117
"104A",236,116
"104A",236,115
"104A",236,114
"104A",236,113
"104A",236,112
"104A",236,111
"104A",236,110
"104A",235,101
"104A",235,100
"104A",234,100
"104A",233,100
"104A",233,101
"104A",232,124
"104A",233,125
"104A",240,126
"104A",241,126
"104A",242,126
"104A",243,126
"104A",244,126
"104A",245,126
"104A",248,126
"104A",249,126
"104A",250,126
"104A",251,126
"104A",252,126
"104A",253,126
"104A",254,126
"104A",255,126
"104A",256,126
"104A",258,125
"104A",259,125
"104A",259,122
"104A",258,122
"104A",232,115
"104A",232,116
"104A",232,117
"104A",232,118
"104A",232,119
"104A",232,120
"104A",232,121
"104A",232,122
"104A",232,123
"104A",233,102
"104A",233,103
"104A",233,104
"104A",233,105
"104A",233,106
"104A",233,107
"104A",233,108
"104A",233,109
"104A",233,110
"104A",233,111
"104A",233,112
"104A",233,113
"104A",233,114
"104A",233,115
"104A",233,116
"104A",233,117
"104A",233,118
"104A",233,119
"104A",233,120
"104A",233,121
"104A",233,122
"104A",233,123
"104A",233,124
"104A",234,101
"104A",234,102
"104A",234,103
"104A",234,104
"104A",234,105
"104A",234,106
"104A",234,107
"104A",234,108
"104A",234,109
"104A",234,110
"104A",234,111
"104A",234,112
"104A",234,113
"104A",234,114
"104A",234,115
"104A",234,116
"104A",234,117
"104A",234,118
"104A",234,119
"104A",234,120
"104A",234,121
"104A",234,122
"104A",234,123
"104A",234,124
"104A",234,125
"104A",235,102
"104A",235,103
"104A",235,104
"104A",235,105
"104A",235,106
"104A",235,107
"104A",235,108
"104A",235,109
"104A",235,110
"104A",235,111
"104A",235,112
"104A",235,113
"104A",235,114
"104A",235,115
"104A",235,116
"104A",235,117
"104A",235,118
"104A",235,119
"104A",235,120
"104A",235,121
"104A",235,122
"104A",235,123
"104A",235,124
"104A",235,125
"104A",236,109
"104A",236,118
"104A",236,119
"104A",236,120
"104A",236,121
"104A",236,122
"104A",236,123
"104A",236,124
"104A",236,125
"104A",237,120
"104A",237,121
"104A",237,122
"104A",237,123
"104A",237,124
"104A",237,125
"104A",238,120
"104A",238,121
"104A",238,122
"104A",238,123
"104A",238,124
"104A",238,125
"104A",239,120
"104A",239,121
"104A",239,122
"104A",239,123
"104A",239,124
"104A",239,125
"104A",240,120
"104A",240,121
"104A",240,122
"104A",240,123
"104A",240,124
"104A",240,125
"104A",241,120
"104A",241,121
"104A",241,122
"104A",241,123
"104A",241,124
"104A",241,125
"104A",242,120
"104A",242,121
"104A",242,122
"104A",242,123
"104A",242,124
"104A",242,125
"104A",243,120
"104A",243,121
"104A",243,122
"104A",243,123
"104A",243,124
"104A",243,125
"104A",244,120
"104A",244,121
"104A",244,122
"104A",244,123
"104A",244,124
"104A",244,125
"104A",245,120
"104A",245,121
"104A",245,122
"104A",245,123
"104A",245,124
"104A",245,125
"104A",246,120
"104A",246,121
"104A",246,122
"104A",246,123
"104A",246,124
"104A",246,125
"104A",247,121
"104A",247,122
"104A",247,123
"104A",247,124
"104A",247,125
"104A",248,121
"104A",248,122
"104A",248,123
"104A",248,124
"104A",248,125
"104A",249,121
"104A",249,122
"104A",249,123
"104A",249,124
"104A",249,125
"104A",250,121
"104A",250,122
"104A",250,123
"104A",250,124
"104A",250,125
"104A",251,121
"104A",251,122
"104A",251,123
"104A",251,124
"104A",251,125
"104A",252,122
"104A",252,123
"104A",252,124
"104A",252,125
"104A",253,122
"104A",253,123
"104A",253,124
"104A",253,125
"104A",254,123
"104A",254,124
"104A",254,125
"104A",255,123
"104A",255,124
"104A",255,125
"104A",256,123
"104A",256,124
"104A",256,125
"104A",257,123
"104A",257,124
"104A",257,125
"104A",258,123
"104A",258,124
"104A",259,123
"104A",259,124
"104",280,113
"104",281,113
"104",282,113
"104",282,112
"104",283,112
"104",284,112
"104",284,113
"104",285,113
"104",285,114
"104",285,115
"104",286,115
"104",286,116
"104",286,117
"104",286,118
"104",286,119
"104",285,119
"104",285,120
"104",284,120
"104",284,121
"104",283,121
"104",282,121
"104",283,122
"104",282,122
"104",281,121
"104",281,122
"104",280,122
"104",280,123
"104",279,123
"104",279,124
"104",278,124
"104",278,125
"104",278,126
"104",277,126
"104",277,127
"104",276,127
"104",276,128
"104",276,126
"104",275,126
"104",274,126
"104",274,125
"104",274,124
"104",274,123
"104",273,123
"104",273,122
"104",273,121
"104",273,120
"104",272,120
"104",272,119
"104",271,119
"104",271,118
"104",270,118
"104",270,117
"104",269,117
"104",269,116
"104",268,116
"104",268,115
"104",268,114
"104",267,114
"104",267,115
"104",267,113
"104",267,112
"104",267,111
"104",267,110
"104",268,110
"104",268,109
"104",267,109
"104",266,110
"104",266,109
"104",266,108
"104",265,108
"104",265,107
"104",265,106
"104",265,105
"104",264,104
"104",264,103
"104",264,102
"104",264,101
"104",264,100
"104",264,99
"104",264,98
"104",264,97
"104",264,96
"104",264,95
"104",264,94
"104",264,93
"104",264,92
"104",264,91
"104",264,90
"104",264,89
"104",264,88
"104",264,87
"104",263,87
"104",263,86
"104",263,88
"104",263,89
"104",263,90
"104",263,93
"104",263,92
"104",263,91
"104",263,94
"104",263,95
"104",263,96
"104",263,97
"104",263,98
"104",272,86
"104",275,87
"104",275,88
"104",275,89
"104",275,90
"104",276,90
"104",276,91
"104",276,92
"104",276,93
"104",276,94
"104",276,95
"104",276,96
"104",276,97
"104",275,97
"104",275,98
"104",275,99
"104",275,100
"104",275,101
"104",276,100
"104",276,99
"104",276,98
"104",276,101
"104",276,102
"104",276,103
"104",276,104
"104",276,105
"104",277,105
"104",277,106
"104",277,107
"104",278,107
"104",278,108
"104",278,109
"104",278,110
"104",279,110
"104",279,111
"104",279,112
"104",279,113
"104",264,86
"104",265,86
"104",265,87
"104",265,88
"104",265,89
"104",265,90
"104",265,91
"104",265,92
"104",265,93
"104",265,94
"104",265,95
"104",265,96
"104",265,97
"104",265,98
"104",265,99
"104",265,100
"104",265,101
"104",265,102
"104",265,103
"104",265,104
"104",266,86
"104",266,87
"104",266,88
"104",266,89
"104",266,90
"104",266,91
"104",266,92
"104",266,93
"104",266,94
"104",266,95
"104",266,96
"104",266,97
"104",266,98
"104",266,99
"104",266,100
"104",266,101
"104",266,102
"104",266,103
"104",266,104
"104",266,105
"104",266,106
"104",266,107
"104",267,86
"104",267,87
"104",267,88
"104",267,89
"104",267,90
"104",267,91
"104",267,92
"104",267,93
"104",267,94
"104",267,95
"104",267,96
"104",267,97
"104",267,98
"104",267,99
"104",267,100
"104",267,101
"104",267,102
"104",267,103
"104",267,104
"104",267,105
"104",267,106
"104",267,107
"104",267,108
"104",268,86
"104",268,87
"104",268,88
"104",268,89
"104",268,90
"104",268,91
"104",268,92
"104",268,93
"104",268,94
"104",268,95
"104",268,96
"104",268,97
"104",268,98
"104",268,99
"104",268,100
"104",268,101
"104",268,102
"104",268,103
"104",268,104
"104",268,105
"104",268,106
"104",268,107
"104",268,108
"104",268,111
"104",268,112
"104",268,113
"104",269,86
"104",269,87
"104",269,88
"104",269,89
"104",269,90
"104",269,91
"104",269,92
"104",269,93
"104",269,94
"104",269,95
"104",269,96
"104",269,97
"104",269,98
"104",269,99
"104",269,100
"104",269,101
"104",269,102
"104",269,103
"104",269,104
"104",269,105
"104",269,106
"104",269,107
"104",269,108
"104",269,109
"104",269,110
"104",269,111
"104",269,112
"104",269,113
"104",269,114
"104",269,115
"104",270,86
"104",270,87
"104",270,88
"104",270,89
"104",270,90
"104",270,91
"104",270,92
"104",270,93
"104",270,94
"104",270,95
"104",270,96
"104",270,97
"104",270,98
"104",270,99
"104",270,100
"104",270,101
"104",270,102
"104",270,103
"104",270,104
"104",270,105
"104",270,106
"104",270,107
"104",270,108
"104",270,109
"104",270,110
"104",270,111
"104",270,112
"104",270,113
"104",270,114
"104",270,115
"104",270,116
"104",271,86
"104",271,87
"104",271,88
"104",271,89
"104",271,90
"104",271,91
"104",271,92
"104",271,93
"104",271,94
"104",271,95
"104",271,96
"104",271,97
"104",271,98
"104",271,99
"104",271,100
"104",271,101
"104",271,102
"104",271,103
"104",271,104
"104",271,105
"104",271,106
"104",271,107
"104",271,108
"104",271,109
"104",271,110
"104",271,111
"104",271,112
"104",271,113
"104",271,114
"104",271,115
"104",271,116
"104",271,117
"104",272,87
"104",272,88
"104",272,89
"104",272,90
"104",272,91
"104",272,92
"104",272,93
"104",272,94
"104",272,95
"104",272,96
"104",272,97
"104",272,98
"104",272,99
"104",272,100
"104",272,101
"104",272,102
"104",272,103
"104",272,104
"104",272,105
"104",272,106
"104",272,107
"104",272,108
"104",272,109
"104",272,110
"104",272,111
"104",272,112
"104",272,113
"104",272,114
"104",272,115
"104",272,116
"104",272,117
"104",272,118
"104",273,87
"104",273,88
"104",273,89
"104",273,90
"104",273,91
"104",273,92
"104",273,93
"104",273,94
"104",273,95
"104",273,96
"104",273,97
"104",273,98
"104",273,99
"104",273,100
"104",273,101
"104",273,102
"104",273,103
"104",273,104
"104",273,105
"104",273,106
"104",273,107
"104",273,108
"104",273,109
"104",273,110
"104",273,111
"104",273,112
"104",273,113
"104",273,114
"104",273,115
"104",273,116
"104",273,117
"104",273,118
"104",273,119
"104",274,87
"104",274,88
"104",274,89
"104",274,90
"104",274,91
"104",274,92
"104",274,93
"104",274,94
"104",274,95
"104",274,96
"104",274,97
"104",274,98
"104",274,99
"104",274,100
"104",274,101
"104",274,102
"104",274,103
"104",274,104
"104",274,105
"104",274,106
"104",274,107
"104",274,108
"104",274,109
"104",274,110
"104",274,111
"104",274,112
"104",274,113
"104",274,114
"104",274,115
"104",274,116
"104",274,117
"104",274,118
"104",274,119
"104",274,120
"104",274,121
"104",274,122
"104",275,91
"104",275,92
"104",275,93
"104",275,94
"104",275,95
"104",275,96
"104",275,102
"104",275,103
"104",275,104
"104",275,105
"104",275,106
"104",275,107
"104",275,108
"104",275,109
"104",275,110
"104",275,111
"104",275,112
"104",275,113
"104",275,114
"104",275,115
"104",275,116
"104",275,117
"104",275,118
"104",275,119
"104",275,120
"104",275,121
"104",275,122
"104",275,123
"104",275,124
"104",275,125
"104",276,106
"104",276,107
"104",276,108
"104",276,109
"104",276,110
"104",276,111
"104",276,112
"104",276,113
"104",276,114
"104",276,115
"104",276,116
"104",276,117
"104",276,118
"104",276,119
"104",276,120
"104",276,121
"104",276,122
"104",276,123
"104",276,124
"104",276,125
"104",277,108
"104",277,109
"104",277,110
"104",277,111
"104",277,112
"104",277,113
"104",277,114
"104",277,115
"104",277,116
"104",277,117
"104",277,118
"104",277,119
"104",277,120
"104",277,121
"104",277,122
"104",277,123
"104",277,124
"104",277,125
"104",278,111
"104",278,112
"104",278,113
"104",278,114
"104",278,115
"104",278,116
"104",278,117
"104",278,118
"104",278,119
"104",278,120
"104",278,121
"104",278,122
"104",278,123
"104",279,114
"104",279,115
"104",279,116
"104",279,117
"104",279,118
"104",279,119
"104",279,120
"104",279,121
"104",279,122
"104",280,114
"104",280,115
"104",280,116
"104",280,117
"104",280,118
"104",280,119
"104",280,120
"104",280,121
"104",281,114
"104",281,115
"104",281,116
"104",281,117
"104",281,118
"104",281,119
"104",281,120
"104",282,114
"104",282,115
"104",282,116
"104",282,117
"104",282,118
"104",282,119
"104",282,120
"104",283,113
"104",283,114
"104",283,115
"104",283,116
"104",283,117
"104",283,118
"104",283,119
"104",283,120
"104",284,114
"104",284,115
"104",284,116
"104",284,117
"104",284,118
"104",284,119
"104",285,116
"104",285,117
"104",285,118
"104",263,99
"104",263,100
"104",263,101
"104",263,102
"104",264,105
"104",264,106
"105",287,116
"105",288,116
"105",289,116
"105",289,115
"105",290,115
"105",291,115
"105",288,115
"105",287,115
"105",287,114
"105",286,114
"105",286,113
"105",286,112
"105",285,112
"105",285,111
"105",285,110
"105",284,110
"105",284,111
"105",283,111
"105",282,111
"105",281,111
"105",280,111
"105",281,112
"105",280,112
"105",280,110
"105",280,109
"105",279,109
"105",279,108
"105",279,107
"105",279,106
"105",278,106
"105",278,105
"105",278,104
"105",277,104
"105",277,103
"105",277,102
"105",277,101
"105",277,100
"105",277,99
"105",277,98
"105",277,97
"105",278,96
"105",278,95
"105",278,94
"105",277,96
"105",277,95
"105",277,94
"105",277,93
"105",277,92
"105",277,91
"105",277,90
"105",277,89
"105",277,88
"105",276,88
"105",276,89
"105",277,87
"105",277,86
"105",277,85
"105",277,84
"105",277,83
"105",277,82
"105",276,82
"105",276,81
"105",276,80
"105",276,79
"105",276,78
"105",276,77
"105",276,76
"105",276,75
"105",276,74
"105",276,73
"105",276,72
"105",276,71
"105",276,70
"105",276,69
"105",276,68
"105",276,67
"105",276,66
"105",276,65
"105",276,64
"105",276,63
"105",276,62
"105",277,62
"105",277,63
"105",277,64
"105",277,65
"105",277,66
"105",278,67
"105",278,68
"105",277,68
"105",277,67
"105",278,62
"105",279,62
"105",280,62
"105",281,62
"105",282,62
"105",283,62
"105",284,62
"105",285,62
"105",285,63
"105",285,64
"105",285,65
"105",285,66
"105",285,67
"105",285,68
"105",285,69
"105",285,70
"105",285,71
"105",285,72
"105",285,73
"105",285,74
"105",285,75
"105",285,76
"105",285,77
"105",285,78
"105",285,79
"105",285,80
"105",285,81
"105",285,82
"105",285,83
"105",285,84
"105",285,85
"105",285,86
"105",285,87
"105",285,88
"105",285,89
"105",285,90
"105",285,91
"105",285,92
"105",285,93
"105",285,94
"105",285,95
"105",285,96
"105",285,97
"105",285,98
"105",285,99
"105",286,100
"105",286,101
"105",286,102
"105",286,103
"105",286,104
"105",287,104
"105",287,105
"105",288,105
"105",288,106
"105",288,107
"105",289,107
"105",289,108
"105",289,109
"105",290,109
"105",290,110
"105",290,111
"105",291,111
"105",291,112
"105",292,112
"105",292,113
"105",293,113
"105",293,114
"105",293,115
"105",292,115
"105",277,69
"105",277,70
"105",277,71
"105",277,72
"105",277,73
"105",277,74
"105",277,75
"105",277,76
"105",277,77
"105",277,78
"105",277,79
"105",277,80
"105",277,81
"105",278,63
"105",278,64
"105",278,65
"105",278,66
"105",278,69
"105",278,70
"105",278,71
"105",278,72
"105",278,73
"105",278,74
"105",278,75
"105",278,76
"105",278,77
"105",278,78
"105",278,79
"105",278,80
"105",278,81
"105",278,82
"105",278,83
"105",278,84
"105",278,85
"105",278,86
"105",278,87
"105",278,88
"105",278,89
"105",278,90
"105",278,91
"105",278,92
"105",278,93
"105",278,97
"105",278,98
"105",278,99
"105",278,100
"105",278,101
"105",278,102
"105",278,103
"105",279,63
"105",279,64
"105",279,65
"105",279,66
"105",279,67
"105",279,68
"105",279,69
"105",279,70
"105",279,71
"105",279,72
"105",279,73
"105",279,74
"105",279,75
"105",279,76
"105",279,77
"105",279,78
"105",279,79
"105",279,80
"105",279,81
"105",279,82
"105",279,83
"105",279,84
"105",279,85
"105",279,86
"105",279,87
"105",279,88
"105",279,89
"105",279,90
"105",279,91
"105",279,92
"105",279,93
"105",279,94
"105",279,95
"105",279,96
"105",279,97
"105",279,98
"105",279,99
"105",279,100
"105",279,101
"105",279,102
"105",279,103
"105",279,104
"105",279,105
"105",280,63
"105",280,64
"105",280,65
"105",280,66
"105",280,67
"105",280,68
"105",280,69
"105",280,70
"105",280,71
"105",280,72
"105",280,73
"105",280,74
"105",280,75
"105",280,76
"105",280,77
"105",280,78
"105",280,79
"105",280,80
"105",280,81
"105",280,82
"105",280,83
"105",280,84
"105",280,85
"105",280,86
"105",280,87
"105",280,88
"105",280,89
"105",280,90
"105",280,91
"105",280,92
"105",280,93
"105",280,94
"105",280,95
"105",280,96
"105",280,97
"105",280,98
"105",280,99
"105",280,100
"105",280,101
"105",280,102
"105",280,103
"105",280,104
"105",280,105
"105",280,106
"105",280,107
"105",280,108
"105",281,63
"105",281,64
"105",281,65
"105",281,66
"105",281,67
"105",281,68
"105",281,69
"105",281,70
"105",281,71
"105",281,72
"105",281,73
"105",281,74
"105",281,75
"105",281,76
"105",281,77
"105",281,78
"105",281,79
"105",281,80
"105",281,81
"105",281,82
"105",281,83
"105",281,84
"105",281,85
"105",281,86
"105",281,87
"105",281,88
"105",281,89
"105",281,90
"105",281,91
"105",281,92
"105",281,93
"105",281,94
"105",281,95
"105",281,96
"105",281,97
"105",281,98
"105",281,99
"105",281,100
"105",281,101
"105",281,102
"105",281,103
"105",281,104
"105",281,105
"105",281,106
"105",281,107
"105",281,108
"105",281,109
"105",281,110
"105",282,63
"105",282,64
"105",282,65
"105",282,66
"105",282,67
"105",282,68
"105",282,69
"105",282,70
"105",282,71
"105",282,72
"105",282,73
"105",282,74
"105",282,75
"105",282,76
"105",282,77
"105",282,78
"105",282,79
"105",282,80
"105",282,81
"105",282,82
"105",282,83
"105",282,84
"105",282,85
"105",282,86
"105",282,87
"105",282,88
"105",282,89
"105",282,90
"105",282,91
"105",282,92
"105",282,93
"105",282,94
"105",282,95
"105",282,96
"105",282,97
"105",282,98
"105",282,99
"105",282,100
"105",282,101
"105",282,102
"105",282,103
"105",282,104
"105",282,105
"105",282,106
"105",282,107
"105",282,108
"105",282,109
"105",282,110
"105",283,63
"105",283,64
"105",283,65
"105",283,66
"105",283,67
"105",283,68
"105",283,69
"105",283,70
"105",283,71
"105",283,72
"105",283,73
"105",283,74
"105",283,75
"105",283,76
"105",283,77
"105",283,78
"105",283,79
"105",283,80
"105",283,81
"105",283,82
"105",283,83
"105",283,84
"105",283,85
"105",283,86
"105",283,87
"105",283,88
"105",283,89
"105",283,90
"105",283,91
"105",283,92
"105",283,93
"105",283,94
"105",283,95
"105",283,96
"105",283,97
"105",283,98
"105",283,99
"105",283,100
"105",283,101
"105",283,102
"105",283,103
"105",283,104
"105",283,105
"105",283,106
"105",283,107
"105",283,108
"105",283,109
"105",283,110
"105",284,63
"105",284,64
"105",284,65
"105",284,66
"105",284,67
"105",284,68
"105",284,69
"105",284,70
"105",284,71
"105",284,72
"105",284,73
"105",284,74
"105",284,75
"105",284,76
"105",284,77
"105",284,78
"105",284,79
"105",284,80
"105",284,81
"105",284,82
"105",284,83
"105",284,84
"105",284,85
"105",284,86
"105",284,87
"105",284,88
"105",284,89
"105",284,90
"105",284,91
"105",284,92
"105",284,93
"105",284,94
"105",284,95
"105",284,96
"105",284,97
"105",284,98
"105",284,99
"105",284,100
"105",284,101
"105",284,102
"105",284,103
"105",284,104
"105",284,105
"105",284,106
"105",284,107
"105",284,108
"105",284,109
"105",285,100
"105",285,101
"105",285,102
"105",285,103
"105",285,104
"105",285,105
"105",285,106
"105",285,107
"105",285,108
"105",285,109
"105",286,105
"105",286,106
"105",286,107
"105",286,108
"105",286,109
"105",286,110
"105",286,111
"105",287,106
"105",287,107
"105",287,108
"105",287,109
"105",287,110
"105",287,111
"105",287,112
"105",287,113
"105",288,108
"105",288,109
"105",288,110
"105",288,111
"105",288,112
"105",288,113
"105",288,114
"105",289,110
"105",289,111
"105",289,112
"105",289,113
"105",289,114
"105",290,112
"105",290,113
"105",290,114
"105",291,113
"105",291,114
"105",292,114
"105",276,87
"105",276,86
"105",276,85
"105",276,84
"105",276,83
"105",275,82
"105",275,81
"105",275,80
"105",275,79
"105",275,83
"105",275,75
"105",275,76
"105",275,77
"105",275,78
"105",275,74
"105",275,73
"105",275,72
"105",275,71
"105",275,70
"105",275,68
"105",275,69
"105",275,67
"105",275,66
"105",275,65
"105",275,64
"105",275,63
"105",275,62
"106",273,86
"106",274,86
"106",275,86
"106",275,85
"106",275,84
"106",274,84
"106",274,83
"106",274,82
"106",274,81
"106",274,80
"106",274,79
"106",274,78
"106",274,77
"106",274,76
"106",274,75
"106",274,74
"106",274,73
"106",274,72
"106",274,71
"106",274,70
"106",274,69
"106",274,68
"106",274,67
"106",274,66
"106",274,65
"106",274,64
"106",274,63
"106",274,62
"106",273,62
"106",272,62
"106",271,62
"106",270,62
"106",270,61
"106",269,61
"106",269,60
"106",268,60
"106",268,59
"106",267,59
"106",267,58
"106",266,59
"106",265,59
"106",264,58
"106",265,58
"106",266,58
"106",263,58
"106",263,59
"106",263,60
"106",263,61
"106",263,62
"106",263,63
"106",263,64
"106",263,65
"106",263,66
"106",263,67
"106",263,68
"106",263,69
"106",263,70
"106",263,71
"106",263,73
"106",263,72
"106",263,74
"106",263,75
"106",263,76
"106",263,77
"106",263,78
"106",263,79
"106",263,80
"106",263,81
"106",263,82
"106",263,83
"106",263,84
"106",263,85
"106",264,85
"106",265,85
"106",266,85
"106",267,85
"106",268,85
"106",269,85
"106",270,85
"106",271,85
"106",272,85
"106",273,85
"106",274,85
"106",264,59
"106",264,60
"106",264,61
"106",264,62
"106",264,63
"106",264,64
"106",264,65
"106",264,66
"106",264,67
"106",264,68
"106",264,69
"106",264,70
"106",264,71
"106",264,72
"106",264,73
"106",264,74
"106",264,75
"106",264,76
"106",264,77
"106",264,78
"106",264,79
"106",264,80
"106",264,81
"106",264,82
"106",264,83
"106",264,84
"106",265,60
"106",265,61
"106",265,62
"106",265,63
"106",265,64
"106",265,65
"106",265,66
"106",265,67
"106",265,68
"106",265,69
"106",265,70
"106",265,71
"106",265,72
"106",265,73
"106",265,74
"106",265,75
"106",265,76
"106",265,77
"106",265,78
"106",265,79
"106",265,80
"106",265,81
"106",265,82
"106",265,83
"106",265,84
"106",266,60
"106",266,61
"106",266,62
"106",266,63
"106",266,64
"106",266,65
"106",266,66
"106",266,67
"106",266,68
"106",266,69
"106",266,70
"106",266,71
"106",266,72
"106",266,73
"106",266,74
"106",266,75
"106",266,76
"106",266,77
"106",266,78
"106",266,79
"106",266,80
"106",266,81
"106",266,82
"106",266,83
"106",266,84
"106",267,60
"106",267,61
"106",267,62
"106",267,63
"106",267,64
"106",267,65
"106",267,66
"106",267,67
"106",267,68
"106",267,69
"106",267,70
"106",267,71
"106",267,72
"106",267,73
"106",267,74
"106",267,75
"106",267,76
"106",267,77
"106",267,78
"106",267,79
"106",267,80
"106",267,81
"106",267,82
"106",267,83
"106",267,84
"106",268,61
"106",268,62
"106",268,63
"106",268,64
"106",268,65
"106",268,66
"106",268,67
"106",268,68
"106",268,69
"106",268,70
"106",268,71
"106",268,72
"106",268,73
"106",268,74
"106",268,75
"106",268,76
"106",268,77
"106",268,78
"106",268,79
"106",268,80
"106",268,81
"106",268,82
"106",268,83
"106",268,84
"106",269,62
"106",269,63
"106",269,64
"106",269,65
"106",269,66
"106",269,67
"106",269,68
"106",269,69
"106",269,70
"106",269,71
"106",269,72
"106",269,73
"106",269,74
"106",269,75
"106",269,76
"106",269,77
"106",269,78
"106",269,79
"106",269,80
"106",269,81
"106",269,82
"106",269,83
"106",269,84
"106",270,63
"106",270,64
"106",270,65
"106",270,66
"106",270,67
"106",270,68
"106",270,69
"106",270,70
"106",270,71
"106",270,72
"106",270,73
"106",270,74
"106",270,75
"106",270,76
"106",270,77
"106",270,78
"106",270,79
"106",270,80
"106",270,81
"106",270,82
"106",270,83
"106",270,84
"106",271,63
"106",271,64
"106",271,65
"106",271,66
"106",271,67
"106",271,68
"106",271,69
"106",271,70
"106",271,71
"106",271,72
"106",271,73
"106",271,74
"106",271,75
"106",271,76
"106",271,77
"106",271,78
"106",271,79
"106",271,80
"106",271,81
"106",271,82
"106",271,83
"106",271,84
"106",272,63
"106",272,64
"106",272,65
"106",272,66
"106",272,67
"106",272,68
"106",272,69
"106",272,70
"106",272,71
"106",272,72
"106",272,73
"106",272,74
"106",272,75
"106",272,76
"106",272,77
"106",272,78
"106",272,79
"106",272,80
"106",272,81
"106",272,82
"106",272,83
"106",272,84
"106",273,63
"106",273,64
"106",273,65
"106",273,66
"106",273,67
"106",273,68
"106",273,69
"106",273,70
"106",273,71
"106",273,72
"106",273,73
"106",273,74
"106",273,75
"106",273,76
"106",273,77
"106",273,78
"106",273,79
"106",273,80
"106",273,81
"106",273,82
"106",273,83
"106",273,84
"107",263,57
"107",264,57
"107",265,57
"107",266,57
"107",267,57
"107",268,57
"107",268,58
"107",269,58
"107",269,59
"107",270,59
"107",270,60
"107",271,60
"107",271,61
"107",272,61
"107",273,61
"107",274,61
"107",275,61
"107",276,61
"107",277,61
"107",278,61
"107",279,61
"107",280,61
"107",281,61
"107",282,61
"107",283,61
"107",284,61
"107",285,61
"107",285,60
"107",285,59
"107",285,58
"107",285,57
"107",285,56
"107",285,55
"107",285,54
"107",285,53
"107",285,52
"107",285,51
"107",285,50
"107",285,49
"107",285,48
"107",285,47
"107",285,46
"107",285,45
"107",285,44
"107",285,43
"107",285,42
"107",285,41
"107",284,41
"107",283,41
"107",282,41
"107",281,41
"107",280,41
"107",279,41
"107",278,41
"107",277,41
"107",277,40
"107",276,40
"107",275,40
"107",274,40
"107",273,40
"107",273,41
"107",273,42
"107",272,42
"107",272,43
"107",272,44
"107",271,44
"107",271,45
"107",271,46
"107",270,46
"107",270,47
"107",269,47
"107",269,48
"107",268,48
"107",268,49
"107",268,50
"107",268,51
"107",267,51
"107",267,52
"107",267,53
"107",266,53
"107",265,53
"107",265,54
"107",264,54
"107",264,55
"107",263,55
"107",263,56
"107",264,56
"107",265,55
"107",265,56
"107",266,54
"107",266,55
"107",266,56
"107",267,54
"107",267,55
"107",267,56
"107",268,52
"107",268,53
"107",268,54
"107",268,55
"107",268,56
"107",269,49
"107",269,50
"107",269,51
"107",269,52
"107",269,53
"107",269,54
"107",269,55
"107",269,56
"107",269,57
"107",270,48
"107",270,49
"107",270,50
"107",270,51
"107",270,52
"107",270,53
"107",270,54
"107",270,55
"107",270,56
"107",270,57
"107",270,58
"107",271,47
"107",271,48
"107",271,49
"107",271,50
"107",271,51
"107",271,52
"107",271,53
"107",271,54
"107",271,55
"107",271,56
"107",271,57
"107",271,58
"107",271,59
"107",272,45
"107",272,46
"107",272,47
"107",272,48
"107",272,49
"107",272,50
"107",272,51
"107",272,52
"107",272,53
"107",272,54
"107",272,55
"107",272,56
"107",272,57
"107",272,58
"107",272,59
"107",272,60
"107",273,43
"107",273,44
"107",273,45
"107",273,46
"107",273,47
"107",273,48
"107",273,49
"107",273,50
"107",273,51
"107",273,52
"107",273,53
"107",273,54
"107",273,55
"107",273,56
"107",273,57
"107",273,58
"107",273,59
"107",273,60
"107",274,41
"107",274,42
"107",274,43
"107",274,44
"107",274,45
"107",274,46
"107",274,47
"107",274,48
"107",274,49
"107",274,50
"107",274,51
"107",274,52
"107",274,53
"107",274,54
"107",274,55
"107",274,56
"107",274,57
"107",274,58
"107",274,59
"107",274,60
"107",275,41
"107",275,42
"107",275,43
"107",275,44
"107",275,45
"107",275,46
"107",275,47
"107",275,48
"107",275,49
"107",275,50
"107",275,51
"107",275,52
"107",275,53
"107",275,54
"107",275,55
"107",275,56
"107",275,57
"107",275,58
"107",275,59
"107",275,60
"107",276,41
"107",276,42
"107",276,43
"107",276,44
"107",276,45
"107",276,46
"107",276,47
"107",276,48
"107",276,49
"107",276,50
"107",276,51
"107",276,52
"107",276,53
"107",276,54
"107",276,55
"107",276,56
"107",276,57
"107",276,58
"107",276,59
"107",276,60
"107",277,42
"107",277,43
"107",277,44
"107",277,45
"107",277,46
"107",277,47
"107",277,48
"107",277,49
"107",277,50
"107",277,51
"107",277,52
"107",277,53
"107",277,54
"107",277,55
"107",277,56
"107",277,57
"107",277,58
"107",277,59
"107",277,60
"107",278,42
"107",278,43
"107",278,44
"107",278,45
"107",278,46
"107",278,47
"107",278,48
"107",278,49
"107",278,50
"107",278,51
"107",278,52
"107",278,53
"107",278,54
"107",278,55
"107",278,56
"107",278,57
"107",278,58
"107",278,59
"107",278,60
"107",279,42
"107",279,43
"107",279,44
"107",279,45
"107",279,46
"107",279,47
"107",279,48
"107",279,49
"107",279,50
"107",279,51
"107",279,52
"107",279,53
"107",279,54
"107",279,55
"107",279,56
"107",279,57
"107",279,58
"107",279,59
"107",279,60
"107",280,42
"107",280,43
"107",280,44
"107",280,45
"107",280,46
"107",280,47
"107",280,48
"107",280,49
"107",280,50
"107",280,51
"107",280,52
"107",280,53
"107",280,54
"107",280,55
"107",280,56
"107",280,57
"107",280,58
"107",280,59
"107",280,60
"107",281,42
"107",281,43
"107",281,44
"107",281,45
"107",281,46
"107",281,47
"107",281,48
"107",281,49
"107",281,50
"107",281,51
"107",281,52
"107",281,53
"107",281,54
"107",281,55
"107",281,56
"107",281,57
"107",281,58
"107",281,59
"107",281,60
"107",282,42
"107",282,43
"107",282,44
"107",282,45
"107",282,46
"107",282,47
"107",282,48
"107",282,49
"107",282,50
"107",282,51
"107",282,52
"107",282,53
"107",282,54
"107",282,55
"107",282,56
"107",282,57
"107",282,58
"107",282,59
"107",282,60
"107",283,42
"107",283,43
"107",283,44
"107",283,45
"107",283,46
"107",283,47
"107",283,48
"107",283,49
"107",283,50
"107",283,51
"107",283,52
"107",283,53
"107",283,54
"107",283,55
"107",283,56
"107",283,57
"107",283,58
"107",283,59
"107",283,60
"107",284,42
"107",284,43
"107",284,44
"107",284,45
"107",284,46
"107",284,47
"107",284,48
"107",284,49
"107",284,50
"107",284,51
"107",284,52
"107",284,53
"107",284,54
"107",284,55
"107",284,56
"107",284,57
"107",284,58
"107",284,59
"107",284,60
"86",135,161
"86",135,162
"86",135,163
"86",135,164
"86",135,165
"86",136,153
"86",136,154
"86",136,155
"86",136,156
"86",136,157
"86",136,158
"86",136,159
"86",136,160
"86",136,161
"86",136,162
"86",136,163
"86",136,164
"86",136,165
"86",137,153
"86",137,154
"86",137,155
"86",137,156
"86",137,157
"86",137,158
"86",137,159
"86",137,160
"86",137,161
"86",137,162
"86",137,163
"86",137,164
"86",137,165
"86",137,166
"86",138,153
"86",138,154
"86",138,155
"86",138,156
"86",138,157
"86",138,158
"86",138,159
"86",138,160
"86",138,161
"86",138,162
"86",138,163
"86",138,164
"86",138,165
"86",138,166
"86",139,154
"86",139,155
"86",139,156
"86",139,157
"86",139,158
"86",139,159
"86",139,160
"86",139,161
"86",139,162
"86",139,163
"86",139,164
"86",139,165
"86",139,166
"86",139,167
"86",140,155
"86",140,156
"86",140,157
"86",140,158
"86",140,159
"86",140,160
"86",140,161
"86",140,162
"86",140,163
"86",140,164
"86",140,165
"86",140,166
"86",140,167
"86",141,155
"86",141,156
"86",141,157
"86",141,158
"86",141,159
"86",141,160
"86",141,161
"86",141,162
"86",141,163
"86",141,164
"86",141,165
"86",141,166
"86",141,167
"86",142,155
"86",142,156
"86",142,157
"86",142,158
"86",142,159
"86",142,160
"86",142,161
"86",142,162
"86",142,163
"86",142,164
"86",142,165
"86",142,166
"86",142,167
"86",142,168
"86",142,169
"86",143,156
"86",143,157
"86",143,158
"86",143,159
"86",143,160
"86",143,161
"86",143,162
"86",143,163
"86",143,164
"86",143,165
"86",143,166
"86",143,167
"86",143,168
"86",143,169
"86",144,157
"86",144,158
"86",144,159
"86",144,160
"86",144,161
"86",144,162
"86",144,163
"86",144,164
"86",144,165
"86",144,166
"86",144,167
"86",144,168
"86",144,169
"86",144,170
"86",145,158
"86",145,159
"86",145,160
"86",145,161
"86",145,162
"86",145,163
"86",145,164
"86",145,165
"86",145,166
"86",145,167
"86",145,168
"86",145,169
"86",145,170
"86",145,171
"86",146,158
"86",146,159
"86",146,160
"86",146,161
"86",146,162
"86",146,163
"86",146,164
"86",146,165
"86",146,166
"86",146,167
"86",146,168
"86",146,169
"86",146,170
"86",146,171
"86",147,159
"86",147,160
"86",147,161
"86",147,162
"86",147,163
"86",147,164
"86",147,165
"86",147,166
"86",147,167
"86",147,168
"86",147,169
"86",147,170
"86",147,171
"86",148,160
"86",148,161
"86",148,162
"86",148,163
"86",148,164
"86",148,165
"13R-5",385,335
"13R-5",384,335
"13R-5",384,334
"13R-5",383,334
"13R-5",382,334
"13R-5",381,333
"13R-5",380,333
"13R-5",380,332
"13R-5",379,332
"13R-5",378,332
"13R-5",377,331
"13R-5",376,331
"13R-5",376,330
"13R-5",375,329
"13R-5",374,329
"13R-5",374,328
"13R-5",373,328
"13R-5",372,327
"13R-5",371,327
"13R-5",370,326
"13R-5",369,326
"13R-5",368,325
"13R-5",367,325
"13R-5",367,324
"13R-5",366,324
"13R-5",365,323
"13R-5",364,323
"13R-5",364,322
"13R-5",364,321
"13R-5",363,321
"13R-5",362,321
"13R-5",361,320
"13R-5",360,320
"13R-5",359,320
"13R-5",359,319
"13R-5",358,319
"13R-5",357,318
"13R-5",356,318
"13R-5",355,318
"13R-5",355,317
"13R-5",354,317
"13R-5",353,317
"13R-5",352,317
"13R-5",352,316
"13R-5",351,316
"13R-5",350,316
"13R-5",349,316
"13R-5",348,316
"13R-5",348,315
"13R-5",347,315
"13R-5",346,315
"13R-5",345,315
"13R-5",345,314
"13R-5",344,314
"13R-5",343,314
"13R-5",342,314
"13R-5",341,314
"13R-5",340,314
"13R-5",339,314
"13R-5",339,313
"13R-5",340,312
"13R-5",340,313
"13R-5",341,311
"13R-5",341,312
"13R-5",341,313
"13R-5",342,309
"13R-5",342,310
"13R-5",342,311
"13R-5",342,312
"13R-5",342,313
"13R-5",343,308
"13R-5",343,309
"13R-5",343,310
"13R-5",343,311
"13R-5",343,312
"13R-5",343,313
"13R-5",344,306
"13R-5",344,307
"13R-5",344,308
"13R-5",344,309
"13R-5",344,310
"13R-5",344,311
"13R-5",344,312
"13R-5",344,313
"13R-5",345,305
"13R-5",345,306
"13R-5",345,307
"13R-5",345,308
"13R-5",345,309
"13R-5",345,310
"13R-5",345,311
"13R-5",345,312
"13R-5",345,313
"13R-5",346,304
"13R-5",346,305
"13R-5",346,306
"13R-5",346,307
"13R-5",346,308
"13R-5",346,309
"13R-5",346,310
"13R-5",346,311
"13R-5",346,312
"13R-5",346,313
"13R-5",346,314
"13R-5",347,302
"13R-5",347,303
"13R-5",347,304
"13R-5",347,305
"13R-5",347,306
"13R-5",347,307
"13R-5",347,308
"13R-5",347,309
"13R-5",347,310
"13R-5",347,311
"13R-5",347,312
"13R-5",347,313
"13R-5",347,314
"13R-5",348,301
"13R-5",348,302
"13R-5",348,303
"13R-5",348,304
"13R-5",348,305
"13R-5",348,306
"13R-5",348,307
"13R-5",348,308
"13R-5",348,309
"13R-5",348,310
"13R-5",348,311
"13R-5",348,312
"13R-5",348,313
"13R-5",348,314
"13R-5",349,300
"13R-5",349,301
"13R-5",349,302
"13R-5",349,303
"13R-5",349,304
"13R-5",349,305
"13R-5",349,306
"13R-5",349,307
"13R-5",349,308
"13R-5",349,309
"13R-5",349,310
"13R-5",349,311
"13R-5",349,312
"13R-5",349,313
"13R-5",349,314
"13R-5",349,315
"13R-5",350,301
"13R-5",350,302
"13R-5",350,303
"13R-5",350,304
"13R-5",350,305
"13R-5",350,306
"13R-5",350,307
"13R-5",350,308
"13R-5",350,309
"13R-5",350,310
"13R-5",350,311
"13R-5",350,312
"13R-5",350,313
"13R-5",350,314
"13R-5",350,315
"13R-5",351,301
"13R-5",351,302
"13R-5",351,303
"13R-5",351,304
"13R-5",351,305
"13R-5",351,306
"13R-5",351,307
"13R-5",351,308
"13R-5",351,309
"13R-5",351,310
"13R-5",351,311
"13R-5",351,312
"13R-5",351,313
"13R-5",351,314
"13R-5",351,315
"13R-5",352,301
"13R-5",352,302
"13R-5",352,303
"13R-5",352,304
"13R-5",352,305
"13R-5",352,306
"13R-5",352,307
"13R-5",352,308
"13R-5",352,309
"13R-5",352,310
"13R-5",352,311
"13R-5",352,312
"13R-5",352,313
"13R-5",352,314
"13R-5",352,315
"13R-5",353,302
"13R-5",353,303
"13R-5",353,304
"13R-5",353,305
"13R-5",353,306
"13R-5",353,307
"13R-5",353,308
"13R-5",353,309
"13R-5",353,310
"13R-5",353,311
"13R-5",353,312
"13R-5",353,313
"13R-5",353,314
"13R-5",353,315
"13R-5",353,316
"13R-5",354,303
"13R-5",354,304
"13R-5",354,305
"13R-5",354,306
"13R-5",354,307
"13R-5",354,308
"13R-5",354,309
"13R-5",354,310
"13R-5",354,311
"13R-5",354,312
"13R-5",354,313
"13R-5",354,314
"13R-5",354,315
"13R-5",354,316
"13R-5",355,304
"13R-5",355,305
"13R-5",355,306
"13R-5",355,307
"13R-5",355,308
"13R-5",355,309
"13R-5",355,310
"13R-5",355,311
"13R-5",355,312
"13R-5",355,313
"13R-5",355,314
"13R-5",355,315
"13R-5",355,316
"13R-5",356,304
"13R-5",356,305
"13R-5",356,306
"13R-5",356,307
"13R-5",356,308
"13R-5",356,309
"13R-5",356,310
"13R-5",356,311
"13R-5",356,312
"13R-5",356,313
"13R-5",356,314
"13R-5",356,315
"13R-5",356,316
"13R-5",356,317
"13R-5",357,304
"13R-5",357,305
"13R-5",357,306
"13R-5",357,307
"13R-5",357,312
"13R-5",357,313
"13R-5",357,314
"13R-5",357,315
"13R-5",357,316
"13R-5",357,317
"13R-5",358,305
"13R-5",358,306
"13R-5",358,307
"13R-5",358,312
"13R-5",358,313
"13R-5",358,314
"13R-5",358,315
"13R-5",358,316
"13R-5",358,317
"13R-5",358,318
"13R-5",359,306
"13R-5",359,307
"13R-5",359,308
"13R-5",359,313
"13R-5",359,314
"13R-5",359,315
"13R-5",359,316
"13R-5",359,317
"13R-5",359,318
"13R-5",360,307
"13R-5",360,308
"13R-5",360,315
"13R-5",360,316
"13R-5",360,317
"13R-5",360,318
"13R-5",360,319
"13R-5",361,307
"13R-5",361,308
"13R-5",361,309
"13R-5",361,315
"13R-5",361,316
"13R-5",361,317
"13R-5",361,318
"13R-5",361,319
"13R-5",362,308
"13R-5",362,309
"13R-5",362,316
"13R-5",362,317
"13R-5",362,318
"13R-5",362,319
"13R-5",362,320
"13R-5",363,308
"13R-5",363,309
"13R-5",363,310
"13R-5",363,316
"13R-5",363,317
"13R-5",363,318
"13R-5",363,319
"13R-5",363,320
"13R-5",364,309
"13R-5",364,310
"13R-5",364,317
"13R-5",364,318
"13R-5",364,319
"13R-5",364,320
"13R-5",365,310
"13R-5",365,311
"13R-5",365,318
"13R-5",365,319
"13R-5",365,320
"13R-5",365,321
"13R-5",365,322
"13R-5",366,311
"13R-5",366,312
"13R-5",366,319
"13R-5",366,320
"13R-5",366,321
"13R-5",366,322
"13R-5",366,323
"13R-5",367,311
"13R-5",367,312
"13R-5",367,319
"13R-5",367,320
"13R-5",367,321
"13R-5",367,322
"13R-5",367,323
"13R-5",368,312
"13R-5",368,313
"13R-5",368,319
"13R-5",368,320
"13R-5",368,321
"13R-5",368,322
"13R-5",368,323
"13R-5",368,324
"13R-5",369,312
"13R-5",369,313
"13R-5",369,314
"13R-5",369,319
"13R-5",369,320
"13R-5",369,321
"13R-5",369,322
"13R-5",369,323
"13R-5",369,324
"13R-5",369,325
"13R-5",370,312
"13R-5",370,313
"13R-5",370,314
"13R-5",370,320
"13R-5",370,321
"13R-5",370,322
"13R-5",370,323
"13R-5",370,324
"13R-5",370,325
"13R-5",371,313
"13R-5",371,314
"13R-5",371,321
"13R-5",371,322
"13R-5",371,323
"13R-5",371,324
"13R-5",371,325
"13R-5",371,326
"13R-5",372,313
"13R-5",372,314
"13R-5",372,321
"13R-5",372,322
"13R-5",372,323
"13R-5",372,324
"13R-5",372,325
"13R-5",372,326
"13R-5",373,322
"13R-5",373,323
"13R-5",373,324
"13R-5",373,325
"13R-5",373,326
"13R-5",373,327
"13R-5",374,322
"13R-5",374,323
"13R-5",374,324
"13R-5",374,325
"13R-5",374,326
"13R-5",374,327
"13R-5",375,323
"13R-5",375,324
"13R-5",375,325
"13R-5",375,326
"13R-5",375,327
"13R-5",375,328
"13R-5",376,323
"13R-5",376,324
"13R-5",376,325
"13R-5",376,326
"13R-5",376,327
"13R-5",376,328
"13R-5",376,329
"13R-5",377,323
"13R-5",377,324
"13R-5",377,325
"13R-5",377,326
"13R-5",377,327
"13R-5",377,328
"13R-5",377,329
"13R-5",377,330
"13R-5",378,316
"13R-5",378,323
"13R-5",378,324
"13R-5",378,325
"13R-5",378,326
"13R-5",378,327
"13R-5",378,328
"13R-5",378,329
"13R-5",378,330
"13R-5",378,331
"13R-5",379,316
"13R-5",379,324
"13R-5",379,325
"13R-5",379,326
"13R-5",379,327
"13R-5",379,328
"13R-5",379,329
"13R-5",379,330
"13R-5",379,331
"13R-5",380,325
"13R-5",380,326
"13R-5",380,327
"13R-5",380,328
"13R-5",380,329
"13R-5",380,330
"13R-5",380,331
"13R-5",381,325
"13R-5",381,326
"13R-5",381,327
"13R-5",381,328
"13R-5",381,329
"13R-5",381,330
"13R-5",381,331
"13R-5",381,332
"13R-5",382,326
"13R-5",382,327
"13R-5",382,328
"13R-5",382,329
"13R-5",382,330
"13R-5",382,331
"13R-5",382,332
"13R-5",382,333
"13R-5",383,327
"100",360,121
"100",360,122
"100",360,123
"100",360,124
"100",360,125
"100",360,126
"100",360,127
"100",360,128
"100",359,128
"100",359,129
"100",359,130
"100",358,130
"100",357,130
"100",356,130
"100",356,129
"100",355,129
"100",354,129
"100",354,128
"100",353,128
"100",352,128
"100",351,128
"100",350,128
"100",350,127
"100",349,127
"100",348,127
"100",347,127
"100",347,126
"100",346,126
"100",345,126
"100",345,125
"100",344,125
"100",343,125
"100",342,125
"100",341,125
"100",341,124
"100",342,124
"100",340,124
"100",339,124
"100",339,123
"100",338,123
"100",337,123
"100",337,122
"100",336,122
"100",335,122
"100",334,122
"100",333,122
"100",332,122
"100",331,122
"100",330,122
"100",329,122
"100",329,123
"100",328,123
"100",327,123
"100",327,122
"100",327,121
"100",326,121
"100",326,120
"100",325,120
"100",325,119
"100",325,118
"100",324,118
"100",324,117
"100",323,117
"100",323,116
"100",323,115
"100",323,114
"100",322,114
"100",323,113
"100",324,113
"100",325,112
"100",326,112
"100",327,112
"100",328,112
"100",329,112
"100",330,112
"100",331,112
"100",332,112
"100",333,112
"100",334,112
"100",335,112
"100",336,112
"100",337,112
"100",338,112
"100",338,113
"100",339,113
"100",340,113
"100",340,114
"100",341,114
"100",342,114
"100",342,115
"100",343,115
"100",344,115
"100",345,115
"100",346,115
"100",346,116
"100",346,117
"100",347,117
"100",347,116
"100",347,115
"100",348,117
"100",348,118
"100",349,118
"100",349,117
"100",350,117
"100",350,118
"100",351,118
"100",352,118
"100",352,119
"100",353,119
"100",354,119
"100",355,119
"100",355,120
"100",356,120
"100",357,120
"100",357,121
"100",358,121
"100",359,121
"100",324,114
"100",324,115
"100",324,116
"100",325,113
"100",325,114
"100",325,115
"100",325,116
"100",325,117
"100",326,113
"100",326,114
"100",326,115
"100",326,116
"100",326,117
"100",326,118
"100",326,119
"100",327,113
"100",327,114
"100",327,115
"100",327,116
"100",327,117
"100",327,118
"100",327,119
"100",327,120
"100",328,113
"100",328,114
"100",328,115
"100",328,116
"100",328,117
"100",328,118
"100",328,119
"100",328,120
"100",328,121
"100",328,122
"100",329,113
"100",329,114
"100",329,115
"100",329,116
"100",329,117
"100",329,118
"100",329,119
"100",329,120
"100",329,121
"100",330,113
"100",330,114
"100",330,115
"100",330,116
"100",330,117
"100",330,118
"100",330,119
"100",330,120
"100",330,121
"100",331,113
"100",331,114
"100",331,115
"100",331,116
"100",331,117
"100",331,118
"100",331,119
"100",331,120
"100",331,121
"100",332,113
"100",332,114
"100",332,115
"100",332,116
"100",332,117
"100",332,118
"100",332,119
"100",332,120
"100",332,121
"100",333,113
"100",333,114
"100",333,115
"100",333,116
"100",333,117
"100",333,118
"100",333,119
"100",333,120
"100",333,121
"100",334,113
"100",334,114
"100",334,115
"100",334,116
"100",334,117
"100",334,118
"100",334,119
"100",334,120
"100",334,121
"100",335,113
"100",335,114
"100",335,115
"100",335,116
"100",335,117
"100",335,118
"100",335,119
"100",335,120
"100",335,121
"100",336,113
"100",336,114
"100",336,115
"100",336,116
"100",336,117
"100",336,118
"100",336,119
"100",336,120
"100",336,121
"100",337,113
"100",337,114
"100",337,115
"100",337,116
"100",337,117
"100",337,118
"100",337,119
"100",337,120
"100",337,121
"100",338,114
"100",338,115
"100",338,116
"100",338,117
"100",338,118
"100",338,119
"100",338,120
"100",338,121
"100",338,122
"100",339,114
"100",339,115
"100",339,116
"100",339,117
"100",339,118
"100",339,119
"100",339,120
"100",339,121
"100",339,122
"100",340,115
"100",340,116
"100",340,117
"100",340,118
"100",340,119
"100",340,120
"100",340,121
"100",340,122
"100",340,123
"100",341,115
"100",341,116
"100",341,117
"100",341,118
"100",341,119
"100",341,120
"100",341,121
"100",341,122
"100",341,123
"100",342,116
"100",342,117
"100",342,118
"100",342,119
"100",342,120
"100",342,121
"100",342,122
"100",342,123
"100",343,116
"100",343,117
"100",343,118
"100",343,119
"100",343,120
"100",343,121
"100",343,122
"100",343,123
"100",343,124
"100",344,116
"100",344,117
"100",344,118
"100",344,119
"100",344,120
"100",344,121
"100",344,122
"100",344,123
"100",344,124
"100",345,116
"100",345,117
"100",345,118
"100",345,119
"100",345,120
"100",345,121
"100",345,122
"100",345,123
"100",345,124
"100",346,118
"100",346,119
"100",346,120
"100",346,121
"100",346,122
"100",346,123
"100",346,124
"100",346,125
"100",347,118
"100",347,119
"100",347,120
"100",347,121
"100",347,122
"100",347,123
"100",347,124
"100",347,125
"100",348,119
"100",348,120
"100",348,121
"100",348,122
"100",348,123
"100",348,124
"100",348,125
"100",348,126
"100",349,119
"100",349,120
"100",349,121
"100",349,122
"100",349,123
"100",349,124
"100",349,125
"100",349,126
"100",350,119
"100",350,120
"100",350,121
"100",350,122
"100",350,123
"100",350,124
"100",350,125
"100",350,126
"100",351,119
"100",351,120
"100",351,121
"100",351,122
"100",351,123
"100",351,124
"100",351,125
"100",351,126
"100",351,127
"100",352,120
"100",352,121
"100",352,122
"100",352,123
"100",352,124
"100",352,125
"100",352,126
"100",352,127
"100",353,120
"100",353,121
"100",353,122
"100",353,123
"100",353,124
"100",353,125
"100",353,126
"100",353,127
"100",354,120
"100",354,121
"100",354,122
"100",354,123
"100",354,124
"100",354,125
"100",354,126
"100",354,127
"100",355,121
"100",355,122
"100",355,123
"100",355,124
"100",355,125
"100",355,126
"100",355,127
"100",355,128
"100",356,121
"100",356,122
"100",356,123
"100",356,124
"100",356,125
"100",356,126
"100",356,127
"100",356,128
"100",357,122
"100",357,123
"100",357,124
"100",357,125
"100",357,126
"100",357,127
"100",357,128
"100",357,129
"100",358,122
"100",358,123
"100",358,124
"100",358,125
"100",358,126
"100",358,127
"100",358,128
"100",358,129
"100",359,122
"100",359,123
"100",359,124
"100",359,125
"100",359,126
"100",359,127
"101",370,134
"101",369,134
"101",367,134
"101",366,133
"101",360,128
"101",361,123
"101",361,125
"101",361,131
"101",362,123
"101",362,124
"101",364,123
"101",364,124
"101",366,122
"101",366,123
"101",366,125
"101",366,128
"101",366,129
"101",366,130
"101",367,126
"101",367,127
"101",367,128
"101",367,129
"101",367,130
"101",367,131
"101",367,132
"101",368,122
"101",368,123
"101",368,124
"101",368,125
"101",368,128
"101",368,130
"101",368,131
"101",369,123
"101",369,125
"101",369,127
"101",369,130
"101",369,132
"101",369,133
"101",370,124
"101",370,125
"101",370,128
"101",370,129
"101",371,127
"101",371,128
"101",371,129
"101",371,130
"101",371,131
"101",371,132
"101",372,122
"101",372,123
"101",372,124
"101",372,125
"101",372,126
"101",372,127
"101",372,128
"101",372,129
"101",372,130
"101",372,131
"101",372,132
"101",373,122
"101",373,123
"101",373,124
"101",373,125
"101",373,126
"101",373,127
"101",373,128
"101",373,129
"101",373,130
"101",373,131
"101",373,132
"101",374,122
"101",374,123
"101",374,124
"101",374,125
"101",374,126
"101",374,127
"101",374,128
"101",374,129
"101",374,130
"101",374,131
"101",374,132
"101",375,122
"101",375,123
"101",376,124
"101",376,126
"101",376,127
"101",376,129
"101",376,130
"101",376,131
"101",376,132
"101",377,122
"101",377,123
"101",377,124
"101",377,125
"101",377,126
"101",377,127
"101",377,128
"101",377,131
"101",378,122
"101",378,124
"101",378,125
"101",378,127
"101",378,130
"101",379,130
"101",379,131
"101",380,123
"101",380,124
"101",380,125
"101",380,130
"101",381,121
"101",381,124
"101",381,126
"101",381,130
"101",381,131
"101",382,123
"101",382,124
"101",382,126
"101",382,128
"101",383,124
"101",383,125
"101",383,129
"101",384,125
"101",384,127
"101",384,128
"101",384,129
"101",384,130
"101",385,129
"101",386,129
"101",386,130
"13R-5",383,328
"13R-5",383,329
"13R-5",383,330
"13R-5",383,331
"13R-5",383,332
"13R-5",383,333
"13R-5",384,327
"13R-5",384,328
"13R-5",384,329
"13R-5",384,330
"13R-5",384,331
"13R-5",384,332
"13R-5",384,333
"13R-5",385,327
"13R-5",385,328
"13R-5",385,329
"13R-5",385,330
"13R-5",385,331
"13R-5",385,332
"13R-5",385,333
"13R-5",385,334
"13R-5",386,327
"13R-5",386,328
"13R-5",386,329
"13R-5",386,330
"13R-5",386,331
"101",361,121
"101",361,122
"101",362,122
"101",362,121
"101",363,121
"101",364,121
"101",365,121
"101",366,121
"101",367,121
"101",368,121
"101",369,121
"101",370,121
"101",371,121
"101",372,121
"101",373,121
"101",374,121
"101",375,121
"101",376,121
"101",377,121
"101",378,121
"101",378,120
"101",379,120
"101",380,120
"101",381,120
"101",382,120
"101",383,120
"101",383,121
"101",383,122
"101",384,122
"101",384,123
"101",384,124
"101",385,124
"101",385,125
"101",385,126
"101",386,126
"101",386,127
"101",386,128
"101",387,128
"101",387,129
"101",388,129
"101",388,130
"101",388,131
"101",387,131
"101",386,131
"101",385,131
"101",384,131
"101",383,131
"101",383,132
"101",382,132
"101",381,132
"101",380,132
"101",379,132
"101",378,132
"101",377,132
"101",377,133
"101",376,133
"101",375,133
"101",374,133
"101",373,133
"101",372,133
"101",371,133
"101",371,134
"101",368,134
"101",367,133
"101",365,133
"101",364,133
"101",363,133
"101",362,133
"101",362,132
"101",361,132
"101",360,132
"101",360,131
"101",360,129
"101",360,130
"101",361,124
"101",361,126
"101",361,127
"101",361,128
"101",361,129
"101",361,130
"101",362,125
"101",362,126
"101",362,127
"101",362,128
"101",362,129
"101",362,130
"101",362,131
"101",363,122
"101",363,123
"101",363,124
"101",363,125
"101",363,126
"101",363,127
"101",363,128
"101",363,129
"101",363,130
"101",363,131
"101",363,132
"101",364,122
"101",364,125
"101",364,126
"101",364,127
"101",364,128
"101",364,129
"101",364,130
"101",364,131
"101",364,132
"101",365,122
"101",365,123
"101",365,124
"101",365,125
"101",365,126
"101",365,127
"101",365,128
"101",365,129
"101",365,130
"101",365,131
"101",365,132
"101",366,124
"101",366,126
"101",366,127
"101",366,131
"101",366,132
"101",367,122
"101",367,123
"101",367,124
"101",367,125
"101",368,126
"101",368,127
"101",368,129
"101",368,132
"101",368,133
"101",369,122
"101",369,124
"101",369,126
"101",369,128
"101",369,129
"101",369,131
"101",370,122
"101",370,123
"101",370,126
"101",370,127
"101",370,130
"101",370,131
"101",370,132
"101",370,133
"101",371,122
"101",371,123
"101",371,124
"101",371,125
"101",371,126
"101",375,124
"101",375,125
"101",375,126
"101",375,127
"101",375,128
"101",375,129
"101",375,130
"101",375,131
"101",375,132
"101",376,122
"101",376,123
"101",376,125
"101",376,128
"101",377,129
"101",377,130
"101",378,123
"101",378,126
"101",378,128
"101",378,129
"101",378,131
"101",379,121
"101",379,122
"101",379,123
"101",379,124
"101",379,125
"101",379,126
"101",379,127
"101",379,128
"101",379,129
"101",380,121
"101",380,122
"101",380,126
"101",380,127
"101",380,128
"101",380,129
"101",380,131
"101",381,122
"101",381,123
"101",381,125
"101",381,127
"101",381,128
"101",381,129
"101",382,121
"101",382,122
"101",382,125
"101",382,127
"101",382,129
"101",382,130
"101",382,131
"101",383,123
"101",383,126
"101",383,127
"101",383,128
"101",383,130
"101",384,126
"101",385,127
"101",385,128
"101",385,130
"101",387,130
"13R-5",386,332
"13R-5",386,333
"13R-5",386,334
"13R-5",386,335
"13R-5",387,327
"13R-5",387,328
"13R-5",387,329
"13R-5",387,330
"13R-5",387,331
"13R-5",387,332
"13R-5",387,333
"13R-5",387,334
"13R-5",387,335
"13R-5",388,327
"13R-5",388,328
"13R-5",388,329
"13R-5",388,330
"13R-5",388,331
"13R-5",388,332
"13R-5",388,333
"13R-5",388,334
"13R-5",388,335
"13R-5",388,336
"13R-5",389,327
"13R-5",389,328
"13R-5",389,329
"13R-5",389,330
"13R-5",389,331
"13R-5",389,332
"13R-5",389,333
"13R-5",389,334
"13R-5",389,335
"13R-5",389,336
"13R-5",389,337
"13R-5",390,327
"13R-5",390,328
"13R-5",390,329
"13R-5",390,330
"13R-5",390,331
"13R-5",390,332
"13R-5",390,333
"13R-5",390,334
"13R-5",390,335
"13R-5",390,336
"13R-5",390,337
"13R-5",391,327
"13R-5",391,328
"13R-5",391,329
"13R-5",391,330
"13R-5",391,331
"13R-5",391,332
"13R-5",391,333
"13R-5",391,334
"13R-5",391,335
"13R-5",391,336
"13R-5",391,337
"13R-5",391,338
"13R-5",391,339
"13R-5",392,328
"13R-5",392,329
"13R-5",392,330
"13R-5",392,331
"13R-5",392,332
"13R-5",392,333
"13R-5",392,334
"13R-5",392,335
"13R-5",392,336
"13R-5",392,337
"13R-5",392,338
"13R-5",392,339
"13R-5",392,340
"13R-5",393,328
"13R-5",393,329
"13R-5",393,330
"13R-5",393,331
"13R-5",393,332
"13R-5",393,333
"13R-5",393,334
"13R-5",393,335
"13R-5",393,336
"13R-5",393,337
"13R-5",393,338
"13R-5",393,339
"13R-5",393,340
"13R-5",394,328
"13R-5",394,329
"13R-5",394,330
"13R-5",394,331
"13R-5",394,332
"13R-5",394,333
"13R-5",394,334
"13R-5",394,335
"13R-5",394,336
"13R-5",394,337
"13R-5",394,338
"13R-5",394,339
"13R-5",394,340
"13R-5",394,341
"13R-5",395,327
"13R-5",395,328
"13R-5",395,329
"13R-5",395,330
"13R-5",395,331
"13R-5",395,332
"13R-5",395,333
"13R-5",395,334
"13R-5",395,335
"13R-5",395,336
"13R-5",395,337
"13R-5",395,338
"13R-5",395,339
"13R-5",395,340
"13R-5",395,341
"13R-5",396,328
"13R-5",396,329
"13R-5",396,330
"13R-5",396,331
"13R-5",396,332
"13R-5",396,333
"13R-5",396,334
"13R-5",396,335
"13R-5",396,336
"13R-5",396,337
"13R-5",396,338
"13R-5",396,339
"13R-5",396,340
"13R-5",396,341
"13R-5",396,342
"13R-5",397,326
"13R-5",397,328
"13R-5",397,329
"13R-5",397,330
"13R-5",397,331
"13R-5",397,332
"13R-5",397,333
"13R-5",397,334
"13R-5",397,335
"13R-5",397,336
"13R-5",397,337
"13R-5",397,338
"13R-5",397,339
"13R-5",397,340
"13R-5",397,341
"13R-5",397,342
"13R-5",398,326
"13R-5",398,329
"13R-5",398,330
"13R-5",398,331
"13R-5",398,332
"13R-5",398,333
"13R-5",398,334
"13R-5",398,335
"13R-5",398,336
"13R-5",398,337
"13R-5",398,338
"13R-5",398,339
"13R-5",398,340
"13R-5",398,341
"13R-5",398,342
"13R-5",399,326
"13R-5",399,327
"13R-5",399,330
"13R-5",399,331
"13R-5",399,332
"13R-5",399,333
"13R-5",399,334
"13R-5",399,335
"13R-5",399,336
"13R-5",399,337
"13R-5",399,338
"13R-5",399,339
"13R-5",399,340
"13R-5",399,341
"13R-5",399,342
"13R-5",399,343
"13R-5",400,327
"13R-5",400,330
"13R-5",400,331
"13R-5",400,332
"13R-5",400,333
"13R-5",400,334
"13R-5",400,335
"13R-5",400,336
"13R-5",400,337
"13R-5",400,338
"13R-5",400,339
"13R-5",400,340
"85",154,162
"85",187,191
"85",150,168
"85",187,192
"85",188,192
"85",153,163
"85",150,167
"85",188,193
"85",189,193
"85",169,171
"85",190,193
"85",175,185
"85",191,194
"85",192,195
"85",179,187
"85",193,195
"85",183,189
"85",193,196
"85",194,196
"85",185,190
"85",195,196
"85",196,197
"85",196,198
"85",182,189
"85",197,198
"85",181,189
"85",181,188
"85",204,202
"85",208,204
"85",179,188
"85",215,207
"85",206,203
"85",190,194
"85",215,206
"85",189,194
"85",217,204
"85",217,203
"85",217,205
"85",213,208
"85",216,206
"85",214,208
"85",209,205
"85",218,202
"85",219,201
"85",205,203
"85",216,199
"85",203,202
"85",198,199
"85",207,194
"85",207,193
"85",183,190
"85",206,193
"85",186,192
"85",205,193
"85",176,186
"85",204,192
"85",178,187
"85",202,191
"85",173,184
"85",201,191
"85",166,180
"85",195,186
"85",172,184
"85",179,177
"85",213,197
"85",168,171
"85",218,200
"85",166,169
"85",197,187
"85",165,169
"85",164,169
"85",200,189
"85",201,190
"85",152,167
"85",212,196
"85",215,198
"85",217,199
"85",218,199
"85",153,165
"85",219,200
"85",153,166
"85",153,167
"85",219,202
"85",153,168
"85",212,209
"85",153,169
"85",213,209
"85",153,170
"85",153,171
"85",211,209
"85",154,163
"85",199,205
"85",155,167
"85",155,168
"85",155,169
"85",155,170
"85",192,201
"85",155,171
"85",191,200
"85",190,200
"85",155,172
"85",189,199
"85",156,171
"85",182,195
"85",157,166
"85",157,167
"85",157,168
"85",179,193
"85",157,169
"85",178,193
"85",177,193
"85",157,170
"85",177,192
"85",158,165
"85",158,166
"85",158,167
"85",174,190
"85",158,168
"85",173,190
"85",173,189
"85",158,169
"85",172,189
"85",158,170
"85",158,171
"13R-5",400,341
"13R-5",400,342
"13R-5",400,343
"13R-5",401,330
"13R-5",401,331
"13R-5",401,332
"13R-5",401,333
"13R-5",401,334
"13R-5",401,335
"13R-5",401,336
"13R-5",401,337
"13R-5",401,338
"13R-5",401,339
"13R-5",401,340
"13R-5",401,341
"13R-5",401,342
"13R-5",401,343
"13R-5",401,344
"13R-5",401,345
"13R-5",401,346
"13R-5",402,331
"13R-5",402,332
"13R-5",402,333
"13R-5",402,334
"13R-5",402,335
"13R-5",402,336
"13R-5",402,337
"13R-5",402,338
"13R-5",402,339
"13R-5",402,340
"13R-5",402,341
"13R-5",402,342
"13R-5",402,343
"13R-5",402,344
"13R-5",402,345
"13R-5",402,346
"13R-5",402,347
"13R-5",403,332
"13R-5",403,333
"13R-5",403,334
"13R-5",403,335
"13R-5",403,336
"13R-5",403,337
"13R-5",403,338
"13R-5",403,339
"13R-5",403,340
"13R-5",403,341
"13R-5",403,342
"13R-5",403,343
"13R-5",403,344
"13R-5",403,345
"13R-5",403,346
"13R-5",404,332
"13R-5",404,333
"13R-5",404,334
"13R-5",404,335
"13R-5",404,336
"13R-5",404,337
"13R-5",404,338
"13R-5",404,339
"13R-5",404,340
"13R-5",404,341
"13R-5",404,342
"13R-5",404,343
"13R-5",404,344
"13R-5",405,332
"13R-5",405,333
"13R-5",405,334
"13R-5",405,335
"13R-5",405,336
"13R-5",405,337
"13R-5",405,338
"13R-5",405,339
"13R-5",405,340
"13R-5",405,341
"13R-5",406,333
"13R-5",406,334
"13R-5",406,335
"13R-5",406,336
"13R-5",406,337
"13R-5",406,338
"13R-5",406,339
"13R-5",407,333
"13R-5",407,334
"13R-5",407,335
"13R-5",407,336
"13R-5",408,333
"13R-5",408,334
"13R-5",408,335
"13R-5",409,333
"13R-5",410,333
"13R-5",359,310
"13R-5",360,311
"13R-5",358,310
"13R-5",349,299
"13R-5",351,299
"13R-5",355,301
"13R-5",356,302
"13R-5",361,305
"13R-5",366,308
"13R-5",367,309
"13R-5",369,310
"13R-5",370,310
"13R-5",374,313
"13R-5",340,315
"13R-5",341,315
"13R-5",342,316
"13R-5",343,316
"13R-5",344,316
"13R-5",344,317
"13R-5",345,317
"13R-5",346,318
"13R-5",347,318
"13R-5",347,319
"13R-5",348,319
"13R-5",349,319
"13R-5",349,320
"13R-5",350,320
"13R-5",351,320
"13R-5",351,321
"13R-5",352,321
"13R-5",352,322
"13R-5",353,322
"13R-5",353,323
"13R-5",354,323
"13R-5",355,323
"13R-5",355,324
"13R-5",356,324
"13R-5",357,325
"13R-5",358,326
"13R-5",359,326
"13R-5",360,327
"13R-5",361,327
"13R-5",362,328
"13R-5",363,328
"13R-5",363,329
"13R-5",364,329
"13R-5",365,330
"13R-5",366,331
"13R-5",367,331
"13R-5",367,332
"13R-5",368,332
"13R-5",369,332
"13R-5",369,333
"13R-5",370,333
"13R-5",371,333
"13R-5",371,334
"13R-5",372,334
"13R-1",130,184
"13R-1",130,185
"13R-1",130,186
"13R-1",130,187
"13R-1",130,188
"13R-1",130,189
"13R-1",131,180
"13R-1",131,181
"13R-1",131,182
"13R-1",131,183
"13R-1",131,184
"13R-1",131,185
"13R-1",131,186
"13R-1",131,187
"13R-1",131,188
"13R-1",131,189
"13R-1",132,180
"13R-1",132,181
"13R-1",132,182
"13R-1",132,183
"13R-1",132,184
"13R-1",132,185
"13R-1",132,186
"13R-1",132,187
"13R-1",132,188
"13R-1",132,189
"13R-1",132,190
"13R-1",132,191
"13R-1",132,192
"13R-1",133,181
"13R-1",133,182
"13R-1",133,183
"13R-1",133,184
"13R-1",133,185
"13R-1",133,186
"13R-1",133,187
"13R-1",133,188
"13R-1",133,189
"13R-1",133,190
"13R-1",133,191
"13R-1",133,192
"13R-1",134,182
"13R-1",134,183
"13R-1",134,184
"13R-1",134,185
"13R-1",134,186
"13R-1",134,187
"13R-1",134,188
"13R-1",134,189
"13R-1",134,190
"13R-1",134,191
"13R-1",134,192
"13R-1",134,193
"13R-1",135,183
"13R-1",135,184
"13R-1",135,185
"13R-1",135,186
"13R-1",135,187
"13R-1",135,188
"13R-1",135,189
"13R-1",135,190
"13R-1",135,191
"13R-1",135,192
"13R-1",135,193
"13R-1",136,184
"13R-1",136,185
"13R-1",136,186
"13R-1",136,187
"13R-1",136,188
"13R-1",136,189
"13R-1",136,190
"13R-1",136,191
"13R-1",136,192
"13R-1",136,193
"13R-1",136,194
"13R-1",137,184
"13R-1",137,185
"13R-1",137,186
"13R-1",137,187
"13R-1",137,188
"13R-1",137,189
"13R-1",137,190
"13R-1",137,191
"13R-1",137,192
"13R-1",137,193
"13R-1",137,194
"13R-1",137,195
"13R-1",138,184
"13R-1",138,185
"13R-1",138,186
"13R-1",138,187
"13R-1",138,188
"13R-1",138,189
"13R-1",138,190
"13R-1",138,191
"13R-1",138,192
"13R-1",138,193
"13R-1",138,194
"13R-1",138,195
"13R-1",138,196
"13R-1",139,185
"13R-1",139,186
"13R-1",139,187
"13R-1",139,188
"13R-1",139,189
"13R-1",139,190
"13R-1",139,191
"13R-1",139,192
"13R-1",139,193
"13R-1",139,194
"13R-1",139,195
"13R-1",139,196
"13R-1",139,197
"13R-1",140,186
"13R-1",140,187
"13R-1",140,188
"13R-1",140,189
"13R-1",140,190
"13R-1",140,191
"13R-1",140,192
"13R-1",140,193
"13R-1",140,194
"13R-1",140,195
"13R-1",140,196
"13R-1",140,197
"13R-1",140,198
"13R-1",141,186
"13R-1",141,187
"13R-1",141,188
"13R-1",141,189
"13R-1",141,190
"13R-1",141,191
"13R-1",141,192
"13R-1",141,193
"13R-1",141,194
"13R-1",141,195
"13R-1",141,196
"13R-1",141,197
"13R-1",141,198
"13R-1",141,199
"13R-1",142,186
"13R-1",142,187
"13R-1",142,188
"13R-5",372,335
"13R-5",373,335
"13R-5",374,335
"13R-5",374,336
"13R-5",375,336
"13R-5",376,336
"13R-5",376,337
"13R-5",377,337
"13R-5",378,337
"13R-5",378,338
"13R-5",379,338
"13R-5",380,338
"13R-5",380,339
"13R-5",381,339
"13R-5",381,340
"13R-5",382,340
"13R-5",383,340
"13R-5",383,341
"13R-5",384,341
"13R-5",384,342
"13R-5",385,342
"13R-5",386,342
"13R-5",386,343
"13R-5",387,343
"13R-5",388,343
"13R-5",388,344
"13R-5",389,344
"13R-5",390,344
"13R-5",390,345
"13R-5",391,345
"13R-5",391,346
"13R-5",392,346
"13R-5",393,346
"13R-5",393,347
"13R-5",394,347
"13R-5",395,347
"13R-5",395,348
"13R-5",396,348
"13R-5",396,349
"13R-5",397,349
"13R-5",397,350
"13R-5",398,350
"13R-5",399,350
"13R-5",342,315
"13R-5",343,315
"13R-5",344,315
"13R-5",345,316
"13R-5",346,316
"13R-5",346,317
"13R-5",347,316
"13R-5",347,317
"13R-5",348,317
"13R-5",348,318
"13R-5",349,317
"13R-5",349,318
"13R-5",350,317
"13R-5",350,318
"13R-5",350,319
"13R-5",351,317
"13R-5",351,318
"13R-5",351,319
"13R-5",352,318
"13R-5",352,319
"13R-5",352,320
"13R-5",353,318
"13R-5",353,319
"13R-5",353,320
"13R-5",353,321
"13R-5",354,318
"13R-5",354,319
"13R-5",354,320
"13R-5",354,321
"13R-5",354,322
"13R-5",355,319
"13R-5",355,320
"13R-5",355,321
"13R-5",355,322
"13R-5",356,319
"13R-5",356,320
"13R-5",356,321
"13R-5",356,322
"13R-5",356,323
"13R-5",357,319
"13R-5",357,320
"13R-5",357,321
"13R-5",357,322
"13R-5",357,323
"13R-5",357,324
"13R-5",358,320
"13R-5",358,321
"13R-5",358,322
"13R-5",358,323
"13R-5",358,324
"13R-5",358,325
"13R-5",359,321
"13R-5",359,322
"13R-5",359,323
"13R-5",359,324
"13R-5",359,325
"13R-5",360,321
"13R-5",360,322
"13R-5",360,323
"13R-5",360,324
"13R-5",360,325
"13R-5",360,326
"13R-5",361,321
"13R-5",361,322
"13R-5",361,323
"13R-5",361,324
"13R-5",361,325
"13R-5",361,326
"13R-5",362,322
"13R-5",362,323
"13R-5",362,324
"13R-5",362,325
"13R-5",362,326
"13R-5",362,327
"13R-5",363,322
"13R-5",363,323
"13R-5",363,324
"13R-5",363,325
"13R-5",363,326
"13R-5",363,327
"13R-5",364,324
"13R-5",364,325
"13R-5",364,326
"13R-5",364,327
"13R-5",364,328
"13R-5",365,324
"13R-5",365,325
"13R-5",365,326
"13R-5",365,327
"13R-5",365,328
"13R-5",365,329
"13R-5",366,325
"13R-5",366,326
"13R-5",366,327
"13R-5",366,328
"13R-5",366,329
"13R-5",366,330
"13R-5",367,326
"13R-5",367,327
"13R-5",367,328
"13R-5",367,329
"13R-5",367,330
"13R-5",368,326
"13R-5",368,327
"13R-5",368,328
"13R-5",368,329
"13R-5",368,330
"13R-5",368,331
"13R-5",369,327
"13R-5",369,328
"13R-5",369,329
"13R-5",369,330
"13R-5",369,331
"13R-5",370,327
"13R-5",370,328
"13R-5",370,329
"13R-5",370,330
"13R-5",370,331
"13R-5",370,332
"13R-5",371,328
"13R-5",371,329
"13R-5",371,330
"13R-5",371,331
"13R-5",371,332
"13R-5",372,328
"13R-5",372,329
"13R-5",372,330
"13R-5",372,331
"13R-5",372,332
"13R-5",372,333
"13R-5",373,329
"13R-5",373,330
"13R-5",373,331
"13R-5",373,332
"13R-5",373,333
"13R-5",373,334
"13R-5",374,330
"13R-5",374,331
"13R-5",374,332
"13R-5",374,333
"13R-5",374,334
"13R-5",375,330
"13R-5",375,331
"13R-5",375,332
"13R-5",375,333
"13R-5",375,334
"13R-5",375,335
"13R-5",376,332
"13R-5",376,333
"13R-5",376,334
"13R-5",376,335
"13R-5",377,332
"13R-5",377,333
"13R-5",377,334
"13R-5",377,335
"13R-5",377,336
"13R-5",378,333
"13R-5",378,334
"13R-5",378,335
"13R-5",378,336
"13R-5",379,333
"13R-5",379,334
"13R-5",379,335
"13R-5",379,336
"13R-5",379,337
"13R-5",380,334
"13R-5",380,335
"13R-5",380,336
"13R-5",380,337
"13R-5",381,334
"13R-5",381,335
"13R-5",381,336
"13R-5",381,337
"13R-5",381,338
"13R-5",382,335
"13R-5",382,336
"13R-5",382,337
"13R-5",382,338
"13R-5",382,339
"13R-5",383,335
"13R-5",383,336
"13R-5",383,337
"13R-5",383,338
"13R-5",383,339
"13R-5",384,336
"13R-5",384,337
"13R-5",384,338
"13R-5",384,339
"13R-5",384,340
"13R-5",385,337
"13R-5",385,338
"13R-5",385,339
"13R-5",385,340
"13R-5",385,341
"13R-5",386,337
"13R-5",386,338
"13R-5",386,339
"13R-5",386,340
"13R-5",386,341
"13R-5",387,338
"13R-5",387,339
"13R-5",387,340
"13R-5",387,341
"13R-5",387,342
"13R-5",388,338
"13R-5",388,339
"13R-5",388,340
"13R-5",388,341
"13R-5",366,318
"13R-5",361,311
"13R-5",363,312
"13R-5",366,314
"13R-5",365,314
"13R-5",366,315
"13R-5",367,315
"13R-5",368,316
"13R-5",369,316
"13R-5",370,316
"13R-5",371,316
"13R-5",372,316
"13R-5",373,316
"13R-5",374,316
"13R-5",376,317
"13R-5",375,317
"13R-5",374,317
"13R-5",373,317
"13R-5",372,317
"13R-5",371,317
"13R-5",370,317
"13R-5",381,318
"13R-5",380,318
"13R-5",379,318
"13R-5",378,318
"13R-5",377,318
"13R-5",364,313
"13R-5",362,312
"13R-5",382,325
"13R-5",383,326
"13R-5",384,326
"13R-5",392,327
"13R-5",393,327
"13R-5",394,327
"13R-5",373,321
"13R-1",142,189
"13R-1",142,190
"13R-1",142,191
"13R-1",142,192
"13R-1",142,193
"13R-1",142,194
"13R-1",142,195
"13R-1",142,196
"13R-1",142,197
"13R-1",142,198
"13R-1",142,199
"13R-1",142,200
"13R-1",142,201
"13R-1",143,187
"13R-1",143,188
"13R-1",143,189
"13R-1",143,190
"13R-1",143,191
"13R-1",143,192
"13R-1",143,193
"13R-1",143,194
"13R-1",143,195
"13R-1",143,196
"13R-1",143,197
"13R-1",143,198
"13R-1",143,199
"13R-1",143,200
"13R-1",143,201
"13R-1",143,202
"13R-1",144,187
"13R-1",144,188
"13R-1",144,189
"13R-1",144,190
"13R-1",144,191
"13R-1",144,192
"13R-1",144,193
"13R-1",144,194
"13R-1",144,195
"13R-1",144,196
"13R-1",144,197
"13R-1",144,198
"13R-1",144,199
"13R-1",144,200
"13R-1",144,201
"13R-1",144,202
"13R-1",145,188
"13R-1",145,189
"13R-1",145,190
"13R-1",145,191
"13R-1",145,192
"13R-1",145,193
"13R-1",145,194
"13R-1",145,195
"13R-1",145,196
"13R-1",145,197
"13R-1",145,198
"13R-1",145,199
"13R-1",145,200
"13R-1",145,201
"13R-1",145,202
"13R-1",145,203
"13R-1",146,188
"13R-1",146,189
"13R-1",146,190
"13R-1",146,191
"13R-1",146,192
"13R-1",146,193
"13R-1",146,194
"13R-1",146,195
"13R-1",146,196
"13R-1",146,197
"13R-1",146,198
"13R-1",146,199
"13R-1",146,200
"13R-1",146,201
"13R-1",146,202
"13R-1",146,203
"13R-1",147,188
"13R-1",147,189
"13R-1",147,190
"13R-1",147,191
"13R-1",147,192
"13R-1",147,193
"13R-1",147,194
"13R-1",147,195
"13R-1",147,196
"13R-1",147,197
"13R-1",147,198
"13R-1",147,199
"13R-1",147,200
"13R-1",147,201
"13R-1",147,202
"13R-1",147,203
"13R-1",147,204
"13R-1",148,188
"13R-1",148,189
"13R-1",148,190
"13R-1",148,191
"13R-1",148,192
"13R-1",148,193
"13R-1",148,194
"13R-1",148,195
"13R-1",148,196
"13R-1",148,197
"13R-1",148,198
"13R-1",148,199
"13R-1",148,200
"13R-1",148,201
"13R-1",148,202
"13R-1",148,203
"13R-1",148,204
"13R-1",149,188
"13R-1",149,189
"13R-1",149,190
"13R-1",149,191
"13R-1",149,192
"13R-1",149,193
"13R-1",149,194
"13R-1",149,195
"13R-1",149,196
"13R-1",149,197
"13R-1",149,198
"13R-1",149,199
"13R-1",149,200
"13R-1",149,201
"13R-1",149,202
"13R-1",149,203
"13R-1",149,204
"52",397,325
"52",396,324
"52",395,324
"52",394,324
"52",394,323
"52",393,323
"52",392,322
"52",392,321
"52",391,321
"52",390,321
"52",390,320
"52",389,320
"52",388,320
"52",388,319
"52",387,319
"52",386,319
"52",385,319
"52",384,319
"52",384,318
"52",383,318
"52",385,318
"52",386,318
"52",387,318
"52",383,319
"52",383,320
"52",382,319
"52",382,318
"52",384,320
"52",384,321
"52",385,321
"52",386,321
"52",386,322
"52",387,322
"52",387,323
"52",388,323
"52",389,324
"52",390,324
"52",390,325
"52",391,325
"52",392,325
"52",393,325
"52",394,325
"52",395,325
"52",396,325
"52",385,320
"52",386,320
"52",387,320
"52",387,321
"52",388,321
"52",388,322
"52",389,321
"52",389,322
"52",389,323
"52",390,322
"52",390,323
"52",391,322
"52",391,323
"52",391,324
"52",392,323
"52",392,324
"52",393,324
"52",396,326
"52",395,326
"52",394,326
"52",393,326
"52",392,326
"52",391,326
"52",390,326
"52",389,326
"52",388,326
"52",387,326
"52",386,326
"52",385,326
"52",385,325
"52",385,324
"52",386,324
"52",387,324
"52",386,325
"52",387,325
"52",388,324
"52",388,325
"52",389,325
"52",386,323
"52",385,323
"52",384,323
"52",384,322
"52",383,322
"52",383,321
"52",382,321
"52",385,322
"52",382,320
"52",381,320
"52",384,324
"52",384,325
"52",383,325
"52",383,324
"52",382,324
"52",381,324
"52",380,324
"52",380,323
"52",380,322
"52",380,321
"52",380,320
"52",381,321
"52",381,322
"52",381,323
"52",382,322
"52",382,323
"52",383,323
"52",381,319
"52",380,319
"52",379,319
"52",378,319
"52",377,319
"52",376,319
"52",376,318
"52",375,318
"52",374,319
"52",373,319
"52",372,319
"52",371,319
"52",370,319
"52",370,318
"52",371,318
"52",372,318
"52",373,318
"52",374,318
"52",372,320
"52",371,320
"52",373,320
"52",374,320
"52",374,321
"52",375,321
"52",376,321
"52",376,322
"52",375,322
"52",377,322
"52",378,322
"52",379,322
"52",379,323
"52",375,319
"52",375,320
"52",376,320
"52",377,320
"52",377,321
"52",378,320
"52",378,321
"52",379,320
"52",379,321
"52",369,318
"52",368,318
"52",367,318
"52",367,317
"52",368,317
"52",369,317
"52",367,316
"52",366,316
"52",365,316
"52",365,317
"52",366,317
"52",364,316
"52",364,315
"52",365,315
"52",364,314
"52",363,314
"52",363,315
"52",362,315
"52",362,314
"52",363,313
"52",362,313
"52",361,313
"52",361,312
"52",393,322
"52",395,323
"52",394,322
"53",426,352
"53",425,352
"53",426,353
"53",427,353
"53",428,353
"53",428,354
"53",429,354
"53",430,354
"53",431,354
"53",432,354
"53",433,354
"53",434,354
"53",435,354
"53",435,353
"53",435,352
"53",436,352
"53",436,351
"53",437,351
"53",437,350
"53",437,349
"53",436,349
"53",436,348
"53",435,348
"53",435,347
"53",429,353
"53",430,353
"53",431,350
"53",431,351
"53",431,352
"53",431,353
"53",432,349
"53",432,350
"53",432,351
"53",432,352
"53",432,353
"53",433,349
"53",433,350
"53",433,351
"53",433,352
"53",433,353
"53",434,349
"53",434,350
"53",434,351
"53",434,352
"53",434,353
"53",435,349
"53",435,350
"53",435,351
"53",436,350
"53",434,347
"53",434,346
"53",433,346
"53",432,346
"53",431,346
"53",430,346
"53",429,346
"53",428,347
"53",428,348
"53",428,349
"53",429,349
"53",430,349
"53",431,349
"53",432,348
"53",433,348
"53",434,348
"53",429,347
"53",429,348
"53",430,347
"53",430,348
"53",431,347
"53",431,348
"53",432,347
"53",433,347
"53",438,349
"53",439,349
"53",439,350
"53",440,350
"53",440,351
"53",441,351
"53",441,352
"53",442,352
"53",442,353
"53",443,353
"53",443,352
"53",443,354
"53",442,354
"53",442,355
"53",442,356
"53",441,356
"53",441,357
"53",440,357
"53",440,356
"53",439,356
"53",438,356
"53",437,356
"53",437,355
"53",436,355
"53",436,354
"53",436,353
"53",437,352
"53",437,353
"53",437,354
"53",438,350
"53",438,351
"53",438,352
"53",438,353
"53",438,354
"53",438,355
"53",439,351
"53",439,352
"53",439,353
"53",439,354
"53",439,355
"53",440,352
"53",440,353
"53",440,354
"53",440,355
"53",441,353
"53",441,354
"53",441,355
"53",437,348
"53",429,345
"53",430,345
"53",431,345
"53",432,345
"54",444,353
"54",445,353
"54",445,354
"54",446,354
"54",446,355
"54",447,355
"54",448,355
"54",449,356
"54",450,356
"54",452,357
"54",453,358
"54",454,359
"54",455,360
"54",455,361
"54",454,361
"54",453,361
"54",452,361
"54",451,361
"54",451,360
"54",450,360
"54",449,360
"54",449,359
"54",448,359
"54",448,358
"54",447,358
"54",446,357
"54",445,357
"54",445,356
"54",444,355
"54",444,354
"54",445,355
"54",446,356
"54",447,356
"54",447,357
"54",448,356
"54",448,357
"54",449,357
"54",449,358
"54",450,357
"54",450,358
"54",450,359
"54",451,357
"54",451,358
"54",451,359
"54",452,358
"54",452,359
"54",452,360
"54",453,359
"54",453,360
"54",454,360
"54",443,355
"54",443,356
"54",443,357
"54",442,357
"54",444,357
"54",444,358
"54",443,358
"54",444,359
"54",444,360
"54",445,360
"54",445,361
"54",446,361
"54",447,361
"54",448,361
"54",448,362
"54",449,362
"54",450,362
"54",450,363
"54",451,363
"54",452,363
"54",453,363
"54",453,362
"54",454,362
"54",444,356
"54",445,358
"54",445,359
"54",446,358
"54",446,359
"54",446,360
"54",447,359
"54",447,360
"54",448,360
"54",449,361
"54",450,361
"54",451,362
"54",452,362
"54",454,363
"54",453,364
"54",452,364
"54",451,364
"54",449,363
"54",448,363
"54",447,363
"54",447,362
"54",446,362
"54",445,362
"54",444,362
"54",443,362
"54",442,362
"54",441,362
"54",443,363
"54",444,363
"54",444,361
"54",440,362
"55",456,360
"55",457,360
"55",457,361
"55",458,361
"55",458,362
"55",459,362
"55",459,363
"55",460,363
"55",461,363
"55",466,365
"55",467,366
"55",468,366
"55",467,367
"55",467,368
"55",466,368
"55",465,368
"55",464,368
"55",464,367
"55",463,367
"55",462,367
"55",461,366
"55",460,366
"55",460,365
"55",459,365
"55",458,365
"55",458,364
"55",457,364
"55",456,364
"55",456,363
"55",456,362
"55",456,361
"55",457,362
"55",457,363
"55",458,363
"55",459,364
"55",460,364
"55",461,364
"55",461,365
"55",462,364
"55",462,365
"55",462,366
"55",463,364
"55",463,365
"55",463,366
"55",464,365
"55",464,366
"55",465,365
"55",465,366
"55",465,367
"55",466,366
"55",466,367
"55",464,364
"55",467,365
"55",466,369
"55",465,369
"55",465,370
"55",466,370
"55",465,371
"55",465,372
"55",464,372
"55",464,371
"55",463,371
"55",462,371
"55",462,370
"55",461,370
"55",460,370
"55",460,369
"55",460,368
"55",459,368
"55",459,367
"55",458,367
"55",458,368
"55",457,368
"55",457,367
"55",457,366
"55",456,366
"55",455,366
"55",454,366
"55",454,365
"55",453,365
"55",452,365
"55",453,364
"55",454,364
"55",454,363
"55",455,363
"55",455,362
"55",455,361
"55",455,364
"55",456,365
"55",457,365
"55",458,366
"55",459,366
"55",460,367
"55",461,367
"55",464,370
"55",463,370
"55",462,369
"55",461,369
"55",455,365
"55",461,368
"55",462,368
"55",463,368
"55",463,369
"55",464,369
"55",458,369
"55",457,369
"55",456,369
"55",455,369
"55",454,369
"55",453,369
"55",459,369
"55",459,370
"55",458,370
"55",457,370
"55",456,370
"55",456,367
"55",455,370
"56",427,358
"56",428,358
"56",428,357
"56",429,357
"56",429,356
"56",430,356
"56",430,357
"56",431,357
"56",431,358
"56",432,358
"56",432,359
"56",432,360
"56",432,361
"56",432,362
"56",432,363
"56",433,363
"56",433,364
"56",434,364
"56",435,364
"56",435,365
"56",436,365
"56",436,366
"56",437,366
"56",438,366
"56",439,366
"56",439,367
"56",440,367
"56",440,368
"56",440,369
"56",441,369
"56",440,372
"56",439,372
"56",438,371
"56",437,371
"56",435,370
"56",433,369
"56",432,368
"56",431,367
"56",430,367
"56",430,366
"56",429,366
"56",428,366
"56",428,365
"56",427,365
"56",427,364
"56",427,363
"56",427,362
"56",427,361
"56",427,360
"56",427,359
"56",428,359
"56",428,360
"56",428,361
"56",428,362
"56",428,363
"56",428,364
"56",429,358
"56",429,359
"56",429,360
"56",429,361
"56",429,362
"56",429,363
"56",429,364
"56",429,365
"56",430,358
"56",430,359
"56",430,360
"56",430,361
"56",430,362
"56",430,363
"56",430,364
"56",430,365
"56",431,359
"56",431,360
"56",431,361
"56",431,362
"56",431,363
"56",431,364
"56",431,365
"56",431,366
"56",432,364
"56",432,365
"56",432,366
"56",432,367
"56",433,365
"56",433,366
"56",433,367
"56",433,368
"56",434,365
"56",434,366
"56",434,367
"56",434,368
"56",434,369
"56",435,366
"56",435,367
"56",435,368
"56",435,369
"56",436,367
"56",436,368
"56",436,369
"56",436,370
"56",437,367
"56",437,368
"56",437,369
"56",437,370
"56",438,367
"56",438,368
"56",438,369
"56",438,370
"56",439,368
"56",439,369
"56",439,370
"56",439,371
"56",440,370
"56",440,371
"56",441,368
"56",441,370
"56",441,371
"56",426,364
"56",425,364
"56",425,363
"56",424,363
"56",423,362
"56",422,362
"56",422,361
"56",421,361
"56",420,361
"56",421,360
"56",421,359
"56",422,359
"56",422,358
"56",423,358
"56",423,357
"56",424,357
"56",424,358
"56",424,359
"56",425,359
"56",425,360
"56",426,360
"56",426,363
"56",422,360
"56",423,359
"56",423,360
"56",423,361
"56",424,360
"56",424,361
"56",424,362
"56",425,361
"56",425,362
"56",426,361
"56",426,362
"56",426,359
"56",438,372
"13R-1",149,205
"13R-1",150,189
"13R-1",150,190
"13R-1",150,191
"13R-1",150,192
"13R-1",150,193
"13R-1",150,194
"13R-1",150,195
"13R-1",150,196
"13R-1",150,197
"13R-1",150,198
"13R-1",150,199
"13R-1",150,200
"13R-1",150,201
"13R-1",150,202
"13R-1",150,203
"13R-1",150,204
"13R-1",151,189
"13R-1",151,190
"13R-1",151,191
"13R-1",151,192
"13R-1",151,193
"13R-1",151,194
"13R-1",151,195
"13R-1",151,196
"13R-1",151,197
"13R-1",151,198
"13R-1",151,199
"13R-1",151,200
"13R-1",151,201
"13R-1",151,202
"13R-1",151,203
"13R-1",151,204
"13R-1",152,190
"13R-1",152,191
"13R-1",152,192
"13R-1",152,193
"13R-1",152,194
"13R-1",152,195
"13R-1",152,196
"13R-1",152,197
"13R-1",152,198
"13R-1",152,199
"13R-1",152,200
"13R-1",152,201
"13R-1",152,202
"13R-1",152,203
"13R-1",153,190
"13R-1",153,191
"13R-1",153,192
"13R-1",153,193
"13R-1",153,194
"13R-1",153,195
"13R-1",153,196
"13R-1",153,197
"13R-1",153,198
"13R-1",153,199
"13R-1",153,200
"13R-1",153,201
"13R-1",153,202
"13R-1",153,203
"13R-1",154,191
"13R-1",154,192
"13R-1",154,193
"13R-1",154,194
"13R-1",154,195
"13R-1",154,196
"13R-1",154,197
"13R-1",154,198
"13R-1",154,199
"13R-1",154,200
"13R-1",154,201
"13R-1",154,202
"13R-1",155,192
"13R-1",155,193
"13R-1",155,194
"13R-1",155,195
"13R-1",155,196
"13R-1",155,197
"13R-1",155,198
"13R-1",155,199
"13R-1",155,200
"13R-1",156,193
"13R-1",156,194
"13R-1",156,195
"13R-1",156,196
"13R-1",156,197
"13R-1",156,198
"13R-1",157,193
"13R-1",157,194
"13R-1",157,195
"13R-1",157,196
"13R-1",158,194
"13R-1",140,201
"13R-1",140,200
"13R-1",139,199
"13R-1",138,199
"13R-1",138,198
"13R-1",137,198
"13R-1",136,198
"13R-1",135,198
"13R-1",134,197
"13R-1",133,197
"13R-1",139,200
"13R-1",139,201
"13R-1",136,197
"13R-1",135,197
"13R-1",134,196
"13R-1",133,196
"13R-1",132,195
"13R-1",131,195
"13R-1",131,194
"13R-1",130,194
"13R-1",129,193
"13R-1",128,192
"13R-1",127,192
"13R-1",126,191
"13R-1",126,190
"13R-1",125,190
"13R-1",124,189
"13R-1",123,189
"13R-1",122,189
"13R-1",122,188
"13R-1",121,188
"13R-1",125,191
"13R-1",126,192
"13R-1",127,193
"13R-1",128,193
"13R-1",129,194
"13R-1",131,196
"13R-1",132,196
"13R-1",120,188
"13R-1",119,187
"13R-1",118,187
"13R-1",117,186
"13R-1",116,186
"13R-1",115,186
"13R-1",115,185
"13R-1",114,185
"13R-1",113,184
"13R-1",112,184
"13R-1",111,184
"13R-1",110,183
"13R-1",109,183
"13R-1",108,182
"13R-1",107,182
"13R-1",106,181
"13R-1",105,180
"13R-1",104,179
"13R-1",103,179
"13R-1",102,179
"13R-1",85,169
"13R-1",86,168
"13R-1",87,167
"13R-1",87,166
"13R-1",85,168
"13R-1",86,167
"13R-1",86,169
"13R-1",87,168
"13R-1",87,169
"13R-1",87,170
"13R-1",88,167
"13R-1",88,168
"13R-1",88,169
"13R-1",88,170
"13R-1",88,171
"13R-1",89,167
"13R-1",89,168
"13R-1",89,169
"13R-1",89,170
"13R-1",89,171
"13R-1",90,168
"13R-1",90,169
"13R-1",90,170
"13R-1",90,171
"13R-1",90,172
"13R-1",91,169
"13R-1",91,170
"13R-1",91,171
"13R-1",91,172
"13R-1",92,170
"13R-1",92,171
"13R-1",92,172
"13R-1",92,173
"13R-1",93,171
"13R-1",93,172
"13R-1",93,173
"13R-1",93,174
"13R-1",94,172
"13R-1",94,173
"13R-1",94,174
"13R-1",95,171
"13R-1",96,171
"13R-1",96,172
"13R-1",96,173
"13R-1",96,174
"13R-1",96,175
"13R-1",97,172
"13R-1",97,173
"13R-1",97,174
"13R-1",97,175
"13R-1",97,176
"13R-1",98,172
"13R-1",98,173
"13R-1",98,174
"13R-1",98,175
"13R-1",98,176
"13R-1",99,172
"13R-1",99,173
"13R-1",99,174
"13R-1",99,175
"13R-1",99,176
"13R-1",99,177
"66A",433,432
"66A",432,431
"66A",431,431
"66A",428,429
"13R-1",100,173
"13R-1",100,174
"13R-1",100,175
"13R-1",100,176
"13R-1",100,177
"13R-1",100,178
"13R-1",101,174
"13R-1",101,175
"13R-1",101,176
"13R-1",101,177
"13R-1",101,178
"13R-1",102,175
"13R-1",102,176
"13R-1",102,177
"13R-1",102,178
"13R-1",103,176
"13R-1",103,177
"13R-1",103,178
"13R-1",104,176
"13R-1",104,177
"13R-1",104,178
"13R-1",105,177
"13R-1",105,178
"13R-1",105,179
"13R-1",106,177
"13R-1",106,178
"13R-1",106,179
"13R-1",106,180
"13R-1",107,178
"13R-1",107,179
"13R-1",107,180
"13R-1",107,181
"13R-1",108,178
"13R-1",108,179
"13R-1",108,180
"13R-1",108,181
"13R-1",109,179
"13R-1",109,180
"13R-1",109,181
"13R-1",109,182
"13R-1",110,180
"13R-1",110,181
"13R-1",110,182
"13R-1",111,180
"13R-1",111,181
"13R-1",111,182
"13R-1",111,183
"85",171,189
"85",158,172
"85",171,188
"85",170,188
"85",158,173
"85",169,187
"85",158,174
"85",159,167
"85",168,187
"85",174,183
"85",214,207
"85",174,184
"85",215,199
"85",175,184
"85",215,200
"85",215,203
"85",215,204
"85",181,187
"85",216,203
"85",182,188
"85",217,200
"85",183,188
"85",217,201
"85",218,201
"85",184,189
"85",151,166
"85",185,189
"85",186,189
"85",152,165
"85",186,190
"85",177,186
"85",186,191
"85",185,191
"85",195,197
"85",184,190
"85",202,201
"85",180,188
"85",215,205
"85",216,205
"85",213,207
"85",216,204
"85",212,207
"85",210,205
"85",210,206
"85",217,202
"85",207,204
"85",208,194
"85",200,200
"85",171,183
"85",200,190
"85",163,178
"85",199,189
"85",161,177
"85",198,189
"85",198,188
"85",162,178
"85",196,187
"85",169,182
"85",170,183
"85",194,186
"85",187,182
"85",174,185
"85",181,178
"85",211,196
"99",317,108
"99",317,109
"99",317,112
"99",329,100
"99",314,106
"99",329,101
"99",314,105
"99",317,115
"99",358,120
"99",315,105
"99",318,103
"99",330,96
"99",356,119
"99",317,105
"99",318,106
"99",356,118
"99",317,104
"99",355,118
"99",318,107
"99",318,104
"99",318,108
"99",355,117
"99",330,98
"99",319,103
"99",354,117
"99",318,114
"99",331,98
"99",324,102
"99",349,116
"99",319,104
"99",331,99
"99",325,102
"99",362,117
"99",328,101
"99",311,108
"99",329,96
"99",362,118
"99",312,108
"99",329,97
"99",317,110
"99",362,119
"99",312,107
"99",317,111
"99",329,98
"99",361,119
"99",313,107
"99",361,120
"99",329,99
"99",313,106
"99",317,113
"99",360,120
"99",317,114
"99",357,119
"99",316,105
"99",318,105
"99",330,111
"99",335,99
"99",321,110
"99",349,106
"99",329,111
"99",335,100
"99",321,111
"99",350,106
"99",328,111
"99",335,101
"99",322,103
"99",326,111
"99",336,96
"99",325,111
"99",322,106
"99",324,111
"99",336,98
"99",355,108
"99",322,107
"99",323,111
"99",336,99
"99",322,108
"99",356,108
"99",322,111
"99",336,100
"99",357,108
"99",358,108
"99",328,106
"99",342,101
"99",316,113
"99",328,107
"99",342,102
"99",343,96
"99",329,105
"99",329,106
"99",343,102
"99",329,107
"99",343,103
"99",344,96
"99",329,108
"99",344,97
"99",345,97
"99",330,109
"99",345,98
"99",345,99
"99",331,109
"99",346,100
"99",332,103
"99",346,101
"99",332,104
"99",346,102
"99",347,101
"99",333,103
"99",333,104
"99",347,103
"99",333,106
"99",347,104
"99",333,107
"99",348,99
"99",348,100
"99",334,104
"99",348,104
"99",334,105
"99",349,99
"99",349,100
"99",334,106
"99",349,101
"99",334,107
"99",349,102
"99",334,108
"99",349,103
"99",334,109
"99",349,104
"99",335,102
"99",349,105
"99",335,103
"99",335,104
"99",350,99
"99",350,100
"99",335,105
"99",335,106
"99",350,101
"99",350,102
"99",335,107
"99",350,103
"99",335,108
"99",335,109
"99",350,104
"99",350,105
"99",336,103
"99",351,99
"99",336,104
"99",336,105
"99",351,100
"99",351,101
"99",336,106
"99",351,102
"99",336,107
"99",336,108
"99",351,103
"99",351,104
"99",336,109
"99",351,105
"99",337,103
"99",351,106
"99",359,120
"99",330,97
"99",318,109
"99",330,99
"99",320,103
"99",353,117
"99",318,110
"99",330,100
"99",321,103
"99",318,111
"99",352,117
"99",330,101
"99",321,102
"99",318,112
"99",351,117
"99",331,96
"99",322,102
"99",351,116
"99",318,113
"99",331,97
"99",323,102
"99",350,116
"99",319,106
"99",331,101
"99",327,102
"99",319,107
"99",347,115
"99",332,96
"99",328,102
"99",319,108
"99",332,97
"99",329,102
"99",319,109
"99",346,114
"99",332,98
"99",319,110
"99",344,114
"99",332,100
"99",332,102
"99",319,113
"99",341,113
"99",341,103
"99",334,96
"99",320,110
"99",342,103
"99",337,111
"99",334,97
"99",320,111
"99",336,111
"99",342,104
"99",334,98
"99",320,112
"99",343,104
"99",336,110
"99",334,99
"99",320,113
"99",344,104
"99",335,110
"99",334,100
"99",321,104
"99",344,105
"99",334,110
"99",334,101
"99",345,105
"99",321,105
"99",333,110
"99",321,106
"99",346,105
"99",332,110
"99",335,96
"99",321,107
"99",331,111
"99",335,98
"99",321,109
"99",352,107
"99",336,97
"99",353,107
"99",322,109
"99",322,112
"99",336,101
"99",322,110
"99",323,103
"99",359,108
"99",321,113
"99",337,96
"99",323,104
"99",337,97
"99",360,110
"99",320,114
"99",337,98
"99",323,106
"99",361,110
"99",320,115
"99",323,107
"99",323,110
"99",338,96
"99",324,103
"99",338,97
"99",317,116
"99",324,104
"99",362,113
"99",338,98
"99",324,105
"99",316,116
"99",362,114
"99",338,99
"99",324,106
"99",316,117
"99",362,115
"99",338,100
"99",316,115
"99",362,116
"99",338,101
"99",324,108
"99",315,115
"99",324,109
"99",324,110
"99",315,114
"99",339,96
"99",339,97
"99",325,103
"99",315,113
"99",314,113
"99",339,98
"99",325,104
"99",339,99
"99",339,101
"99",325,108
"99",313,110
"99",313,109
"99",315,106
"99",326,109
"99",341,96
"99",315,107
"99",326,110
"99",341,97
"99",315,108
"99",327,103
"99",341,98
"99",315,109
"99",341,99
"99",327,106
"99",315,112
"99",341,102
"99",327,107
"99",316,106
"99",327,108
"99",316,107
"99",342,96
"99",328,105
"99",316,112
"99",319,105
"99",348,116
"99",331,100
"99",326,102
"99",348,115
"99",347,114
"99",330,102
"99",345,114
"99",332,99
"99",331,102
"99",319,111
"99",343,114
"99",319,112
"99",332,101
"99",333,102
"99",343,113
"99",333,96
"99",336,102
"99",342,113
"99",319,114
"99",333,97
"99",337,102
"99",320,104
"99",333,98
"99",320,105
"99",338,102
"99",341,112
"99",333,99
"99",339,102
"99",320,106
"99",340,112
"99",333,100
"99",320,107
"99",339,103
"99",339,112
"99",333,101
"99",340,103
"99",320,108
"99",339,111
"99",320,109
"99",338,111
"99",347,105
"99",331,110
"99",335,97
"99",348,105
"99",321,108
"99",348,106
"99",327,111
"99",350,107
"99",351,107
"99",322,104
"99",322,105
"99",321,112
"99",360,109
"99",321,114
"99",323,105
"99",337,99
"99",362,110
"99",319,115
"99",337,100
"99",323,108
"99",362,111
"99",318,115
"99",337,101
"99",323,109
"99",362,112
"99",318,116
"99",324,107
"99",325,105
"99",314,112
"99",339,100
"99",314,111
"99",325,106
"99",313,111
"99",325,107
"99",325,109
"99",340,96
"99",325,110
"99",312,109
"99",340,97
"99",326,103
"99",312,110
"99",340,98
"99",313,108
"99",326,104
"99",340,99
"99",314,107
"99",326,105
"99",340,100
"99",314,108
"99",326,106
"99",340,101
"99",314,109
"99",326,107
"99",340,102
"99",314,110
"99",326,108
"99",327,104
"99",315,110
"99",327,105
"99",341,100
"99",315,111
"99",341,101
"99",327,109
"99",316,108
"99",327,110
"99",342,97
"99",316,109
"99",328,103
"99",342,98
"99",316,110
"99",328,104
"99",342,99
"99",316,111
"99",342,100
"99",316,114
"99",328,108
"99",317,106
"99",343,97
"99",328,109
"99",328,110
"99",317,107
"99",343,98
"99",329,103
"99",343,99
"99",329,104
"99",343,100
"99",343,101
"99",329,109
"99",344,98
"99",329,110
"99",330,103
"99",344,99
"99",344,100
"99",330,104
"99",330,105
"99",344,101
"99",330,106
"99",344,102
"99",344,103
"99",330,107
"99",330,108
"99",330,110
"99",331,103
"99",345,100
"99",331,104
"99",345,101
"99",345,102
"99",331,105
"99",331,106
"99",345,103
"99",345,104
"99",331,107
"99",346,98
"99",331,108
"99",346,99
"99",332,105
"99",346,103
"99",332,106
"99",346,104
"99",332,107
"99",332,108
"99",347,99
"99",347,100
"99",332,109
"99",347,102
"99",333,105
"99",333,108
"99",333,109
"99",348,101
"99",334,102
"99",348,102
"99",348,103
"99",334,103
"99",337,104
"99",352,99
"99",337,105
"99",352,100
"99",337,106
"99",352,101
"99",337,107
"99",352,102
"99",337,108
"99",352,103
"99",337,109
"99",352,104
"99",337,110
"99",352,105
"99",338,103
"99",352,106
"99",338,104
"99",338,105
"99",353,99
"99",353,100
"99",338,109
"99",353,106
"99",339,106
"99",354,101
"99",354,102
"99",339,109
"99",339,110
"99",354,105
"99",340,104
"99",354,106
"99",340,105
"99",354,107
"99",340,106
"99",355,101
"99",340,107
"99",355,102
"99",340,108
"99",355,103
"99",340,109
"99",355,104
"99",340,110
"99",355,105
"99",340,111
"99",355,106
"99",341,104
"99",355,107
"99",341,105
"99",356,101
"99",341,106
"99",356,102
"99",341,107
"99",356,103
"99",341,108
"99",356,104
"99",341,109
"99",356,105
"99",341,110
"99",356,106
"99",341,111
"99",356,107
"99",342,105
"99",357,102
"99",342,106
"99",357,103
"99",342,107
"99",357,104
"99",342,108
"99",357,105
"99",342,109
"99",357,106
"99",342,110
"99",357,107
"99",342,111
"99",358,104
"99",342,112
"99",358,105
"99",343,105
"99",358,106
"99",343,106
"99",358,107
"99",343,107
"99",359,104
"99",343,108
"99",359,105
"99",343,109
"99",359,106
"99",343,110
"99",359,107
"99",343,111
"99",360,104
"99",343,112
"99",344,107
"99",360,107
"99",344,108
"99",338,106
"99",353,101
"99",338,107
"99",338,108
"99",353,102
"99",353,103
"99",338,110
"99",353,104
"99",353,105
"99",339,104
"99",339,105
"99",339,107
"99",339,108
"99",354,103
"99",354,104
"99",360,105
"99",344,106
"99",360,106
"99",360,108
"99",344,109
"99",361,105
"99",344,110
"99",361,106
"99",344,111
"99",361,107
"99",344,112
"99",361,108
"99",344,113
"99",361,109
"99",345,106
"99",345,107
"99",345,108
"99",345,109
"99",360,102
"99",345,110
"99",345,111
"99",345,112
"99",345,113
"99",346,106
"99",357,100
"99",346,107
"99",346,108
"99",346,109
"99",355,99
"99",346,110
"99",359,102
"99",346,111
"99",346,96
"99",346,112
"99",348,97
"99",346,113
"99",349,97
"99",347,106
"99",311,105
"99",347,107
"99",347,108
"99",347,109
"99",347,110
"99",347,111
"99",347,112
"99",347,113
"99",348,107
"99",348,108
"99",348,109
"99",348,110
"99",348,111
"99",348,112
"99",348,113
"99",348,114
"99",349,107
"99",349,108
"99",349,109
"99",349,110
"99",349,111
"99",349,112
"99",349,113
"99",349,114
"99",349,115
"99",350,108
"99",350,109
"99",350,110
"99",350,111
"99",350,112
"99",350,113
"99",359,110
"99",359,111
"99",360,112
"99",360,113
"99",360,114
"99",360,115
"99",360,111
"99",361,111
"99",361,113
"99",361,114
"99",361,115
"99",361,116
"99",361,117
"99",361,112
"99",360,116
"99",360,117
"99",361,118
"99",360,118
"99",360,119
"99",359,119
"99",359,118
"99",359,117
"99",359,116
"99",359,115
"99",359,114
"99",359,113
"99",358,112
"99",358,111
"99",358,113
"99",358,114
"99",358,115
"99",357,114
"99",357,113
"99",357,112
"99",357,111
"99",357,110
"99",357,109
"99",358,109
"99",358,110
"99",359,109
"99",359,112
"99",356,111
"99",355,110
"99",354,109
"99",354,108
"99",355,109
"99",356,110
"99",355,111
"99",354,111
"99",353,110
"99",352,109
"99",351,108
"99",352,108
"99",353,108
"99",353,109
"99",354,110
"99",353,111
"99",352,110
"99",351,110
"99",351,109
"99",356,113
"99",355,113
"99",354,112
"99",356,109
"99",358,116
"99",358,117
"99",358,118
"99",358,119
"99",357,118
"99",357,117
"99",356,117
"99",356,116
"99",355,115
"99",356,115
"99",354,115
"99",353,114
"99",352,113
"99",353,113
"99",354,114
"99",357,116
"99",355,116
"99",352,114
"99",351,114
"99",350,114
"99",353,115
"99",353,116
"99",352,115
"99",351,115
"99",351,113
"99",354,116
"99",350,115
"99",352,116
"99",354,118
"99",353,118
"99",356,114
"99",356,112
"99",355,112
"99",355,114
"99",354,113
"99",357,115
"99",353,112
"99",352,112
"99",351,111
"99",352,111
"99",351,112
"99",333,111
"99",334,111
"99",335,111
"99",332,111
"99",324,112
"99",323,112
"99",322,113
"99",328,96
"99",327,96
"99",326,96
"99",325,96
"99",325,97
"99",324,97
"99",323,97
"99",323,98
"99",322,98
"99",321,99
"99",320,99
"99",319,100
"99",318,100
"99",317,100
"99",317,101
"99",316,101
"99",315,101
"99",314,101
"99",314,102
"99",313,102
"99",313,103
"99",312,103
"99",312,104
"99",311,106
"99",311,107
"99",311,104
"99",312,105
"99",312,106
"99",313,104
"99",313,105
"99",314,103
"99",314,104
"99",315,102
"99",315,103
"99",315,104
"99",316,102
"99",316,103
"99",316,104
"99",317,102
"99",317,103
"99",318,101
"99",318,102
"99",319,99
"99",319,101
"99",319,102
"99",320,100
"99",320,101
"99",320,102
"99",321,98
"99",321,100
"99",321,101
"99",322,99
"99",322,100
"99",322,101
"99",323,99
"99",323,100
"99",323,101
"99",324,98
"99",324,99
"99",324,100
"99",324,101
"99",325,98
"99",325,99
"99",325,100
"99",325,101
"99",326,97
"99",326,98
"99",326,99
"99",326,100
"99",326,101
"99",327,97
"99",327,98
"99",327,99
"99",327,100
"99",327,101
"99",328,97
"99",328,98
"99",328,99
"99",328,100
"99",361,103
"99",361,104
"99",360,103
"99",359,103
"99",358,102
"99",358,103
"99",358,101
"99",357,101
"99",355,100
"99",354,100
"99",354,99
"99",356,100
"99",348,98
"99",349,98
"99",347,97
"99",347,98
"99",346,97
"99",345,96
"99",350,98
"13R-1",112,181
"13R-1",112,182
"13R-1",112,183
"13R-1",113,182
"13R-1",113,183
"13R-1",114,182
"13R-1",114,183
"13R-1",114,184
"13R-1",115,183
"13R-1",115,184
"13R-1",116,184
"13R-1",116,185
"13R-1",117,185
"13R-1",118,185
"13R-1",118,186
"13R-1",119,185
"13R-1",119,186
"13R-1",120,186
"13R-1",120,187
"13R-1",121,187
"13R-1",122,187
"13R-1",123,188
"13R-1",127,191
"13R-1",129,192
"13R-1",130,193
"13R-1",133,195
"13R-1",121,186
"13R-1",123,187
"13R-1",124,188
"13R-1",125,189
"13R-1",124,190
"13R-1",121,189
"13R-1",120,189
"13R-1",119,188
"13R-1",123,190
"13R-1",123,191
"13R-1",124,192
"13R-1",125,192
"13R-1",126,193
"13R-1",127,194
"13R-1",128,194
"13R-1",129,195
"13R-1",130,195
"13R-1",136,199
"13R-1",137,199
"13R-1",138,200
"13R-1",138,201
"13R-1",137,200
"13R-1",135,199
"13R-1",134,198
"13R-1",132,197
"13R-1",130,196
"13R-1",128,195
"13R-1",126,194
"13R-1",124,193
"13R-1",120,190
"13R-1",130,191
"13R-1",130,192
"13R-1",103,180
"13R-1",104,180
"13R-1",105,181
"13R-1",106,182
"13R-1",108,183
"13R-1",110,184
"13R-1",111,185
"13R-1",112,185
"13R-1",113,185
"13R-1",114,186
"13R-1",115,187
"13R-1",116,187
"13R-1",117,187
"13R-1",117,188
"13R-1",118,188
"13R-1",119,189
"13R-1",121,190
"13R-1",121,191
"13R-1",122,190
"13R-1",122,191
"13R-1",123,192
"13R-1",125,193
"13R-1",127,190
"13R-1",128,190
"13R-1",128,191
"13R-1",129,191
"13R-1",134,195
"13R-1",135,196
"13R-1",135,195
"13R-1",133,194
"13R-1",131,193
"13R-1",137,197
"13R-1",150,208
"13R-1",149,208
"13R-1",149,207
"13R-1",148,207
"13R-1",148,206
"13R-1",147,206
"13R-1",146,205
"13R-1",145,205
"13R-1",143,204
"13R-1",140,202
"13R-1",139,202
"13R-1",142,203
"13R-1",144,204
"13R-1",141,202
"13R-1",131,197
"13R-1",146,206
"13R-1",144,205
"13R-1",132,194
"13R-1",124,191
"13R-1",105,167
"13R-1",106,167
"13R-1",106,166
"13R-1",107,166
"13R-1",107,165
"13R-1",107,164
"13R-1",108,163
"13R-1",108,162
"13R-1",108,161
"13R-1",108,160
"13R-1",107,160
"13R-1",107,159
"13R-1",106,159
"13R-1",106,158
"13R-1",105,158
"13R-1",105,157
"13R-1",104,157
"13R-1",104,156
"13R-1",103,156
"13R-1",102,156
"13R-1",101,156
"13R-1",101,155
"13R-1",100,155
"13R-1",100,154
"13R-1",103,157
"13R-1",103,158
"13R-1",103,159
"13R-1",102,159
"13R-1",101,160
"13R-1",100,161
"13R-1",99,161
"13R-1",98,161
"13R-1",96,158
"13R-1",97,155
"13R-1",97,156
"13R-1",97,157
"13R-1",98,157
"13R-1",98,158
"13R-1",99,158
"13R-1",101,159
"13R-1",104,160
"13R-1",105,160
"13R-1",106,161
"13R-1",106,162
"13R-1",107,162
"13R-1",107,163
"13R-1",97,158
"13R-1",97,159
"13R-1",97,160
"13R-1",98,159
"13R-1",98,160
"13R-1",99,159
"13R-1",99,160
"13R-1",100,159
"13R-1",100,160
"13R-1",104,158
"13R-1",104,159
"13R-1",105,159
"13R-1",105,166
"13R-1",106,160
"13R-1",107,161
"13R-1",105,165
"13R-1",104,165
"13R-1",103,164
"13R-1",103,163
"13R-1",102,162
"13R-1",102,161
"13R-1",103,161
"13R-1",104,161
"13R-1",105,162
"13R-1",105,163
"13R-1",105,164
"13R-1",104,166
"13R-1",103,166
"13R-1",101,163
"13R-1",105,161
"13R-1",106,163
"13R-1",106,164
"13R-1",106,165
"13R-1",101,161
"13R-1",102,160
"13R-1",103,160
"13R-1",99,162
"13R-1",100,162
"13R-1",100,163
"13R-1",101,162
"13R-1",102,163
"13R-1",102,164
"13R-1",103,162
"13R-1",103,165
"13R-1",104,162
"13R-1",104,163
"13R-1",104,164
"13R-1",108,164
"13R-1",109,164
"13R-1",110,164
"13R-1",112,165
"13R-1",112,166
"13R-1",113,166
"13R-1",113,167
"13R-1",113,168
"13R-1",113,169
"13R-1",107,167
"13R-1",107,168
"13R-1",108,165
"13R-1",108,166
"13R-1",108,167
"13R-1",108,168
"13R-1",109,165
"13R-1",109,166
"13R-1",109,167
"13R-1",109,168
"13R-1",109,169
"13R-1",110,165
"13R-1",110,166
"13R-1",110,167
"13R-1",110,168
"13R-1",110,169
"13R-1",111,165
"13R-1",111,166
"13R-1",111,167
"13R-1",111,168
"13R-1",111,169
"13R-1",112,167
"13R-1",112,168
"13R-1",112,169
"13R-1",111,161
"13R-1",111,162
"13R-1",112,162
"13R-1",113,162
"13R-1",113,163
"13R-1",114,164
"13R-1",114,163
"13R-1",112,163
"13R-1",115,163
"13R-1",115,164
"13R-1",115,165
"13R-1",116,164
"13R-1",117,164
"13R-1",117,165
"13R-1",117,166
"13R-1",117,167
"13R-1",116,167
"13R-1",116,168
"13R-1",115,168
"13R-1",114,168
"13R-1",114,167
"13R-1",114,166
"13R-1",113,165
"13R-1",114,165
"13R-1",115,166
"13R-1",115,167
"13R-1",116,165
"13R-1",116,166
"13R-1",113,164
"13R-1",109,163
"13R-1",102,157
"13R-1",101,158
"13R-1",102,158
"13R-1",99,157
"13R-1",98,156
"13R-1",100,158
"13R-1",115,170
"13R-1",111,171
"13R-1",118,174
"13R-1",123,177
"13R-1",116,175
"13R-1",113,173
"13R-1",114,173
"13R-1",115,173
"13R-1",116,174
"13R-1",117,174
"13R-1",119,175
"13R-1",118,175
"13R-1",117,175
"13R-1",115,174
"13R-1",119,176
"13R-1",120,176
"13R-1",121,176
"13R-1",113,172
"13R-1",112,172
"13R-1",110,171
"13R-1",141,183
"13R-1",140,183
"13R-1",140,182
"13R-1",139,182
"13R-1",138,182
"13R-1",138,181
"13R-1",139,181
"13R-1",138,180
"13R-1",138,179
"13R-1",137,179
"13R-1",136,179
"13R-1",136,178
"13R-1",137,178
"13R-1",137,177
"13R-1",136,177
"13R-1",135,177
"13R-1",135,176
"13R-1",134,176
"13R-1",133,176
"13R-1",134,175
"13R-1",133,175
"13R-1",132,175
"13R-1",132,174
"13R-1",132,173
"13R-1",131,173
"13R-1",131,174
"13R-1",130,173
"13R-1",130,172
"13R-1",129,172
"13R-1",128,172
"13R-1",127,172
"13R-1",128,171
"13R-1",127,171
"13R-1",126,171
"13R-1",125,171
"13R-1",124,171
"13R-1",123,171
"13R-1",122,172
"13R-1",122,173
"13R-1",140,184
"13R-1",121,173
"13R-1",122,171
"13R-1",122,174
"13R-1",123,172
"13R-1",123,173
"13R-1",123,174
"13R-1",124,172
"13R-1",124,173
"13R-1",124,174
"13R-1",124,175
"13R-1",125,172
"13R-1",125,173
"13R-1",125,174
"13R-1",125,175
"13R-1",126,172
"13R-1",126,173
"13R-1",126,174
"13R-1",126,175
"13R-1",126,176
"13R-1",127,173
"13R-1",127,174
"13R-1",127,175
"13R-1",127,176
"13R-1",128,173
"13R-1",128,174
"13R-1",128,175
"13R-1",128,176
"13R-1",128,177
"13R-1",129,173
"13R-1",129,174
"13R-1",129,175
"13R-1",129,176
"13R-1",129,177
"13R-1",130,174
"13R-1",130,175
"13R-1",130,176
"13R-1",130,177
"13R-1",131,175
"13R-1",131,176
"13R-1",131,177
"13R-1",131,178
"13R-1",132,176
"13R-1",132,177
"13R-1",132,178
"13R-1",133,177
"13R-1",133,178
"13R-1",133,179
"13R-1",134,177
"13R-1",134,178
"13R-1",134,179
"13R-1",134,180
"13R-1",135,178
"13R-1",135,179
"13R-1",135,180
"13R-1",136,180
"13R-1",136,181
"13R-1",137,180
"13R-1",137,181
"13R-1",137,182
"13R-1",139,183
"13R-1",127,170
"13R-1",126,170
"13R-1",125,170
"13R-1",122,170
"13R-1",123,170
"13R-1",124,170
"13R-1",125,169
"13R-1",124,169
"13R-1",123,169
"13R-1",122,169
"13R-1",122,168
"13R-1",123,168
"13R-1",121,167
"13R-1",121,171
"13R-1",120,171
"13R-1",119,170
"13R-1",118,170
"13R-1",117,169
"13R-1",116,169
"13R-1",115,169
"13R-1",114,169
"13R-1",116,170
"13R-1",117,170
"13R-1",118,171
"13R-1",119,171
"13R-1",119,172
"13R-1",120,172
"13R-1",121,172
"13R-1",118,166
"13R-1",118,165
"13R-1",118,167
"13R-1",118,168
"13R-1",118,169
"13R-1",117,168
"13R-1",121,170
"13R-1",120,170
"13R-1",119,169
"13R-1",144,183
"13R-1",144,184
"13R-1",145,184
"13R-1",146,185
"13R-1",147,185
"13R-1",145,185
"13R-1",144,185
"13R-1",145,186
"13R-1",146,186
"13R-1",143,185
"13R-1",142,184
"13R-1",143,184
"13R-1",146,184
"13R-1",148,185
"13R-1",149,186
"13R-1",150,186
"13R-1",150,187
"13R-1",151,187
"13R-1",152,187
"13R-1",152,188
"13R-1",155,189
"13R-1",158,191
"13R-1",154,189
"13R-1",156,190
"13R-1",156,191
"13R-1",157,191
"13R-1",153,188
"13R-1",154,188
"13R-1",157,190
"13R-1",160,193
"13R-1",159,192
"13R-1",136,200
"13R-1",137,201
"13R-1",95,174
"13R-1",95,175
"13R-1",95,173
"13R-1",94,169
"13R-1",95,172
"13R-1",94,171
"13R-1",94,170
"13R-1",94,162
"13R-1",94,163
"13R-1",94,164
"13R-1",94,165
"13R-1",94,166
"13R-1",94,167
"13R-1",94,168
"13R-1",95,163
"13R-1",86,166
"13R-1",87,165
"13R-1",89,162
"13R-1",89,161
"13R-1",90,160
"13R-1",91,158
"13R-1",90,161
"13R-1",88,163
"13R-1",87,164
"13R-1",88,162
"13R-1",89,160
"13R-1",90,159
"13R-1",113,186
"13R-1",116,188
"13R-1",118,189
"13R-1",145,180
"13R-1",146,180
"13R-1",147,180
"13R-1",147,181
"13R-1",148,181
"13R-1",149,181
"13R-1",150,181
"13R-1",151,182
"13R-1",152,183
"13R-1",153,183
"13R-1",154,184
"13R-1",155,184
"13R-1",156,184
"13R-1",156,185
"13R-1",157,186
"13R-1",158,186
"13R-1",159,186
"13R-1",159,187
"13R-1",160,187
"13R-1",161,187
"13R-1",162,188
"13R-1",163,188
"13R-1",164,189
"13R-1",164,190
"13R-1",163,190
"13R-1",163,191
"13R-1",162,192
"13R-1",162,191
"13R-1",161,192
"13R-1",160,192
"13R-1",144,182
"13R-1",144,181
"13R-1",145,181
"13R-1",145,182
"13R-1",145,183
"13R-1",146,181
"13R-1",146,182
"13R-1",146,183
"13R-1",147,182
"13R-1",147,183
"13R-1",147,184
"13R-1",148,182
"13R-1",148,183
"13R-1",148,184
"13R-1",149,182
"13R-1",149,183
"13R-1",149,184
"13R-1",149,185
"13R-1",150,182
"13R-1",150,183
"13R-1",150,184
"13R-1",150,185
"13R-1",151,183
"13R-1",151,184
"13R-1",151,185
"13R-1",151,186
"13R-1",152,184
"13R-1",152,185
"13R-1",152,186
"13R-1",153,184
"13R-1",153,185
"13R-1",153,186
"13R-1",153,187
"13R-1",154,185
"13R-1",154,186
"13R-1",154,187
"13R-1",155,185
"13R-1",155,186
"13R-1",155,187
"13R-1",155,188
"13R-1",156,186
"13R-1",156,187
"13R-1",156,188
"13R-1",156,189
"13R-1",157,187
"13R-1",157,188
"13R-1",157,189
"13R-1",158,187
"13R-1",158,188
"13R-1",158,189
"13R-1",158,190
"13R-1",159,188
"13R-1",159,189
"13R-1",159,190
"13R-1",159,191
"13R-1",160,188
"13R-1",160,189
"13R-1",160,190
"13R-1",160,191
"13R-1",161,188
"13R-1",161,189
"13R-1",161,190
"13R-1",161,191
"13R-1",162,189
"13R-1",162,190
"13R-1",163,189
"13R-1",157,185
"13R-1",154,183
"13R-1",153,182
"13R-1",152,182
"13R-1",151,181
"13R-1",147,179
"13R-1",148,180
"13R-1",146,179
"13R-1",143,181
"13R-1",142,181
"13R-1",142,180
"13R-1",141,180
"13R-1",141,179
"13R-1",149,180
"13R-1",133,198
"13R-1",141,203
"13R-1",96,151
"13R-1",94,153
"13R-1",92,156
"103",396,118
"103",396,119
"103",396,120
"103",396,121
"103",396,122
"103",396,123
"103",396,124
"103",397,114
"103",397,115
"103",397,116
"103",397,117
"103",397,118
"103",397,119
"103",397,120
"103",397,121
"103",397,122
"103",397,123
"103",398,114
"103",398,115
"103",398,116
"103",398,117
"103",398,118
"103",398,119
"103",398,120
"103",398,121
"103",398,122
"103",398,123
"103",399,113
"103",399,114
"103",399,115
"103",399,116
"103",399,117
"103",399,118
"103",399,119
"103",399,120
"103",399,121
"103",399,122
"103",399,123
"103",400,112
"103",400,113
"103",400,114
"103",400,115
"103",400,116
"103",400,117
"103",400,118
"103",400,119
"103",400,120
"103",400,121
"103",400,122
"103",401,112
"103",401,113
"103",401,114
"103",401,115
"103",401,116
"103",401,117
"103",401,118
"103",401,119
"103",401,120
"103",401,121
"103",401,122
"103",402,111
"103",402,112
"103",402,113
"103",402,114
"103",402,115
"103",402,116
"103",402,117
"103",402,118
"103",402,119
"103",402,120
"103",402,121
"103",403,111
"103",403,112
"103",403,113
"103",403,114
"103",403,115
"103",403,116
"103",403,117
"103",403,118
"103",403,119
"103",403,120
"103",403,121
"103",404,110
"103",404,111
"103",404,112
"103",404,113
"103",404,114
"103",404,115
"103",404,116
"103",404,117
"103",404,118
"103",404,119
"103",404,120
"103",405,110
"103",405,111
"103",405,112
"103",405,113
"103",405,114
"103",405,115
"103",405,116
"103",405,117
"103",405,118
"103",405,119
"103",405,120
"103",406,110
"103",406,111
"103",406,112
"103",406,113
"103",406,114
"103",406,115
"103",406,116
"103",406,117
"103",406,118
"103",406,119
"103",406,120
"103",407,110
"103",407,111
"103",407,112
"103",407,113
"103",407,114
"103",407,115
"103",407,116
"103",407,117
"103",407,118
"103",407,119
"103",408,109
"103",408,110
"103",408,111
"103",408,112
"103",408,113
"103",408,114
"103",408,115
"103",408,116
"103",408,117
"103",408,118
"103",409,107
"103",409,108
"103",409,109
"103",409,110
"4",400,35
"4",400,36
"4",401,36
"4",402,36
"4",402,37
"4",403,37
"4",403,38
"4",404,38
"4",405,38
"4",405,39
"4",406,39
"4",407,39
"4",408,39
"4",409,40
"4",410,41
"4",411,41
"4",411,42
"4",412,42
"4",413,42
"4",414,43
"4",414,44
"4",415,44
"4",416,44
"4",416,45
"4",417,45
"4",417,46
"4",418,46
"4",418,47
"4",419,47
"4",422,48
"4",423,48
"4",423,49
"4",424,50
"4",425,50
"4",426,50
"4",426,51
"4",427,51
"4",427,52
"4",428,52
"4",428,53
"4",429,53
"4",430,53
"4",431,53
"4",431,54
"4",432,54
"4",432,55
"4",431,55
"4",431,56
"4",424,65
"REL31",468,93
"REL31",467,93
"REL31",467,92
"REL31",466,92
"REL31",466,91
"REL31",465,91
"REL31",465,92
"REL31",464,91
"REL31",464,90
"REL31",463,90
"REL31",462,90
"REL31",462,89
"REL31",461,89
"REL31",463,89
"REL31",460,88
"REL31",459,88
"REL31",459,87
"REL31",458,87
"REL31",457,87
"REL31",457,86
"REL31",458,86
"REL31",456,86
"REL31",456,85
"REL31",455,85
"REL31",455,86
"REL31",454,85
"REL31",454,84
"REL31",453,84
"REL31",452,84
"REL31",452,83
"REL31",451,83
"REL31",451,82
"REL31",450,82
"REL31",450,83
"REL31",450,81
"REL31",451,81
"REL31",449,82
"REL31",449,81
"REL31",449,80
"REL31",449,79
"REL31",450,80
"REL31",450,79
"REL31",450,78
"REL31",449,78
"REL31",448,78
"REL31",448,77
"REL31",448,76
"REL31",447,76
"REL31",446,76
"REL31",446,75
"REL31",447,75
"REL31",445,75
"REL31",445,74
"REL31",444,74
"REL31",443,74
"REL31",443,73
"REL31",442,73
"REL31",441,73
"REL31",441,72
"REL31",441,74
"REL31",441,75
"REL31",440,75
"REL31",440,76
"REL31",439,76
"REL31",441,76
"REL31",441,77
"REL31",440,77
"REL31",441,78
"REL31",442,77
"REL31",442,78
"REL31",443,78
"REL31",443,79
"REL31",444,79
"REL31",445,79
"REL31",445,80
"REL31",446,80
"REL31",446,81
"REL31",447,81
"REL31",448,81
"REL31",448,82
"REL31",447,82
"REL31",448,80
"REL31",442,74
"REL31",442,75
"REL31",442,76
"REL31",443,75
"REL31",443,76
"REL31",443,77
"REL31",444,75
"REL31",444,76
"REL31",444,77
"REL31",444,78
"REL31",445,76
"REL31",445,77
"REL31",445,78
"REL31",446,77
"REL31",446,78
"REL31",446,79
"REL31",447,77
"REL31",447,78
"REL31",447,79
"REL31",447,80
"REL31",448,79
"REL31",453,83
"REL31",444,80
"REL31",449,77
"REL31",444,81
"REL31",445,81
"REL31",445,82
"REL31",444,82
"REL31",443,82
"REL31",442,82
"REL31",443,81
"REL31",444,83
"REL31",443,83
"REL31",453,85
"REL31",463,91
"REL31",460,89
"5",442,70
"5",442,69
"5",441,69
"5",440,69
"5",440,68
"5",439,68
"5",439,67
"5",438,66
"5",437,66
"5",437,65
"5",436,65
"5",436,64
"5",435,64
"5",435,63
"5",435,62
"5",434,62
"5",434,61
"5",434,60
"5",434,59
"5",433,59
"5",433,58
"5",433,57
"5",433,56
"5",434,57
"5",434,58
"5",435,57
"5",435,58
"5",435,59
"5",435,60
"5",435,61
"5",436,58
"5",436,59
"5",436,60
"5",436,61
"5",436,62
"5",436,63
"5",437,60
"5",437,61
"5",437,62
"5",437,63
"5",437,64
"5",438,60
"5",438,61
"5",438,62
"5",438,63
"5",438,64
"5",433,54
"5",433,55
"5",434,55
"5",434,56
"5",435,56
"5",436,56
"5",436,57
"5",437,57
"5",437,58
"103",409,111
"103",409,112
"103",409,113
"103",409,114
"103",409,115
"103",409,116
"103",409,117
"103",409,118
"103",410,107
"103",410,108
"103",410,109
"103",410,110
"103",410,111
"103",410,112
"103",410,113
"103",410,114
"103",410,115
"103",410,116
"103",410,117
"103",410,118
"103",411,107
"103",411,108
"103",411,109
"103",411,110
"103",411,111
"103",411,112
"103",411,113
"103",411,114
"103",411,115
"103",411,116
"103",411,117
"103",411,118
"103",412,107
"103",412,108
"103",412,109
"103",412,110
"103",412,111
"103",412,112
"103",412,113
"103",412,114
"103",412,115
"103",412,116
"103",412,117
"103",412,118
"103",413,107
"103",413,108
"103",413,109
"103",413,110
"103",413,111
"103",413,112
"103",413,113
"103",413,114
"103",413,115
"103",413,116
"103",413,117
"103",413,118
"103",413,119
"103",414,107
"103",414,108
"103",414,109
"103",414,110
"103",414,111
"103",414,112
"103",414,113
"103",414,114
"103",414,115
"103",414,116
"103",414,117
"103",414,118
"103",415,108
"103",415,109
"103",415,110
"103",415,111
"103",415,112
"103",415,113
"103",415,114
"103",415,115
"103",415,116
"103",416,108
"103",416,109
"103",416,110
"103",416,111
"103",416,112
"103",416,113
"103",416,114
"103",416,115
"103",417,108
"103",417,109
"103",417,110
"103",417,111
"103",417,112
"103",417,113
"103",418,109
"103",418,110
"103",418,111
"103",419,110
"103",410,120
"103",409,120
"103",395,127
"103",404,122
"103",412,105
"103",413,105
"103",414,105
"103",415,105
"103",415,104
"103",416,104
"103",417,104
"103",417,103
"103",418,103
"103",419,103
"103",420,103
"103",421,103
"103",422,103
"103",423,103
"103",424,103
"103",425,103
"103",426,103
"5",437,59
"5",438,59
"5",439,59
"5",439,60
"5",440,60
"5",441,60
"5",441,61
"5",442,61
"5",442,62
"5",443,62
"5",443,63
"5",444,63
"5",444,64
"5",445,64
"5",446,64
"5",446,65
"5",447,65
"5",448,65
"5",449,66
"5",450,66
"5",450,67
"5",451,67
"5",451,68
"5",452,68
"5",453,68
"5",453,69
"5",454,69
"5",454,70
"5",455,70
"5",456,70
"5",456,71
"5",457,71
"5",457,72
"5",458,72
"5",458,73
"5",459,73
"5",460,74
"5",461,74
"5",461,75
"66A",447,389
"66A",447,388
"66A",448,388
"66A",448,387
"66A",447,387
"66A",446,387
"66A",445,387
"66A",445,386
"66A",444,386
"66A",444,385
"66A",443,385
"66A",442,385
"66A",442,384
"66A",441,384
"66A",441,383
"66A",440,383
"66A",440,382
"66A",439,382
"66A",439,381
"66A",438,381
"66A",437,381
"66A",437,380
"66A",436,380
"66A",435,380
"66A",435,379
"66A",434,379
"66A",433,379
"66A",433,378
"66A",432,378
"66A",432,377
"66A",432,376
"66A",431,376
"66A",430,376
"66A",429,375
"66A",428,375
"66A",427,375
"66A",427,374
"66A",426,374
"66A",425,374
"66A",425,373
"66A",424,373
"66A",424,372
"66A",423,372
"66A",423,371
"66A",423,370
"66A",422,369
"66A",422,368
"66A",422,367
"66A",421,366
"66A",421,365
"66A",421,364
"66A",420,364
"66A",420,363
"66A",420,362
"66A",419,363
"66A",418,365
"66A",418,366
"66A",418,367
"66A",418,368
"66A",418,369
"66A",419,369
"66A",417,368
"66A",416,368
"66A",417,369
"66A",419,370
"66A",420,370
"66A",420,371
"66A",421,371
"66A",421,372
"66A",422,372
"66A",418,370
"66A",417,367
"66A",417,366
"66A",419,365
"66A",419,364
"66A",421,362
"66A",422,363
"66A",423,363
"66A",423,364
"66A",424,364
"66A",425,364
"66A",425,365
"66A",426,365
"66A",426,366
"66A",427,366
"66A",427,367
"66A",428,367
"66A",429,367
"66A",430,367
"66A",430,368
"66A",431,368
"66A",431,369
"66A",432,369
"66A",432,370
"66A",433,370
"66A",434,371
"66A",435,371
"66A",435,372
"66A",436,372
"66A",439,373
"66A",440,373
"66A",440,374
"66A",442,375
"66A",443,376
"66A",444,376
"66A",444,377
"66A",444,378
"66A",445,378
"66A",446,378
"66A",446,379
"66A",447,379
"66A",448,379
"66A",449,380
"66A",449,381
"66A",449,382
"66A",449,383
"85",214,198
"85",171,172
"85",170,172
"85",218,203
"85",169,172
"85",216,207
"85",215,208
"85",168,170
"85",167,170
"85",214,197
"85",166,170
"85",173,173
"85",193,185
"85",164,168
"85",163,168
"85",203,191
"85",163,167
"85",191,184
"85",162,167
"85",176,175
"85",161,167
"85",150,170
"85",161,166
"85",164,179
"85",160,166
"85",194,197
"85",159,166
"85",201,201
"85",159,165
"85",206,204
"85",158,164
"85",208,205
"85",157,164
"85",211,207
"85",157,163
"85",151,171
"85",156,163
"85",152,172
"85",155,163
"85",184,180
"85",155,162
"85",191,195
"85",150,169
"85",157,175
"85",151,167
"85",159,176
"85",151,168
"85",209,194
"85",151,169
"85",210,195
"85",152,166
"85",211,195
"85",152,168
"85",152,169
"85",152,170
"85",212,208
"85",211,208
"85",210,208
"85",154,164
"85",209,208
"85",154,165
"85",154,166
"85",208,208
"85",154,167
"85",207,208
"85",207,209
"85",154,168
"85",206,209
"85",154,169
"85",154,170
"85",203,207
"85",154,171
"85",202,207
"85",201,206
"85",155,164
"85",200,205
"85",155,165
"85",155,166
"85",195,202
"85",194,202
"85",193,201
"85",156,164
"85",156,165
"85",188,199
"85",156,166
"85",187,198
"85",186,198
"85",156,167
"85",185,197
"85",156,168
"85",156,169
"85",184,197
"85",156,170
"85",184,196
"85",183,195
"85",156,172
"85",156,173
"85",182,194
"85",157,165
"85",181,194
"85",180,194
"85",179,194
"85",157,171
"85",157,172
"85",176,192
"85",157,173
"85",176,191
"85",175,191
"85",175,190
"85",159,169
"85",166,186
"85",159,173
"85",163,184
"85",160,168
"85",157,180
"85",160,170
"85",158,180
"85",160,171
"85",159,180
"85",159,181
"85",162,169
"85",150,171
"85",162,170
"85",149,174
"85",162,171
"85",162,172
"85",150,173
"85",150,174
"85",162,174
"85",150,175
"85",159,168
"85",168,186
"85",167,186
"85",159,170
"85",159,171
"85",166,185
"85",159,172
"85",165,185
"85",164,184
"85",159,174
"85",159,175
"85",162,183
"85",160,167
"85",161,183
"85",160,182
"85",160,169
"85",160,172
"85",160,173
"85",160,181
"85",160,174
"85",157,179
"85",160,175
"85",156,178
"85",161,168
"85",155,178
"85",161,169
"85",154,177
"85",161,170
"85",153,177
"85",152,177
"85",161,171
"85",149,175
"85",161,172
"85",148,175
"85",161,173
"85",148,174
"85",161,174
"85",148,173
"85",161,175
"85",149,173
"85",161,176
"85",149,172
"85",162,168
"85",149,171
"85",150,172
"85",162,173
"85",150,176
"85",151,172
"85",163,172
"85",151,176
"85",163,176
"85",152,175
"85",164,172
"85",153,175
"85",164,176
"85",164,177
"85",165,172
"85",165,173
"85",165,174
"85",165,175
"85",155,177
"85",165,176
"85",156,175
"85",165,177
"85",156,176
"85",165,178
"85",156,177
"85",166,171
"85",157,176
"85",166,172
"85",157,177
"85",166,173
"85",157,178
"85",166,174
"85",158,176
"85",166,175
"85",158,177
"85",166,176
"85",158,178
"85",166,177
"85",167,172
"85",159,179
"85",168,174
"85",168,175
"85",161,182
"85",168,176
"85",162,179
"85",162,180
"85",163,183
"85",164,180
"85",170,173
"85",164,183
"85",170,174
"85",165,180
"85",170,175
"85",165,181
"85",165,184
"85",166,181
"85",166,182
"85",166,183
"85",167,183
"85",167,184
"85",171,182
"85",167,185
"85",172,173
"85",172,174
"85",168,183
"85",169,183
"85",172,179
"85",170,184
"85",170,185
"85",170,186
"85",173,177
"85",170,187
"85",173,178
"85",173,179
"85",171,185
"85",172,186
"85",172,187
"85",174,176
"85",172,188
"85",174,177
"85",174,178
"85",174,179
"85",180,192
"85",178,180
"85",180,193
"85",178,181
"85",181,191
"85",178,183
"85",181,193
"85",178,184
"85",182,190
"85",179,178
"85",179,179
"85",182,192
"85",179,182
"85",179,185
"85",184,192
"85",180,181
"85",185,192
"85",180,185
"85",185,196
"85",185,184
"85",192,200
"85",193,199
"85",186,182
"85",193,200
"85",186,183
"85",194,198
"85",194,199
"85",186,185
"85",186,188
"85",195,200
"85",187,186
"85",196,201
"85",187,188
"85",196,202
"85",187,189
"85",197,199
"85",197,200
"85",197,201
"85",198,203
"85",199,201
"85",188,190
"85",199,202
"85",188,191
"85",199,203
"85",189,183
"85",199,204
"85",189,184
"85",200,201
"85",189,185
"85",200,202
"85",189,188
"85",189,189
"85",201,202
"85",189,190
"85",201,203
"85",201,204
"85",189,191
"85",201,205
"85",190,187
"85",202,206
"85",190,189
"85",162,175
"85",162,176
"85",163,169
"85",163,170
"85",151,173
"85",163,171
"85",151,174
"85",151,175
"85",163,173
"85",163,174
"85",163,175
"85",152,173
"85",152,174
"85",163,177
"85",164,170
"85",152,176
"85",164,171
"85",153,173
"85",153,174
"85",164,173
"85",164,174
"85",153,176
"85",164,175
"85",154,174
"85",154,175
"85",154,176
"85",165,170
"85",155,174
"85",165,171
"85",155,175
"85",155,176
"85",158,179
"85",166,178
"85",158,181
"85",167,171
"85",159,177
"85",159,178
"85",167,173
"85",167,174
"85",160,177
"85",167,175
"85",160,178
"85",160,179
"85",167,176
"85",160,180
"85",167,177
"85",167,178
"85",161,178
"85",168,172
"85",161,179
"85",161,180
"85",168,173
"85",161,181
"85",168,177
"85",162,181
"85",168,178
"85",168,179
"85",162,182
"85",169,173
"85",163,179
"85",163,180
"85",169,174
"85",163,181
"85",169,175
"85",169,176
"85",163,182
"85",169,177
"85",169,178
"85",164,181
"85",169,179
"85",164,182
"85",170,176
"85",165,182
"85",170,177
"85",165,183
"85",170,178
"85",170,179
"85",171,173
"85",171,174
"85",171,175
"85",166,184
"85",171,176
"85",167,181
"85",171,177
"85",171,178
"85",167,182
"85",171,179
"85",168,182
"85",172,175
"85",168,184
"85",172,176
"85",168,185
"85",172,177
"85",172,178
"85",169,184
"85",169,185
"85",172,180
"85",169,186
"85",173,174
"85",173,175
"85",173,176
"85",171,184
"85",173,180
"85",171,186
"85",173,181
"85",171,187
"85",173,182
"85",174,174
"85",172,185
"85",174,175
"85",173,185
"85",173,186
"85",173,187
"85",174,180
"85",174,181
"85",173,188
"85",174,182
"85",174,186
"85",175,175
"85",174,187
"85",175,176
"85",174,188
"85",175,177
"85",174,189
"85",175,178
"85",175,186
"85",175,179
"85",175,187
"85",175,180
"85",175,188
"85",175,181
"85",175,189
"85",175,182
"85",176,187
"85",175,183
"85",176,188
"85",176,176
"85",176,189
"85",176,177
"85",176,190
"85",176,178
"85",177,187
"85",176,179
"85",177,188
"85",176,180
"85",177,189
"85",176,181
"85",177,190
"85",176,182
"85",177,191
"85",176,183
"85",178,188
"85",177,176
"85",178,189
"85",177,177
"85",178,190
"85",177,178
"85",178,191
"85",177,179
"85",178,192
"85",177,180
"85",179,189
"85",177,181
"85",179,190
"85",177,182
"85",179,191
"85",177,183
"85",179,192
"85",177,184
"85",180,189
"85",178,177
"85",180,190
"85",178,178
"85",180,191
"85",178,179
"85",181,190
"85",178,182
"85",181,192
"85",182,191
"85",179,180
"85",182,193
"85",179,181
"85",183,191
"85",179,183
"85",183,192
"85",179,184
"85",183,193
"85",183,194
"85",180,178
"85",180,179
"85",184,193
"85",180,180
"85",184,194
"85",184,195
"85",180,182
"85",180,183
"85",185,193
"85",180,184
"85",185,194
"85",185,195
"85",180,186
"85",181,179
"85",186,193
"85",181,180
"85",186,194
"85",186,195
"85",181,181
"85",186,196
"85",181,182
"85",181,183
"85",186,197
"85",181,184
"85",187,193
"85",187,194
"85",181,185
"85",187,195
"85",181,186
"85",182,179
"85",187,196
"85",182,180
"85",187,197
"85",182,181
"85",188,194
"85",182,182
"85",188,195
"85",182,183
"85",188,196
"85",182,184
"85",188,197
"85",182,185
"85",188,198
"85",182,186
"85",183,180
"85",183,181
"85",183,182
"85",189,195
"85",183,183
"85",189,196
"85",183,184
"85",189,197
"85",183,185
"85",189,198
"85",183,186
"85",190,195
"85",183,187
"85",190,196
"85",184,181
"85",190,197
"85",184,182
"85",190,198
"85",184,183
"85",190,199
"85",184,184
"85",191,196
"85",184,185
"85",191,197
"85",184,186
"85",191,198
"85",184,187
"85",191,199
"85",184,188
"85",192,196
"85",185,181
"85",192,197
"85",185,182
"85",192,198
"85",185,183
"85",192,199
"85",185,185
"85",185,186
"85",193,197
"85",185,187
"85",193,198
"85",185,188
"85",186,184
"85",194,200
"85",186,186
"85",194,201
"85",186,187
"85",195,198
"85",195,199
"85",187,183
"85",187,184
"85",195,201
"85",187,185
"85",196,199
"85",196,200
"85",187,187
"85",187,190
"85",188,183
"85",188,184
"85",197,202
"85",188,185
"85",197,203
"85",198,200
"85",188,186
"85",198,201
"85",188,187
"85",188,188
"85",198,202
"85",188,189
"85",189,186
"85",200,203
"85",189,187
"85",200,204
"85",189,192
"85",190,184
"85",202,202
"85",190,185
"85",202,203
"85",202,204
"85",190,186
"85",202,205
"85",190,188
"85",206,205
"85",207,206
"85",192,187
"85",209,207
"85",192,191
"85",198,204
"85",199,200
"85",193,190
"85",193,191
"85",154,178
"85",193,192
"85",147,174
"85",153,178
"85",193,193
"85",155,179
"85",194,190
"85",194,191
"85",194,192
"85",194,193
"85",194,194
"85",194,195
"85",195,187
"85",195,188
"85",195,189
"85",195,190
"85",195,191
"85",195,192
"85",195,193
"85",195,194
"85",195,195
"85",196,188
"85",196,189
"85",196,190
"85",196,191
"85",196,192
"85",196,193
"85",196,194
"85",196,195
"85",196,196
"85",197,188
"85",197,189
"85",197,190
"85",197,191
"85",197,192
"85",197,193
"85",197,194
"85",197,195
"85",197,196
"85",197,197
"85",198,190
"85",198,191
"85",198,192
"85",198,193
"85",198,194
"85",198,195
"85",198,196
"85",203,203
"85",190,190
"85",203,204
"85",190,191
"85",203,205
"85",190,192
"85",203,206
"85",204,204
"85",204,205
"85",204,206
"85",204,207
"85",191,185
"85",205,204
"85",191,186
"85",205,205
"85",191,187
"85",205,206
"85",191,188
"85",205,207
"85",191,189
"85",205,208
"85",191,190
"85",191,191
"85",206,206
"85",191,192
"85",206,207
"85",206,208
"85",191,193
"85",207,205
"85",192,185
"85",192,186
"85",207,207
"85",208,206
"85",192,188
"85",208,207
"85",192,189
"85",192,190
"85",210,207
"85",204,208
"85",192,192
"85",196,203
"85",192,193
"85",192,194
"85",193,186
"85",193,187
"85",204,203
"85",193,188
"85",209,206
"85",184,191
"85",193,189
"85",156,179
"85",193,194
"85",194,187
"85",156,180
"85",194,188
"85",181,195
"85",183,196
"85",194,189
"85",197,204
"85",198,197
"85",198,198
"85",199,190
"85",199,191
"85",199,192
"85",199,193
"85",199,194
"85",199,195
"85",199,196
"85",210,199
"85",210,198
"85",210,197
"85",209,197
"85",209,196
"85",210,196
"85",211,197
"85",209,195
"85",208,195
"85",207,195
"85",206,195
"85",205,195
"85",205,194
"85",206,194
"85",204,193
"85",203,193
"85",202,192
"85",201,192
"85",200,192
"85",199,197
"85",199,198
"85",199,199
"85",200,193
"85",200,194
"85",200,195
"85",200,196
"85",200,197
"85",200,198
"85",200,199
"85",201,193
"85",201,194
"85",201,195
"85",201,196
"85",201,197
"85",201,198
"85",201,199
"85",201,200
"85",202,193
"85",202,194
"85",202,195
"85",202,196
"85",202,197
"85",202,198
"85",202,199
"85",202,200
"85",203,194
"85",203,195
"85",203,196
"85",203,197
"85",203,198
"85",203,199
"85",203,200
"85",203,201
"85",204,194
"85",204,195
"85",204,196
"85",204,197
"85",204,198
"85",204,199
"85",204,200
"85",204,201
"85",205,196
"85",205,197
"85",205,198
"85",205,199
"85",205,200
"85",205,201
"85",205,202
"85",206,196
"85",206,197
"85",206,198
"85",206,199
"85",206,200
"85",206,201
"85",206,202
"85",207,196
"85",207,197
"85",207,198
"85",207,199
"85",207,200
"85",207,201
"85",207,202
"85",207,203
"85",208,196
"85",208,197
"85",208,198
"85",208,199
"85",208,200
"85",208,201
"85",208,202
"85",208,203
"85",209,198
"85",209,199
"85",209,200
"85",209,201
"85",209,202
"85",209,203
"85",209,204
"85",210,200
"85",210,201
"85",210,202
"85",210,203
"85",210,204
"85",211,199
"85",211,198
"85",203,192
"85",200,191
"66A",449,384
"66A",449,385
"66A",449,386
"66A",449,387
"66A",450,387
"66A",450,388
"66A",450,389
"66A",450,390
"66A",450,391
"66A",450,392
"66A",449,392
"66A",449,393
"66A",449,394
"66A",449,395
"66A",449,396
"66A",449,397
"66A",449,398
"66A",448,399
"66A",448,400
"66A",448,401
"66A",447,401
"66A",447,402
"66A",447,403
"66A",446,404
"66A",446,405
"66A",445,406
"66A",445,407
"66A",445,408
"66A",444,408
"66A",444,409
"66A",444,410
"66A",443,410
"66A",443,411
"66A",442,411
"66A",442,412
"66A",442,413
"66A",442,414
"66A",441,415
"66A",441,416
"66A",440,416
"66A",440,417
"66A",439,418
"66A",439,419
"66A",438,419
"66A",438,420
"66A",437,421
"66A",437,422
"66A",437,423
"66A",437,424
"66A",436,424
"66A",436,425
"66A",436,426
"66A",436,427
"66A",435,427
"66A",435,428
"66A",435,429
"66A",435,430
"66A",435,431
"66A",435,432
"66A",434,432
"66A",421,363
"66A",422,364
"66A",422,365
"66A",422,366
"66A",423,365
"66A",423,366
"66A",423,367
"66A",423,368
"66A",423,369
"66A",424,365
"66A",424,366
"66A",424,367
"66A",424,368
"66A",424,369
"66A",424,370
"66A",424,371
"66A",425,366
"66A",425,367
"66A",425,368
"66A",425,369
"66A",425,370
"66A",425,371
"66A",425,372
"66A",426,367
"66A",426,368
"66A",426,369
"66A",426,370
"66A",426,371
"66A",426,372
"66A",426,373
"66A",427,368
"66A",427,369
"66A",427,370
"66A",427,371
"66A",427,372
"66A",427,373
"66A",428,368
"66A",428,369
"66A",428,370
"66A",428,371
"66A",428,372
"66A",428,373
"66A",428,374
"66A",429,368
"66A",429,369
"66A",429,370
"66A",429,371
"66A",429,372
"66A",429,373
"66A",429,374
"66A",429,427
"66A",429,428
"66A",429,429
"66A",430,369
"66A",430,370
"66A",430,371
"66A",430,372
"66A",430,373
"66A",430,374
"66A",430,375
"66A",430,426
"66A",430,427
"66A",430,428
"66A",430,429
"66A",431,370
"66A",431,371
"66A",431,372
"66A",431,373
"66A",431,374
"66A",431,375
"66A",431,423
"66A",431,424
"66A",431,425
"66A",431,426
"66A",431,427
"66A",431,428
"66A",431,429
"66A",431,430
"66A",432,371
"66A",432,372
"66A",432,373
"66A",432,374
"66A",432,375
"66A",432,421
"66A",432,422
"66A",432,423
"66A",432,424
"66A",432,425
"66A",432,426
"66A",432,427
"66A",432,428
"66A",432,429
"66A",432,430
"66A",433,371
"66A",433,372
"66A",433,373
"66A",433,374
"66A",433,375
"66A",433,376
"66A",433,377
"66A",433,419
"66A",433,420
"66A",433,421
"66A",433,422
"66A",433,423
"66A",433,424
"66A",433,425
"66A",433,426
"66A",433,427
"66A",433,428
"66A",433,429
"66A",433,430
"66A",433,431
"66A",434,372
"66A",434,373
"66A",434,374
"66A",434,375
"66A",434,376
"66A",434,377
"66A",434,378
"66A",434,417
"66A",434,418
"66A",434,419
"66A",434,420
"66A",434,421
"66A",434,422
"66A",434,423
"66A",434,424
"66A",434,425
"66A",434,426
"66A",434,427
"66A",434,428
"66A",434,429
"66A",434,430
"66A",434,431
"66A",435,373
"66A",435,374
"66A",435,375
"66A",435,376
"66A",435,377
"66A",435,378
"66A",435,415
"66A",435,416
"66A",435,417
"66A",435,418
"66A",435,419
"66A",435,420
"66A",435,421
"66A",435,422
"66A",435,423
"66A",435,424
"66A",435,425
"66A",435,426
"66A",436,373
"66A",436,374
"66A",436,375
"66A",436,376
"66A",436,377
"66A",436,378
"66A",436,379
"66A",436,412
"66A",436,413
"66A",436,414
"66A",436,415
"66A",436,416
"66A",436,417
"66A",436,418
"66A",436,419
"66A",436,420
"66A",436,421
"66A",436,422
"66A",436,423
"66A",437,373
"66A",437,374
"66A",437,375
"66A",437,376
"66A",437,377
"66A",437,378
"66A",437,379
"66A",437,410
"66A",437,411
"66A",437,412
"66A",437,413
"66A",437,414
"66A",437,415
"66A",437,416
"66A",437,417
"66A",437,418
"66A",437,419
"66A",437,420
"66A",438,373
"66A",438,374
"66A",438,375
"66A",438,376
"66A",438,377
"66A",438,378
"66A",438,379
"66A",438,380
"66A",438,408
"66A",438,409
"66A",438,410
"66A",438,411
"66A",438,412
"66A",438,413
"66A",438,414
"66A",438,415
"66A",438,416
"66A",438,417
"66A",438,418
"66A",439,374
"66A",439,375
"66A",439,376
"66A",439,377
"66A",439,378
"66A",439,379
"66A",439,380
"66A",439,407
"66A",439,408
"66A",439,409
"66A",439,410
"66A",439,411
"66A",439,412
"66A",439,413
"66A",439,414
"66A",439,415
"66A",439,416
"66A",439,417
"66A",440,375
"66A",440,376
"66A",440,377
"66A",440,378
"66A",440,379
"66A",440,380
"66A",440,381
"66A",440,405
"66A",440,406
"66A",440,407
"66A",440,408
"66A",440,409
"66A",440,410
"66A",440,411
"66A",440,412
"66A",440,413
"66A",440,414
"66A",440,415
"66A",441,375
"66A",441,376
"66A",441,377
"66A",441,378
"66A",441,379
"66A",441,380
"66A",441,381
"66A",441,382
"66A",441,403
"66A",441,404
"66A",441,405
"66A",441,406
"66A",441,407
"66A",441,408
"66A",441,409
"66A",441,410
"66A",441,411
"66A",441,412
"66A",441,413
"66A",441,414
"66A",442,376
"66A",442,377
"66A",442,378
"66A",442,379
"66A",442,380
"66A",442,381
"66A",442,382
"66A",442,383
"66A",442,401
"66A",442,402
"66A",442,403
"66A",442,404
"66A",442,405
"66A",442,406
"66A",442,407
"66A",442,408
"66A",442,409
"66A",442,410
"66A",443,377
"66A",443,378
"66A",443,379
"66A",443,380
"66A",443,381
"66A",443,382
"66A",443,383
"66A",443,384
"66A",443,400
"66A",443,401
"66A",443,402
"66A",443,403
"66A",443,404
"66A",443,405
"66A",443,406
"66A",443,407
"66A",443,408
"66A",443,409
"66A",444,379
"66A",444,380
"66A",444,381
"66A",444,382
"66A",444,383
"66A",444,384
"66A",444,398
"66A",444,399
"66A",444,400
"66A",444,401
"66A",444,402
"66A",444,403
"66A",444,404
"66A",444,405
"66A",444,406
"66A",444,407
"66A",445,379
"66A",445,380
"66A",445,381
"66A",445,382
"66A",445,383
"66A",445,384
"66A",445,385
"66A",445,396
"66A",445,397
"66A",445,398
"66A",445,399
"66A",445,400
"66A",445,401
"66A",445,402
"66A",445,403
"66A",445,404
"66A",445,405
"66A",446,380
"66A",446,381
"66A",446,382
"66A",446,383
"66A",446,384
"66A",446,385
"66A",446,386
"66A",446,391
"66A",446,392
"66A",446,393
"66A",446,394
"66A",446,395
"66A",446,396
"66A",446,397
"66A",446,398
"66A",446,399
"66A",446,400
"66A",446,401
"66A",446,402
"66A",447,380
"66A",447,381
"66A",447,382
"66A",447,383
"66A",447,384
"66A",447,385
"66A",447,386
"66A",447,390
"66A",447,391
"66A",447,392
"66A",447,393
"66A",447,394
"66A",447,395
"66A",447,396
"66A",447,397
"66A",447,398
"66A",447,399
"66A",447,400
"66A",448,380
"66A",448,381
"66A",448,382
"66A",448,383
"66A",448,384
"66A",448,385
"66A",448,386
"66A",448,389
"66A",448,390
"66A",448,391
"66A",448,392
"66A",448,393
"66A",448,394
"66A",448,395
"66A",448,396
"66A",448,397
"66A",448,398
"66A",449,388
"66A",449,389
"66A",449,390
"66A",449,391
"66A",437,372
"66A",436,371
"66A",434,370
"66A",422,371
"66A",419,366
"66A",419,367
"66A",419,368
"66A",420,365
"66A",420,366
"66A",420,367
"66A",420,368
"66A",420,369
"66A",421,367
"66A",421,368
"66A",421,369
"66A",421,370
"66A",422,370
"66A",431,377
"66A",429,376
"66A",423,373
"66A",428,376
"66A",431,378
"66A",436,381
"66A",438,382
"66A",430,377
"66A",436,430
"66A",436,429
"66A",436,428
"66A",437,428
"66A",437,427
"66A",438,427
"66A",439,427
"66A",439,426
"66A",439,425
"66A",440,425
"66A",440,424
"66A",441,423
"66A",441,422
"66A",442,422
"66A",442,421
"66A",442,420
"66A",443,419
"66A",443,418
"66A",444,417
"66A",448,411
"66A",449,409
"66A",450,408
"66A",451,406
"66A",452,405
"66A",454,401
"66A",454,400
"66A",455,400
"66A",455,399
"66A",455,398
"66A",456,398
"66A",456,397
"66A",457,397
"66A",457,396
"66A",457,395
"66A",458,395
"66A",458,394
"66A",459,393
"66A",461,388
"66A",461,387
"66A",460,387
"66A",460,386
"66A",459,386
"66A",459,385
"66A",458,386
"66A",457,386
"66A",456,385
"66A",456,386
"66A",456,387
"66A",456,384
"66A",456,383
"66A",455,383
"66A",454,383
"66A",454,382
"66A",453,382
"66A",452,382
"66A",452,381
"66A",451,381
"66A",451,380
"66A",450,380
"66A",450,379
"66A",449,379
"66A",448,378
"66A",447,378
"66A",446,377
"66A",445,377
"66A",437,425
"66A",437,426
"66A",438,421
"66A",438,422
"66A",438,423
"66A",438,424
"66A",438,425
"66A",438,426
"66A",439,420
"66A",439,421
"66A",439,422
"66A",439,423
"66A",439,424
"66A",440,418
"66A",440,419
"66A",440,420
"66A",440,421
"66A",440,422
"66A",440,423
"66A",441,417
"66A",441,418
"66A",441,419
"66A",441,420
"66A",441,421
"66A",442,415
"66A",442,416
"66A",442,417
"66A",442,418
"66A",442,419
"66A",443,386
"66A",443,412
"66A",443,413
"66A",443,414
"66A",443,415
"66A",443,416
"66A",443,417
"66A",444,411
"66A",444,412
"66A",444,413
"66A",444,414
"66A",444,415
"66A",444,416
"66A",445,409
"66A",445,410
"66A",445,411
"66A",445,412
"66A",445,413
"66A",445,414
"66A",446,403
"66A",446,406
"66A",446,407
"66A",446,408
"66A",446,409
"66A",446,410
"66A",446,411
"66A",446,412
"66A",447,404
"66A",447,405
"66A",447,406
"66A",447,407
"66A",447,408
"66A",447,409
"66A",447,410
"66A",447,411
"66A",448,402
"66A",448,403
"66A",448,404
"66A",448,405
"66A",448,406
"66A",448,407
"66A",448,408
"66A",448,409
"66A",448,410
"66A",449,399
"66A",449,400
"66A",449,401
"66A",449,402
"66A",449,403
"66A",449,404
"66A",449,405
"66A",449,406
"66A",449,407
"66A",449,408
"66A",450,381
"66A",450,382
"66A",450,383
"66A",450,384
"66A",450,385
"66A",450,386
"66A",450,393
"66A",450,394
"66A",450,395
"66A",450,396
"66A",450,397
"66A",450,398
"66A",450,399
"66A",450,400
"66A",450,401
"66A",450,402
"66A",450,403
"66A",450,404
"66A",450,405
"66A",450,406
"66A",450,407
"66A",451,382
"66A",451,383
"66A",451,384
"66A",451,385
"66A",451,386
"66A",451,387
"66A",451,388
"66A",451,389
"66A",451,390
"66A",451,391
"66A",451,392
"66A",451,393
"66A",451,394
"66A",451,395
"13R-6",415,346
"13R-6",415,347
"13R-6",415,348
"13R-6",415,349
"13R-6",415,350
"13R-6",415,351
"13R-6",415,352
"13R-6",415,353
"13R-6",415,354
"13R-6",415,355
"13R-6",415,356
"13R-6",415,357
"13R-6",415,358
"13R-6",415,359
"13R-6",415,360
"13R-6",416,337
"13R-6",416,338
"13R-6",416,339
"13R-6",416,340
"13R-6",416,341
"13R-6",416,342
"13R-6",416,343
"13R-6",416,344
"13R-6",416,345
"13R-6",416,346
"13R-6",416,347
"13R-6",416,348
"13R-6",416,349
"13R-6",416,350
"13R-6",416,351
"13R-6",416,352
"13R-6",416,353
"13R-6",416,354
"13R-6",416,355
"13R-6",416,356
"13R-6",416,357
"13R-6",416,358
"13R-6",416,359
"13R-6",416,360
"13R-6",417,338
"13R-6",417,339
"13R-6",417,340
"13R-6",417,341
"13R-6",417,342
"13R-6",417,343
"13R-6",417,344
"13R-6",417,345
"13R-6",417,346
"13R-6",417,347
"13R-6",417,348
"13R-6",417,349
"13R-6",417,350
"13R-6",417,351
"13R-6",417,352
"13R-6",417,353
"13R-6",417,354
"13R-6",417,355
"13R-6",417,356
"13R-6",417,357
"13R-6",417,358
"13R-6",417,359
"13R-6",417,360
"13R-6",417,361
"13R-6",418,339
"13R-6",418,340
"13R-6",418,341
"13R-6",418,342
"13R-6",418,343
"13R-6",418,344
"13R-6",418,345
"13R-6",418,346
"13R-6",418,347
"13R-6",418,348
"13R-6",418,349
"13R-6",418,350
"13R-6",418,351
"13R-6",418,352
"13R-6",418,353
"13R-6",418,354
"13R-6",418,355
"13R-6",418,356
"13R-6",418,357
"13R-6",418,358
"13R-6",418,359
"13R-6",418,360
"13R-6",419,340
"13R-6",419,341
"13R-6",419,342
"13R-6",419,343
"13R-6",419,344
"13R-6",419,345
"13R-6",419,346
"13R-6",419,347
"13R-6",419,348
"13R-6",419,349
"13R-6",419,350
"13R-6",419,351
"13R-6",419,352
"13R-6",419,353
"13R-6",419,354
"13R-6",419,355
"13R-6",419,356
"13R-6",419,357
"13R-6",419,358
"13R-6",419,359
"13R-6",420,341
"13R-6",420,342
"13R-6",420,343
"13R-6",420,344
"13R-6",420,345
"13R-6",420,346
"13R-6",420,347
"13R-6",420,348
"13R-6",420,349
"13R-6",420,350
"13R-6",420,351
"13R-6",420,352
"13R-6",420,353
"13R-6",420,354
"13R-6",420,355
"13R-6",420,356
"13R-6",420,357
"13R-6",421,341
"13R-6",421,342
"13R-6",421,343
"13R-6",421,344
"13R-6",421,345
"13R-6",421,346
"13R-6",421,347
"13R-6",421,348
"13R-6",421,349
"13R-6",421,350
"13R-6",421,351
"13R-6",421,352
"13R-6",421,353
"13R-6",421,354
"13R-6",421,355
"13R-6",421,356
"13R-6",421,357
"13R-6",422,342
"13R-6",422,343
"13R-6",422,344
"13R-6",422,345
"13R-6",422,346
"13R-6",422,347
"13R-6",422,348
"13R-6",422,349
"13R-6",422,350
"13R-6",422,351
"13R-6",422,352
"13R-6",422,353
"13R-6",422,354
"13R-6",422,355
"13R-6",423,342
"13R-6",423,343
"13R-6",423,344
"13R-6",423,345
"13R-6",423,346
"13R-6",423,347
"13R-6",423,348
"13R-6",465,384
"13R-6",472,374
"13R-6",468,382
"5",462,75
"5",463,75
"5",464,75
"5",464,76
"5",465,76
"5",466,76
"5",467,76
"5",467,77
"5",468,77
"5",468,78
"5",469,78
"5",470,78
"5",470,79
"5",471,79
"5",472,80
"5",473,80
"5",474,80
"5",474,81
"5",475,82
"5",475,83
"5",474,83
"5",474,84
"5",474,85
"5",473,86
"5",473,87
"5",472,87
"5",472,88
"5",471,88
"5",471,89
"5",471,90
"5",471,91
"5",470,91
"5",469,91
"5",468,91
"5",467,91
"5",466,90
"5",465,90
"5",465,89
"5",464,88
"5",463,88
"5",462,88
"5",461,88
"5",461,87
"5",460,87
"5",460,86
"5",459,86
"5",458,85
"5",457,85
"5",457,84
"5",456,84
"5",455,84
"5",454,83
"5",453,82
"5",452,82
"5",452,81
"5",452,80
"5",452,79
"5",451,79
"5",451,78
"5",451,77
"5",450,77
"5",450,76
"5",450,75
"5",449,75
"5",449,74
"5",448,74
"5",447,73
"5",446,73
"5",446,72
"5",445,72
"5",445,71
"5",444,71
"5",443,71
"5",443,70
"5",438,65
"5",439,61
"5",439,62
"5",439,63
"5",439,64
"5",439,65
"5",439,66
"5",440,61
"5",440,62
"5",440,63
"5",440,64
"5",440,65
"5",440,66
"5",440,67
"5",441,62
"5",441,63
"5",441,64
"5",441,65
"5",441,66
"5",441,67
"5",441,68
"5",442,63
"5",442,64
"5",442,65
"5",442,66
"5",442,67
"5",442,68
"5",443,64
"5",443,65
"5",443,66
"5",443,67
"5",443,68
"5",443,69
"5",444,65
"5",444,66
"5",444,67
"5",444,68
"5",444,69
"5",444,70
"5",445,65
"5",445,66
"5",445,67
"5",445,68
"5",445,69
"5",445,70
"5",446,66
"5",446,67
"5",446,68
"5",446,69
"5",446,70
"5",446,71
"5",447,66
"5",447,67
"5",447,68
"5",447,69
"5",447,70
"5",447,71
"5",447,72
"5",448,66
"5",448,67
"5",448,68
"5",448,69
"5",448,70
"5",448,71
"5",448,72
"5",448,73
"5",449,67
"5",449,68
"5",449,69
"5",449,70
"5",449,71
"5",449,72
"5",449,73
"5",450,68
"5",450,69
"5",450,70
"5",450,71
"5",450,72
"5",450,73
"5",450,74
"5",451,69
"5",451,70
"5",451,71
"5",451,72
"5",451,73
"5",451,74
"5",451,75
"5",451,76
"5",452,69
"5",452,70
"5",452,71
"5",452,72
"5",452,73
"5",452,74
"5",452,75
"5",452,76
"5",452,77
"5",452,78
"5",453,70
"5",453,71
"5",453,72
"5",453,73
"5",453,74
"5",453,75
"5",453,76
"5",453,77
"5",453,78
"5",453,79
"5",453,80
"5",453,81
"5",454,71
"5",454,72
"5",454,73
"5",454,74
"5",454,75
"5",454,76
"5",454,77
"5",454,78
"5",454,79
"5",454,80
"5",454,81
"5",454,82
"5",455,71
"5",455,72
"5",455,73
"5",455,74
"5",455,75
"5",455,76
"5",455,77
"5",455,78
"5",455,79
"5",455,80
"5",455,81
"5",455,82
"5",455,83
"5",456,72
"5",456,73
"5",456,74
"5",456,75
"5",456,76
"5",456,77
"5",456,78
"5",456,79
"5",456,80
"5",456,81
"5",456,82
"5",456,83
"5",457,73
"5",457,74
"5",457,75
"5",457,76
"5",457,77
"5",457,78
"5",457,79
"5",457,80
"5",457,81
"5",457,82
"5",457,83
"5",458,74
"5",458,75
"5",458,76
"5",458,77
"5",458,78
"5",458,79
"5",458,80
"5",458,81
"5",458,82
"5",458,83
"5",458,84
"5",459,74
"5",459,75
"5",459,76
"5",459,77
"5",459,78
"5",459,79
"5",459,80
"5",459,81
"5",459,82
"5",459,83
"5",459,84
"5",459,85
"5",460,75
"5",460,76
"5",460,77
"5",460,78
"5",460,79
"5",460,80
"5",460,81
"5",460,82
"5",460,83
"5",460,84
"5",460,85
"5",461,76
"5",461,77
"5",461,78
"5",461,79
"5",461,80
"5",461,81
"5",461,82
"5",461,83
"5",461,84
"5",461,85
"5",461,86
"5",462,76
"5",462,77
"5",462,78
"5",462,79
"5",462,80
"5",462,81
"5",462,82
"5",462,83
"5",462,84
"5",462,85
"5",462,86
"5",462,87
"5",463,76
"5",463,77
"5",463,78
"5",463,79
"5",463,80
"5",463,81
"5",463,82
"5",463,83
"5",463,84
"5",463,85
"5",463,86
"5",463,87
"5",464,77
"5",464,78
"5",464,79
"5",464,80
"5",464,81
"5",464,82
"5",464,83
"5",464,84
"5",464,85
"5",464,86
"5",464,87
"5",465,77
"5",465,78
"5",465,79
"5",465,80
"5",465,81
"5",465,82
"5",465,83
"5",465,84
"5",465,85
"5",465,86
"5",465,87
"5",465,88
"5",466,77
"5",466,78
"5",466,79
"5",466,80
"5",466,81
"5",466,82
"5",466,83
"5",466,84
"5",466,85
"5",466,86
"5",466,87
"5",466,88
"5",466,89
"5",467,78
"5",467,79
"5",467,80
"5",467,81
"5",467,82
"5",467,83
"5",467,84
"5",467,85
"5",467,86
"5",467,87
"5",467,88
"5",467,89
"5",467,90
"5",468,79
"5",468,80
"5",468,81
"5",468,82
"5",468,83
"5",468,84
"5",468,85
"5",468,86
"5",468,87
"5",468,88
"5",468,89
"5",468,90
"5",469,79
"5",469,80
"5",469,81
"5",469,82
"5",469,83
"5",469,84
"5",469,85
"5",469,86
"5",469,87
"5",469,88
"5",469,89
"5",469,90
"5",470,80
"5",470,81
"5",470,82
"5",470,83
"5",470,84
"5",470,85
"5",470,86
"5",470,87
"5",470,88
"5",470,89
"5",470,90
"5",471,80
"5",471,81
"5",471,82
"5",471,83
"5",471,84
"5",471,85
"5",471,86
"5",471,87
"5",472,81
"5",472,82
"5",472,83
"5",472,84
"5",472,85
"5",472,86
"5",473,81
"5",473,82
"5",473,83
"5",473,84
"5",473,85
"5",474,82
"5",432,56
"5",432,57
"5",431,57
"5",432,58
"5",431,58
"5",431,59
"5",431,60
"5",430,59
"5",430,60
"5",430,61
"5",429,61
"5",429,62
"5",430,62
"5",430,63
"5",431,63
"5",431,64
"5",431,65
"5",431,66
"5",431,67
"5",432,67
"5",432,68
"5",433,68
"5",433,67
"5",434,67
"5",434,68
"5",435,68
"5",436,68
"5",436,69
"5",435,69
"5",437,69
"5",438,69
"5",439,69
"5",439,70
"5",440,70
"5",441,70
"5",442,71
"5",443,72
"5",444,72
"5",444,73
"5",445,73
"5",431,61
"5",431,62
"5",432,59
"5",432,60
"5",432,61
"5",432,62
"5",432,63
"5",432,64
"5",432,65
"5",432,66
"5",433,60
"5",433,61
"5",433,62
"5",433,63
"5",433,64
"5",433,65
"5",433,66
"5",434,63
"5",434,64
"5",434,65
"5",434,66
"5",435,65
"5",435,66
"5",435,67
"5",436,66
"5",436,67
"5",437,67
"5",437,68
"5",438,67
"5",438,68
"5",429,63
"5",441,71
"5",457,70
"5",458,71
"5",459,71
"5",459,72
"103",426,104
"103",427,104
"103",428,104
"103",429,104
"103",430,104
"103",430,103
"103",431,103
"103",432,103
"103",433,103
"103",433,104
"103",432,104
"103",432,105
"103",432,106
"103",431,106
"103",431,107
"103",430,107
"103",430,108
"103",429,109
"103",428,109
"103",428,110
"103",427,112
"103",427,113
"103",427,114
"103",426,114
"103",426,115
"103",425,115
"103",425,114
"103",424,114
"103",423,114
"103",422,114
"103",421,114
"103",420,114
"103",420,115
"103",419,115
"103",418,115
"103",418,116
"103",416,105
"103",416,106
"103",417,105
"103",417,106
"103",418,104
"103",418,105
"103",418,106
"103",419,104
"103",419,105
"103",419,106
"5",460,73
"5",462,74
"5",463,74
"5",465,75
"5",466,75
"5",462,73
"5",461,73
"5",456,69
"5",455,69
"5",438,58
"5",439,58
"5",440,59
"5",441,59
"5",442,60
"5",443,60
"5",443,61
"5",444,61
"5",445,62
"5",446,62
"5",446,63
"5",447,64
"103",419,107
"103",419,113
"103",419,114
"103",420,104
"103",420,105
"103",420,106
"103",420,107
"103",420,108
"103",420,112
"103",420,113
"103",421,104
"103",421,105
"103",421,106
"103",421,107
"103",421,108
"103",421,109
"103",421,110
"103",421,111
"103",421,112
"103",421,113
"103",422,104
"103",422,105
"103",422,106
"103",422,107
"103",422,108
"103",422,109
"103",422,110
"103",422,111
"103",422,112
"103",422,113
"103",423,104
"103",423,105
"103",423,106
"103",423,107
"103",423,108
"103",423,109
"103",423,110
"103",423,111
"103",423,112
"103",423,113
"103",424,104
"103",424,105
"103",424,106
"103",424,107
"103",424,108
"103",424,109
"103",424,110
"103",424,111
"103",424,112
"103",424,113
"103",425,104
"103",425,105
"103",425,106
"103",425,108
"103",425,109
"103",425,110
"103",425,111
"103",425,112
"103",425,113
"103",426,105
"103",426,106
"103",426,107
"103",426,109
"103",426,110
"103",426,111
"103",426,112
"103",426,113
"103",427,105
"103",427,106
"103",427,107
"103",427,108
"103",427,111
"103",428,105
"103",428,106
"103",428,107
"103",428,108
"103",429,105
"103",429,106
"103",429,107
"103",429,108
"21",321,279
"21",321,277
"21",320,277
"21",322,277
"21",323,277
"21",323,278
"21",324,278
"21",324,279
"21",324,280
"21",323,280
"21",323,279
"21",322,279
"21",322,278
"21",321,278
"21",415,91
"21",416,91
"21",417,90
"21",423,89
"21",424,89
"21",425,91
"21",426,92
"21",427,92
"21",428,92
"21",429,92
"21",430,92
"21",430,93
"21",431,93
"21",432,93
"21",432,94
"21",433,94
"21",433,95
"21",433,96
"21",433,97
"21",432,97
"21",432,98
"21",432,99
"21",431,99
"21",431,100
"21",431,101
"21",430,101
"21",430,102
"21",429,103
"21",428,103
"21",427,103
"21",426,102
"21",425,102
"21",424,102
"21",423,102
"21",422,101
"21",421,101
"21",420,101
"21",419,101
"21",418,100
"21",418,99
"21",417,98
"21",417,97
"21",416,97
"21",415,96
"21",415,95
"21",414,94
"21",414,93
"21",414,92
"21",415,92
"21",415,93
"21",415,94
"21",416,90
"21",416,92
"21",416,93
"21",416,94
"21",416,95
"21",416,96
"21",417,91
"21",417,92
"21",417,93
"21",417,94
"21",417,95
"21",417,96
"21",418,90
"21",418,91
"21",418,92
"21",418,93
"21",418,94
"21",418,95
"21",418,96
"21",418,97
"21",418,98
"21",419,90
"21",419,91
"21",419,92
"21",419,93
"21",419,94
"21",419,95
"21",419,96
"21",419,97
"21",419,98
"21",419,99
"21",419,100
"21",420,88
"21",420,90
"21",420,91
"21",420,92
"21",420,93
"21",420,94
"21",420,95
"21",420,96
"103",430,105
"103",430,106
"103",431,104
"103",431,105
"103",423,115
"103",424,115
"103",422,115
"103",421,115
"103",430,109
"103",429,110
"103",406,122
"103",404,123
"103",403,123
"103",403,124
"103",402,125
"103",401,125
"103",400,125
"103",399,125
"103",399,126
"103",398,126
"103",398,127
"103",397,127
"103",396,128
"103",395,128
"103",395,129
"103",394,129
"103",394,130
"103",393,130
"103",392,130
"103",396,127
"103",402,124
"103",405,122
"103",398,125
"103",401,124
"103",397,126
"103",400,126
"103",399,127
"103",401,126
"103",428,111
"103",428,112
"103",425,107
"103",426,108
"103",427,109
"103",427,110
"102",403,103
"102",403,104
"102",403,105
"102",403,106
"102",403,107
"102",404,99
"102",404,100
"102",404,101
"102",404,102
"102",404,103
"102",404,104
"102",404,105
"102",404,106
"102",404,107
"102",405,100
"102",405,101
"102",405,102
"102",405,103
"102",405,104
"102",405,105
"102",405,106
"102",406,102
"102",406,103
"102",406,104
"102",406,105
"102",406,106
"102",407,104
"102",407,105
"102",395,113
"102",394,113
"102",393,114
"102",387,105
"102",400,110
"102",362,103
"102",363,103
"21",420,97
"21",420,98
"21",420,99
"21",420,100
"21",421,89
"21",421,90
"21",421,91
"21",421,92
"21",421,93
"21",421,94
"21",421,95
"21",421,96
"21",421,97
"21",421,98
"21",421,99
"21",421,100
"21",422,89
"21",422,90
"21",422,91
"21",422,92
"21",422,93
"21",422,94
"21",422,95
"21",422,96
"21",422,97
"21",422,98
"21",422,99
"21",422,100
"21",423,90
"21",423,91
"21",423,92
"21",423,93
"21",423,94
"21",423,95
"21",423,96
"21",423,97
"21",423,98
"21",423,99
"21",423,100
"21",423,101
"21",424,90
"21",424,91
"21",424,92
"21",424,93
"21",424,94
"21",424,95
"21",424,96
"21",424,97
"21",424,98
"21",424,99
"21",424,100
"21",424,101
"21",425,92
"21",425,93
"21",425,94
"21",425,95
"21",425,96
"21",425,97
"21",425,98
"21",425,99
"21",425,100
"21",425,101
"21",426,93
"21",426,94
"21",426,95
"21",426,96
"21",426,97
"21",426,98
"21",426,99
"21",426,100
"21",426,101
"21",427,93
"21",427,94
"21",427,95
"21",427,96
"21",427,97
"21",427,98
"21",427,99
"21",427,100
"21",427,101
"21",427,102
"21",428,93
"21",428,94
"21",428,95
"21",428,96
"21",428,97
"21",428,98
"21",428,99
"21",428,100
"21",428,101
"21",428,102
"21",429,93
"21",429,94
"21",429,95
"21",429,96
"21",429,97
"21",429,98
"21",429,99
"21",429,100
"21",429,101
"21",429,102
"21",430,94
"21",430,95
"21",430,96
"21",430,97
"21",430,98
"102",364,103
"102",365,103
"102",366,103
"102",367,103
"102",367,104
"102",368,104
"102",369,104
"102",370,104
"102",371,104
"102",372,104
"102",373,104
"102",374,104
"102",374,105
"102",375,105
"102",363,111
"102",363,112
"102",364,113
"102",364,114
"102",376,105
"102",376,106
"102",377,106
"102",378,106
"102",379,106
"102",380,106
"102",381,106
"102",381,107
"102",364,110
"102",364,109
"102",363,109
"102",363,110
"102",362,109
"102",362,108
"102",362,107
"102",362,106
"102",362,105
"102",362,104
"102",363,104
"102",363,105
"102",363,106
"102",363,107
"102",363,108
"102",364,104
"102",364,105
"102",364,106
"102",364,107
"102",364,108
"102",365,105
"102",365,106
"102",365,107
"102",365,108
"102",365,109
"102",365,110
"102",366,105
"102",366,106
"102",366,107
"102",366,108
"102",366,109
"102",366,110
"102",367,105
"102",367,106
"102",367,107
"102",367,108
"102",367,109
"102",367,110
"102",368,105
"102",368,106
"102",368,107
"102",368,108
"102",368,109
"102",368,110
"102",369,105
"102",369,106
"102",369,107
"102",369,108
"102",369,109
"102",369,110
"102",370,105
"102",370,106
"102",370,107
"102",370,108
"102",370,109
"102",370,110
"102",371,105
"102",371,106
"102",371,107
"102",371,108
"102",371,109
"102",371,110
"102",372,106
"102",372,107
"102",372,108
"102",372,109
"102",372,110
"102",373,106
"102",373,107
"102",373,108
"102",373,109
"102",373,110
"102",374,106
"102",374,107
"102",374,108
"102",374,109
"102",374,110
"102",375,106
"102",375,107
"102",375,108
"102",375,109
"102",375,110
"102",376,107
"102",376,108
"102",376,109
"102",376,110
"102",377,107
"102",377,108
"102",377,109
"102",378,107
"102",378,108
"102",378,109
"102",379,107
"102",379,108
"102",380,107
"102",380,108
"102",365,104
"102",368,103
"102",373,105
"102",372,105
"102",366,104
"102",382,106
"102",383,106
"102",384,106
"102",386,105
"102",388,104
"102",408,93
"102",410,92
"102",411,92
"102",412,92
"102",412,93
"102",412,94
"102",364,115
"102",364,116
"102",363,115
"102",363,114
"102",363,113
"102",363,116
"102",363,117
"102",363,118
"102",363,119
"102",363,120
"102",362,120
"102",364,120
"102",365,120
"102",366,120
"102",367,120
"102",368,120
"102",369,120
"102",370,120
"102",371,120
"102",372,120
"102",373,120
"102",374,120
"102",375,120
"102",375,119
"102",376,119
"102",377,119
"102",377,120
"102",376,120
"102",377,118
"102",377,117
"102",377,116
"102",377,115
"102",377,114
"102",377,113
"102",377,112
"102",377,111
"102",376,111
"102",375,111
"102",374,111
"102",373,111
"102",372,111
"102",371,111
"102",370,111
"102",369,111
"102",368,111
"102",367,111
"102",366,111
"102",365,111
"102",364,111
"102",364,112
"102",364,117
"102",364,118
"102",364,119
"102",365,112
"102",365,113
"102",365,114
"102",365,115
"102",365,116
"102",365,117
"102",365,118
"102",365,119
"102",366,112
"102",366,113
"102",366,114
"102",366,115
"102",366,116
"102",366,117
"102",366,118
"102",366,119
"102",367,112
"102",367,113
"102",367,114
"102",367,115
"102",367,116
"102",367,117
"102",367,118
"102",367,119
"102",368,112
"102",368,113
"102",368,114
"102",368,115
"102",368,116
"102",368,117
"102",368,118
"102",368,119
"102",369,112
"102",369,113
"102",369,114
"102",369,115
"102",369,116
"102",369,117
"102",369,118
"102",369,119
"102",370,112
"102",370,113
"102",370,114
"102",370,115
"102",370,116
"102",370,117
"102",370,118
"102",370,119
"102",371,112
"102",371,113
"102",371,114
"102",371,115
"102",371,116
"102",371,117
"102",371,118
"102",371,119
"102",372,112
"102",372,113
"102",372,114
"102",372,115
"102",372,116
"102",372,117
"102",372,118
"102",372,119
"102",373,112
"102",373,113
"102",373,114
"102",373,115
"102",373,116
"102",373,117
"102",373,118
"102",373,119
"102",374,112
"102",374,113
"102",374,114
"102",374,115
"102",374,116
"102",374,117
"102",374,118
"102",374,119
"102",375,112
"102",375,113
"102",375,114
"102",375,115
"102",375,116
"102",375,117
"102",375,118
"102",376,112
"102",376,113
"102",376,114
"102",376,115
"102",376,116
"102",376,117
"102",376,118
"102",377,110
"102",378,110
"102",379,110
"102",380,109
"102",381,109
"102",381,108
"102",382,108
"102",382,107
"102",383,107
"102",384,107
"102",385,107
"102",385,106
"102",386,106
"102",387,106
"102",388,106
"102",388,105
"102",389,105
"102",389,104
"102",390,104
"102",390,103
"102",391,103
"102",392,103
"102",392,102
"102",393,102
"102",394,102
"102",394,101
"102",395,101
"102",396,101
"102",396,100
"102",397,100
"102",398,99
"102",399,99
"102",399,98
"102",400,98
"102",401,98
"102",401,97
"102",402,97
"21",430,99
"21",430,100
"21",431,94
"21",431,95
"21",431,96
"21",431,97
"21",431,98
"21",432,95
"21",432,96
"21",423,88
"21",422,88
"21",421,88
"21",419,88
"21",419,89
"21",418,89
"21",420,89
"21",434,96
"21",434,95
"21",422,102
"21",421,102
"21",420,102
"21",416,98
"21",415,97
"21",413,92
"21",414,91
"21",415,90
"21",417,89
"21",417,99
"21",413,93
"21",425,90
"102",403,97
"102",403,98
"102",404,98
"102",405,98
"102",405,99
"102",406,100
"102",406,101
"102",407,101
"102",407,102
"102",407,103
"102",408,103
"102",408,104
"102",408,105
"102",408,106
"102",407,106
"102",407,107
"102",406,107
"102",405,107
"102",405,108
"102",404,108
"102",403,108
"102",402,108
"102",402,109
"102",401,109
"102",400,109
"102",399,109
"102",399,110
"102",398,110
"102",398,111
"102",397,111
"102",396,111
"102",396,112
"102",395,112
"102",394,112
"102",393,112
"102",393,113
"102",392,113
"102",392,114
"102",391,114
"102",391,115
"102",390,115
"102",390,116
"102",389,116
"102",388,116
"102",388,117
"102",387,117
"102",386,117
"102",386,118
"102",385,118
"102",384,118
"102",384,119
"66A",451,396
"66A",451,397
"66A",451,398
"66A",451,399
"66A",451,400
"66A",451,401
"66A",451,402
"66A",451,403
"66A",451,404
"66A",451,405
"66A",452,383
"66A",452,384
"66A",452,385
"66A",452,386
"66A",452,387
"66A",452,388
"66A",452,389
"66A",452,390
"66A",452,391
"66A",452,392
"66A",452,393
"66A",452,394
"66A",452,395
"66A",452,396
"66A",452,397
"66A",452,398
"66A",452,399
"66A",452,400
"66A",452,401
"66A",452,402
"66A",452,403
"66A",452,404
"66A",453,383
"66A",453,384
"66A",453,385
"66A",453,386
"66A",453,387
"66A",453,388
"66A",453,389
"66A",453,390
"66A",453,391
"66A",453,392
"66A",453,393
"66A",453,394
"66A",453,395
"66A",453,396
"66A",453,397
"66A",453,398
"66A",453,399
"49",267,256
"49",267,255
"49",266,255
"49",266,256
"49",265,255
"49",264,255
"49",264,254
"49",263,254
"49",262,254
"49",263,253
"49",262,253
"49",261,253
"49",261,252
"49",262,252
"49",260,252
"49",259,252
"49",260,251
"49",259,251
"49",258,251
"49",259,250
"49",258,250
"49",257,250
"49",257,251
"49",256,250
"49",255,250
"49",255,249
"49",256,249
"49",257,249
"49",256,248
"49",257,248
"49",258,249
"49",255,248
"49",254,248
"49",253,248
"49",253,249
"49",254,249
"49",253,247
"49",252,248
"49",254,247
"49",255,247
"49",256,247
"49",256,246
"49",256,245
"49",257,246
"49",257,245
"49",257,247
"49",256,244
"49",257,244
"49",258,244
"49",259,244
"49",260,244
"49",260,245
"49",261,245
"49",262,245
"49",262,246
"49",263,246
"49",263,245
"49",263,247
"49",264,246
"49",265,246
"49",265,245
"49",266,244
"49",266,243
"49",265,243
"49",265,242
"49",266,242
"49",265,241
"49",264,241
"49",264,240
"49",263,240
"49",263,239
"49",262,239
"49",262,238
"49",261,238
"49",261,237
"49",260,237
"49",260,236
"49",259,236
"49",258,236
"49",258,235
"49",257,235
"49",257,236
"49",256,236
"49",255,236
"49",254,236
"49",253,236
"49",252,237
"49",251,237
"49",250,237
"49",249,238
"49",248,238
"49",247,238
"49",247,239
"49",246,239
"49",246,240
"49",246,241
"49",247,241
"102",383,119
"102",382,119
"102",381,119
"102",380,119
"102",379,119
"102",378,119
"102",378,111
"102",378,112
"102",378,113
"102",378,114
"102",378,115
"102",378,116
"102",378,117
"102",378,118
"102",379,109
"102",379,111
"102",379,112
"102",379,113
"102",379,114
"102",379,115
"102",379,116
"102",379,117
"102",379,118
"102",380,110
"102",380,111
"102",380,112
"102",380,113
"102",380,114
"102",380,115
"102",380,116
"102",380,117
"102",380,118
"102",381,110
"102",381,111
"102",381,112
"102",381,113
"102",381,114
"102",381,115
"102",381,116
"102",381,117
"102",381,118
"102",382,109
"102",382,110
"102",382,111
"102",382,112
"102",382,113
"102",382,114
"102",382,115
"102",382,116
"102",382,117
"102",382,118
"102",383,108
"102",383,109
"102",383,110
"102",383,111
"102",383,112
"102",383,113
"102",383,114
"74",316,234
"74",316,235
"74",317,234
"74",317,235
"74",317,236
"74",318,236
"74",318,237
"74",318,238
"74",318,240
"74",318,241
"74",317,241
"74",317,242
"74",317,243
"74",317,244
"74",316,244
"74",316,245
"74",316,246
"74",316,247
"74",316,248
"74",316,249
"74",316,250
"74",316,251
"74",317,251
"74",317,252
"74",317,253
"74",318,253
"74",318,254
"74",319,254
"74",320,255
"74",320,256
"74",320,257
"74",320,258
"74",320,259
"74",319,259
"74",319,260
"74",319,261
"74",318,261
"74",317,261
"74",317,262
"74",317,263
"74",316,263
"74",316,264
"74",315,264
"74",315,263
"74",314,263
"74",314,262
"74",313,262
"74",313,261
"74",312,261
"74",311,261
"74",310,261
"74",310,260
"74",309,260
"74",310,259
"74",311,259
"74",311,258
"74",311,257
"74",311,256
"74",311,255
"74",311,254
"74",311,253
"74",311,252
"74",311,251
"74",311,250
"74",311,249
"74",311,248
"74",311,247
"74",310,247
"74",310,248
"74",310,246
"74",310,245
"74",309,245
"74",309,246
"74",309,244
"74",309,243
"74",309,242
"74",308,242
"74",308,241
"74",307,241
"74",307,240
"74",307,239
"74",307,238
"74",307,237
"74",307,236
"74",307,235
"74",307,234
"74",308,234
"74",309,234
"74",310,234
"74",311,234
"74",312,234
"74",313,234
"74",314,234
"74",315,234
"74",308,235
"74",308,236
"74",308,237
"74",308,238
"74",308,239
"74",308,240
"74",309,235
"74",309,236
"74",309,237
"74",309,238
"74",309,239
"74",309,240
"74",309,241
"74",310,235
"74",310,236
"74",310,237
"74",310,238
"74",310,239
"74",310,240
"74",310,241
"74",310,242
"74",310,243
"74",310,244
"74",311,235
"74",311,236
"74",311,237
"74",311,238
"74",311,239
"74",311,240
"74",311,241
"102",383,115
"102",383,116
"102",383,117
"102",383,118
"102",384,108
"102",384,109
"102",384,110
"102",384,111
"102",384,112
"74",311,242
"74",311,243
"74",311,244
"74",311,245
"74",311,246
"74",311,260
"74",312,235
"13R-3",220,229
"13R-3",221,230
"13R-3",222,230
"13R-3",223,231
"13R-3",224,231
"13R-3",224,232
"13R-3",225,232
"13R-3",226,233
"13R-3",227,233
"13R-3",228,234
"13R-3",229,234
"13R-3",230,234
"13R-3",230,235
"13R-3",231,235
"13R-3",231,236
"13R-3",232,236
"13R-3",233,236
"13R-3",233,237
"13R-3",234,237
"13R-3",235,237
"13R-3",236,238
"13R-3",237,238
"13R-3",237,239
"13R-3",238,239
"13R-3",239,239
"13R-3",239,240
"13R-3",240,240
"13R-3",241,240
"13R-3",241,241
"13R-3",242,241
"13R-3",243,241
"13R-3",243,242
"13R-3",244,242
"13R-3",244,243
"13R-3",245,243
"13R-3",246,244
"13R-3",247,244
"13R-3",247,245
"13R-3",248,245
"13R-3",249,245
"13R-3",250,245
"13R-3",250,246
"13R-3",251,246
"13R-3",251,247
"13R-3",252,247
"13R-3",226,232
"13R-3",228,233
"13R-3",212,243
"13R-3",212,244
"13R-3",212,245
"13R-3",213,245
"13R-3",214,245
"13R-3",215,245
"13R-3",216,246
"13R-3",217,246
"13R-3",218,247
"13R-3",219,247
"13R-3",220,248
"13R-3",221,248
"13R-3",222,249
"13R-3",222,250
"13R-3",223,250
"13R-3",224,250
"13R-3",225,250
"13R-3",226,251
"13R-3",227,252
"13R-3",228,252
"13R-3",229,253
"13R-3",230,253
"13R-3",231,254
"13R-3",232,254
"13R-3",233,254
"13R-3",234,254
"13R-3",235,254
"13R-3",236,254
"13R-3",237,254
"13R-3",238,254
"13R-3",239,255
"13R-3",240,255
"13R-3",241,255
"13R-3",242,256
"13R-3",243,257
"13R-3",244,257
"13R-3",244,258
"13R-3",245,259
"13R-3",244,259
"13R-3",243,259
"13R-3",242,258
"13R-3",241,257
"13R-3",240,256
"13R-3",239,256
"13R-3",238,255
"13R-3",237,255
"13R-3",235,255
"13R-3",236,255
"13R-3",236,256
"13R-3",237,256
"13R-3",238,256
"13R-3",238,257
"13R-3",239,257
"13R-3",240,257
"13R-3",234,255
"13R-3",233,255
"13R-3",241,258
"13R-3",242,259
"13R-3",245,260
"13R-3",246,260
"13R-3",247,261
"13R-3",248,261
"13R-3",248,262
"13R-3",249,262
"13R-3",250,262
"13R-3",251,262
"13R-3",251,263
"13R-3",252,263
"13R-3",252,264
"13R-3",253,264
"13R-3",254,265
"13R-3",255,266
"13R-3",256,266
"13R-3",257,266
"13R-3",257,267
"13R-3",258,267
"13R-3",259,268
"13R-3",260,268
"13R-3",261,269
"13R-3",262,269
"13R-3",263,270
"13R-3",264,270
"13R-3",265,271
"13R-3",266,271
"13R-3",267,271
"13R-3",267,272
"13R-3",267,273
"13R-3",268,274
"13R-3",269,274
"13R-3",269,275
"13R-3",270,276
"13R-3",271,276
"13R-3",272,276
"13R-3",272,277
"13R-3",273,277
"13R-3",274,277
"13R-3",275,277
"13R-3",276,277
"13R-3",276,276
"13R-3",277,276
"13R-3",277,275
"13R-3",278,274
"13R-3",278,273
"74",312,236
"13R-3",279,273
"13R-3",279,272
"13R-3",280,272
"13R-3",280,271
"13R-3",280,270
"13R-3",281,270
"13R-3",281,269
"13R-3",281,268
"13R-3",282,268
"13R-3",282,267
"13R-3",282,266
"13R-3",283,266
"13R-3",284,265
"13R-3",284,264
"13R-3",283,264
"13R-3",282,264
"13R-3",281,264
"13R-3",281,263
"13R-3",280,263
"13R-3",279,263
"13R-3",279,262
"13R-3",278,262
"13R-3",278,263
"13R-3",277,263
"13R-3",277,264
"13R-3",276,264
"13R-3",276,263
"13R-3",276,262
"13R-3",275,262
"13R-3",274,262
"13R-3",273,261
"13R-3",272,261
"13R-3",271,261
"13R-3",271,260
"13R-3",270,260
"13R-3",269,260
"13R-3",269,259
"13R-3",268,259
"13R-3",267,259
"13R-3",267,258
"13R-3",266,258
"13R-3",265,257
"13R-3",264,257
"13R-3",263,256
"13R-3",262,256
"13R-3",261,255
"13R-3",260,255
"13R-3",260,254
"13R-3",259,254
"13R-3",258,254
"13R-3",257,254
"13R-3",256,254
"13R-3",255,253
"13R-3",254,252
"13R-3",253,252
"13R-3",253,251
"13R-3",252,251
"13R-3",251,250
"13R-3",251,249
"13R-3",251,248
"13R-3",250,248
"13R-3",250,247
"13R-3",249,247
"13R-3",213,243
"13R-3",213,244
"13R-3",214,243
"13R-3",214,244
"13R-3",215,243
"13R-3",215,244
"13R-3",216,243
"13R-3",216,244
"13R-3",216,245
"13R-3",217,244
"13R-3",217,245
"13R-3",218,244
"13R-3",218,245
"13R-3",218,246
"13R-3",219,244
"13R-3",219,245
"13R-3",219,246
"13R-3",220,244
"13R-3",220,245
"13R-3",220,246
"13R-3",220,247
"13R-3",221,244
"13R-3",221,245
"13R-3",221,246
"13R-3",221,247
"13R-3",222,244
"13R-3",222,245
"13R-3",222,246
"13R-3",222,247
"13R-3",222,248
"13R-3",223,244
"13R-3",223,245
"13R-3",223,246
"13R-3",223,247
"13R-3",223,248
"13R-3",223,249
"13R-3",224,244
"13R-3",224,245
"13R-3",224,246
"13R-3",224,247
"13R-3",224,248
"13R-3",224,249
"13R-3",225,244
"13R-3",225,245
"13R-3",225,246
"13R-3",225,247
"13R-3",225,248
"13R-3",225,249
"13R-3",226,245
"13R-3",226,246
"13R-3",226,247
"13R-3",226,248
"13R-3",226,249
"13R-3",226,250
"13R-3",227,245
"13R-3",227,246
"13R-3",227,247
"13R-3",227,248
"13R-3",227,249
"13R-3",227,250
"13R-3",227,251
"13R-3",228,245
"13R-3",228,246
"13R-3",228,247
"13R-3",228,248
"13R-3",228,249
"13R-3",228,250
"13R-3",228,251
"13R-3",229,245
"13R-3",229,246
"13R-3",229,247
"13R-3",229,248
"13R-3",229,249
"13R-3",229,250
"13R-3",229,251
"13R-3",229,252
"13R-3",230,245
"13R-3",230,246
"13R-3",230,247
"13R-3",230,248
"13R-3",230,249
"13R-3",230,250
"13R-3",230,251
"13R-3",230,252
"13R-3",231,245
"13R-3",231,246
"13R-3",231,247
"13R-3",231,248
"13R-3",231,249
"13R-3",231,250
"13R-3",231,251
"13R-3",231,252
"13R-3",231,253
"13R-3",232,245
"13R-3",232,246
"13R-3",232,247
"13R-3",232,248
"13R-3",232,249
"13R-3",232,250
"13R-3",232,251
"13R-3",232,252
"13R-3",232,253
"13R-3",233,245
"13R-3",233,246
"13R-3",233,247
"13R-3",233,248
"13R-3",233,249
"13R-3",233,250
"13R-3",233,251
"13R-3",233,252
"13R-3",233,253
"13R-3",234,245
"13R-3",234,246
"13R-3",234,247
"13R-3",234,248
"13R-3",234,249
"13R-3",234,250
"13R-3",234,251
"13R-3",234,252
"13R-3",234,253
"13R-3",235,246
"13R-3",235,247
"13R-3",235,248
"13R-3",235,249
"13R-3",235,250
"13R-3",235,251
"13R-3",235,252
"13R-3",235,253
"13R-3",236,246
"13R-3",236,247
"13R-3",236,248
"13R-3",236,249
"13R-3",236,250
"13R-3",236,251
"13R-3",236,252
"13R-3",236,253
"13R-3",237,246
"13R-3",237,247
"13R-3",237,248
"13R-3",237,249
"13R-3",237,250
"13R-3",237,251
"13R-3",237,252
"13R-3",237,253
"13R-3",238,246
"13R-3",238,247
"13R-3",238,248
"13R-3",238,249
"13R-3",238,250
"13R-3",238,251
"13R-3",238,252
"13R-3",238,253
"13R-3",239,246
"13R-3",239,247
"13R-3",239,248
"13R-3",239,249
"13R-3",239,250
"13R-3",239,251
"13R-3",239,252
"13R-3",239,253
"13R-3",239,254
"13R-3",240,246
"13R-3",240,247
"13R-3",240,248
"13R-3",240,249
"13R-3",240,250
"13R-3",240,251
"13R-3",240,252
"13R-3",240,253
"13R-3",240,254
"13R-3",241,246
"13R-3",241,247
"13R-3",241,248
"13R-3",241,249
"13R-3",241,250
"13R-3",241,251
"13R-3",241,252
"13R-3",241,253
"13R-3",241,254
"13R-3",242,246
"13R-3",242,247
"13R-3",242,248
"13R-3",242,249
"13R-3",242,250
"13R-3",242,251
"13R-3",242,252
"13R-3",242,253
"13R-3",242,254
"13R-3",242,255
"13R-3",243,246
"13R-3",243,247
"13R-3",243,248
"13R-3",243,249
"13R-3",243,250
"13R-3",243,251
"13R-3",243,252
"13R-3",243,253
"13R-3",243,254
"13R-3",243,255
"13R-3",243,256
"13R-3",244,247
"13R-3",244,248
"13R-3",244,249
"13R-3",244,250
"13R-3",244,251
"13R-3",244,252
"13R-3",244,253
"13R-3",244,254
"13R-3",244,255
"13R-3",244,256
"13R-3",245,247
"13R-3",245,248
"13R-3",245,249
"13R-3",245,250
"13R-3",245,251
"13R-3",245,252
"13R-3",245,253
"13R-3",245,254
"13R-3",245,255
"13R-3",245,256
"13R-3",245,257
"13R-3",245,258
"13R-3",246,247
"13R-3",246,248
"13R-3",246,249
"13R-3",246,250
"13R-3",246,251
"13R-3",246,252
"13R-3",246,253
"13R-3",246,254
"13R-3",246,255
"13R-3",246,256
"13R-3",246,257
"13R-3",246,258
"13R-3",246,259
"13R-3",247,247
"13R-3",247,248
"13R-3",247,249
"13R-3",247,250
"13R-3",247,251
"13R-3",247,252
"13R-3",247,253
"13R-3",247,254
"13R-3",247,255
"13R-3",247,256
"13R-3",247,257
"13R-3",247,258
"13R-3",247,259
"13R-3",247,260
"13R-3",248,247
"13R-3",248,248
"13R-3",248,249
"13R-3",248,250
"13R-3",248,251
"13R-3",248,252
"13R-3",248,253
"13R-3",248,254
"13R-3",248,255
"13R-3",248,256
"13R-3",248,257
"13R-3",248,258
"13R-3",248,259
"13R-3",248,260
"13R-3",249,248
"13R-3",249,249
"13R-3",249,250
"13R-3",249,251
"13R-3",249,252
"13R-3",249,253
"13R-3",249,254
"13R-3",249,255
"13R-3",249,256
"13R-3",249,257
"13R-3",249,258
"13R-3",249,259
"13R-3",249,260
"13R-3",249,261
"13R-3",250,249
"13R-3",250,250
"13R-3",250,251
"13R-3",250,252
"13R-3",250,253
"13R-3",250,254
"13R-3",250,255
"13R-3",250,256
"13R-3",250,257
"13R-3",250,258
"13R-3",250,259
"13R-3",250,260
"13R-3",250,261
"13R-3",251,251
"13R-3",251,252
"13R-3",251,253
"13R-3",251,254
"13R-3",251,255
"13R-3",251,256
"13R-3",251,257
"13R-3",251,258
"13R-3",251,259
"13R-3",251,260
"13R-3",251,261
"13R-3",252,252
"13R-3",252,253
"13R-3",252,254
"13R-3",252,255
"13R-3",252,256
"13R-3",252,257
"13R-3",252,258
"13R-3",252,259
"13R-3",252,260
"13R-3",252,261
"13R-3",252,262
"13R-3",253,253
"13R-3",253,254
"13R-3",253,255
"13R-3",253,256
"13R-3",253,257
"13R-3",253,258
"13R-3",253,259
"13R-3",253,260
"13R-3",253,261
"13R-3",253,262
"13R-3",253,263
"13R-3",254,253
"13R-3",254,254
"13R-3",254,255
"13R-3",254,256
"13R-3",254,257
"13R-3",254,258
"13R-3",254,259
"13R-3",254,260
"13R-3",254,261
"13R-3",254,262
"13R-3",254,263
"13R-3",254,264
"13R-3",255,254
"13R-3",255,255
"13R-3",255,256
"13R-3",255,257
"13R-3",255,258
"13R-3",255,259
"13R-3",255,260
"13R-3",255,261
"13R-3",255,262
"13R-3",255,263
"13R-3",255,264
"13R-3",255,265
"13R-3",256,255
"13R-3",256,256
"13R-3",256,257
"13R-3",256,258
"13R-3",256,259
"13R-3",256,260
"13R-3",256,261
"13R-3",256,262
"13R-3",256,263
"13R-3",256,264
"13R-3",256,265
"13R-3",257,255
"13R-3",257,256
"13R-3",257,257
"13R-3",257,258
"13R-3",257,259
"13R-3",257,260
"13R-3",257,261
"13R-3",257,262
"13R-3",257,263
"13R-3",257,264
"13R-3",257,265
"13R-3",258,255
"13R-3",258,256
"13R-3",258,257
"13R-3",258,258
"13R-3",258,259
"13R-3",258,260
"13R-3",258,261
"13R-3",258,262
"13R-3",258,263
"13R-3",258,264
"13R-3",258,265
"13R-3",258,266
"13R-3",259,255
"13R-3",259,256
"13R-3",259,257
"13R-3",259,258
"13R-3",259,259
"13R-3",259,260
"13R-3",259,261
"13R-3",259,262
"13R-3",259,263
"13R-3",259,264
"13R-3",259,265
"13R-3",259,266
"13R-3",259,267
"13R-3",260,256
"13R-3",260,257
"13R-3",260,258
"13R-3",260,259
"13R-3",260,260
"13R-3",260,261
"13R-3",260,262
"13R-3",260,263
"13R-3",260,264
"13R-3",260,265
"13R-3",260,266
"13R-3",260,267
"13R-3",261,256
"13R-3",261,257
"13R-3",261,258
"13R-3",261,259
"13R-3",261,260
"13R-3",261,261
"13R-3",261,262
"13R-3",261,263
"13R-3",261,264
"13R-3",261,265
"13R-3",261,266
"13R-3",261,267
"13R-3",261,268
"13R-3",262,257
"13R-3",262,258
"13R-3",262,259
"13R-3",262,260
"13R-3",262,261
"13R-3",262,262
"13R-3",262,263
"13R-3",262,264
"13R-3",262,265
"13R-3",262,266
"13R-3",262,267
"13R-3",262,268
"13R-3",263,257
"13R-3",263,258
"13R-3",263,259
"13R-3",263,260
"13R-3",263,261
"13R-3",263,262
"13R-3",263,263
"13R-3",263,264
"13R-3",263,265
"13R-3",263,266
"13R-3",263,267
"13R-3",263,268
"13R-3",263,269
"13R-3",264,258
"13R-3",264,259
"13R-3",264,260
"13R-3",264,261
"13R-3",264,262
"13R-3",264,263
"13R-3",264,264
"13R-3",264,265
"13R-3",264,266
"13R-3",264,267
"13R-3",264,268
"13R-3",264,269
"13R-3",265,258
"13R-3",265,259
"13R-3",265,260
"13R-3",265,261
"13R-3",265,262
"13R-3",265,263
"13R-3",265,264
"13R-3",265,265
"13R-3",265,266
"13R-3",265,267
"13R-3",265,268
"13R-3",265,269
"13R-3",265,270
"13R-3",266,259
"13R-3",266,260
"13R-3",266,261
"13R-3",266,262
"13R-3",266,263
"13R-3",266,264
"13R-3",266,265
"13R-3",266,266
"13R-3",266,267
"13R-3",266,268
"13R-3",266,269
"13R-3",266,270
"13R-3",267,260
"13R-3",267,261
"13R-3",267,262
"13R-3",267,263
"13R-3",267,264
"13R-3",267,265
"13R-3",267,266
"13R-3",267,267
"13R-3",267,268
"13R-3",267,269
"13R-3",267,270
"13R-3",268,260
"13R-3",268,261
"13R-3",268,262
"13R-3",268,263
"13R-3",268,264
"13R-3",268,265
"13R-3",268,266
"13R-3",268,267
"13R-3",268,268
"13R-3",268,269
"13R-3",268,270
"13R-3",268,271
"13R-3",268,272
"13R-3",268,273
"13R-3",269,261
"13R-3",269,262
"13R-3",269,263
"13R-3",269,264
"13R-3",269,265
"13R-3",269,266
"13R-3",269,267
"13R-3",269,268
"13R-3",269,269
"13R-3",269,270
"13R-3",269,271
"13R-3",269,272
"13R-3",269,273
"13R-3",270,261
"13R-3",270,262
"13R-3",270,263
"13R-3",270,264
"13R-3",270,265
"13R-3",270,266
"13R-3",270,267
"13R-3",270,268
"13R-3",270,269
"13R-3",270,270
"13R-3",270,271
"13R-3",270,272
"13R-3",270,273
"13R-3",270,274
"13R-3",270,275
"13R-3",271,262
"13R-3",271,263
"13R-3",271,264
"13R-3",271,265
"13R-3",271,266
"13R-3",271,267
"13R-3",271,268
"13R-3",271,269
"13R-3",271,270
"13R-3",271,271
"13R-3",271,272
"13R-3",271,273
"13R-3",271,274
"13R-3",271,275
"13R-3",272,262
"13R-3",272,263
"13R-3",272,264
"13R-3",272,265
"13R-3",272,266
"13R-3",272,267
"13R-3",272,268
"13R-3",272,269
"13R-3",272,270
"13R-3",272,271
"13R-3",272,272
"13R-3",272,273
"13R-3",272,274
"13R-3",272,275
"13R-3",273,262
"13R-3",273,263
"13R-3",273,264
"13R-3",273,265
"13R-3",273,266
"13R-3",273,267
"13R-3",273,268
"13R-3",273,269
"13R-3",273,270
"13R-3",273,271
"13R-3",273,272
"13R-3",273,273
"13R-3",273,274
"13R-3",273,275
"13R-3",273,276
"13R-3",274,263
"13R-3",274,264
"13R-3",274,265
"13R-3",274,266
"13R-3",274,267
"13R-3",274,268
"13R-3",274,269
"13R-3",274,270
"13R-3",274,271
"13R-3",274,272
"13R-3",274,273
"13R-3",274,274
"13R-3",274,275
"13R-3",274,276
"13R-3",275,263
"13R-3",275,264
"13R-3",275,265
"13R-3",275,266
"13R-3",275,267
"13R-3",275,268
"13R-3",275,269
"13R-3",275,270
"13R-3",275,271
"13R-3",275,272
"13R-3",275,273
"13R-3",275,274
"13R-3",275,275
"13R-3",275,276
"13R-3",276,265
"13R-3",276,266
"13R-3",276,267
"13R-3",276,268
"13R-3",276,269
"13R-3",276,270
"13R-3",276,271
"13R-3",276,272
"13R-3",276,273
"13R-3",276,274
"13R-3",276,275
"13R-3",277,265
"13R-3",277,266
"13R-3",277,267
"13R-3",277,268
"13R-3",277,269
"13R-3",277,270
"13R-3",277,271
"13R-3",277,272
"13R-3",277,273
"13R-3",277,274
"13R-3",278,264
"13R-3",278,265
"13R-3",278,266
"13R-3",278,267
"13R-3",278,268
"13R-3",278,269
"13R-3",278,270
"13R-3",278,271
"13R-3",278,272
"13R-3",279,264
"13R-3",279,265
"13R-3",279,266
"13R-3",279,267
"13R-3",279,268
"13R-3",279,269
"13R-3",279,270
"13R-3",279,271
"13R-3",280,264
"13R-3",280,265
"13R-3",280,266
"13R-3",280,267
"13R-3",280,268
"13R-3",280,269
"13R-3",281,265
"13R-3",281,266
"13R-3",281,267
"13R-3",282,265
"13R-3",283,265
"13R-3",219,230
"13R-3",219,231
"13R-3",219,232
"13R-3",218,232
"13R-3",218,233
"13R-3",217,233
"13R-3",217,234
"13R-3",217,235
"13R-3",216,235
"13R-3",216,236
"13R-3",216,237
"13R-3",216,238
"13R-3",216,239
"13R-3",215,238
"13R-3",215,239
"13R-3",215,240
"13R-3",215,241
"13R-3",214,241
"13R-3",214,240
"13R-3",214,242
"13R-3",213,242
"13R-3",248,246
"13R-3",249,246
"13R-3",246,245
"13R-3",245,245
"13R-3",244,245
"13R-3",244,244
"13R-3",243,244
"13R-3",242,243
"13R-3",241,243
"13R-3",240,242
"13R-3",239,241
"13R-3",238,240
"13R-3",237,240
"13R-3",236,239
"13R-3",235,239
"13R-3",234,239
"13R-3",234,238
"13R-3",233,238
"13R-3",232,237
"13R-3",231,237
"13R-3",230,236
"13R-3",229,236
"13R-3",228,235
"13R-3",227,235
"13R-3",226,234
"13R-3",225,233
"13R-3",222,231
"13R-3",220,230
"13R-3",215,242
"13R-3",216,240
"13R-3",216,241
"13R-3",216,242
"13R-3",217,236
"13R-3",217,237
"13R-3",217,238
"13R-3",217,239
"13R-3",217,240
"13R-3",217,241
"13R-3",217,242
"13R-3",217,243
"13R-3",218,234
"13R-3",218,235
"13R-3",218,236
"13R-3",218,237
"13R-3",218,238
"13R-3",218,239
"13R-3",218,240
"13R-3",218,241
"13R-3",218,242
"13R-3",218,243
"13R-3",219,233
"13R-3",219,234
"13R-3",219,235
"13R-3",219,236
"13R-3",219,237
"13R-3",219,238
"13R-3",219,239
"13R-3",219,240
"13R-3",219,241
"13R-3",219,242
"13R-3",219,243
"13R-3",220,231
"13R-3",220,232
"13R-3",220,233
"13R-3",220,234
"13R-3",220,235
"13R-3",220,236
"13R-3",220,237
"13R-3",220,238
"13R-3",220,239
"13R-3",220,240
"13R-3",220,241
"13R-3",220,242
"13R-3",220,243
"13R-3",221,231
"13R-3",221,232
"13R-3",221,233
"13R-3",221,234
"13R-3",221,235
"13R-3",221,236
"13R-3",221,237
"13R-3",221,238
"13R-3",221,239
"13R-3",221,240
"13R-3",221,241
"13R-3",221,242
"13R-3",221,243
"13R-3",222,232
"13R-3",222,233
"13R-3",222,234
"13R-3",222,235
"13R-3",222,236
"13R-3",222,237
"13R-3",222,238
"13R-3",222,239
"13R-3",222,240
"13R-3",222,241
"13R-3",222,242
"13R-3",222,243
"13R-3",223,232
"13R-3",223,233
"13R-3",223,234
"13R-3",223,235
"13R-3",223,236
"13R-3",223,237
"13R-3",223,238
"13R-3",223,239
"13R-3",223,240
"13R-3",223,241
"13R-3",223,242
"13R-3",223,243
"13R-3",224,233
"13R-3",224,234
"13R-3",224,235
"13R-3",224,236
"13R-3",224,237
"13R-3",224,238
"13R-3",224,239
"13R-3",224,240
"13R-3",224,241
"13R-3",224,242
"13R-3",224,243
"13R-3",225,234
"13R-3",225,235
"13R-3",225,236
"13R-3",225,237
"13R-3",225,238
"13R-3",225,239
"13R-3",225,240
"13R-3",225,241
"13R-3",225,242
"13R-3",225,243
"13R-3",226,235
"13R-3",226,236
"13R-3",226,237
"13R-3",226,238
"13R-3",226,239
"13R-3",226,240
"13R-3",226,241
"13R-3",226,242
"13R-3",226,243
"13R-3",226,244
"13R-3",227,236
"13R-3",227,237
"13R-3",227,238
"13R-3",227,239
"13R-3",227,240
"13R-3",227,241
"13R-3",227,242
"13R-3",227,243
"13R-3",227,244
"13R-3",228,236
"13R-3",228,237
"13R-3",228,238
"13R-3",228,239
"13R-3",228,240
"13R-3",228,241
"13R-3",228,242
"13R-3",228,243
"13R-3",228,244
"13R-3",229,237
"13R-3",229,238
"13R-3",229,239
"13R-3",229,240
"13R-3",229,241
"13R-3",229,242
"13R-3",229,243
"13R-3",229,244
"13R-3",230,237
"13R-3",230,238
"13R-3",230,239
"13R-3",230,240
"13R-3",230,241
"13R-3",230,242
"13R-3",230,243
"13R-3",230,244
"13R-3",231,238
"13R-3",231,239
"13R-3",231,240
"13R-3",231,241
"13R-3",231,242
"13R-3",231,243
"13R-3",231,244
"13R-3",232,238
"13R-3",232,239
"13R-3",232,240
"13R-3",232,241
"13R-3",232,242
"13R-3",232,243
"13R-3",232,244
"13R-3",233,239
"13R-3",233,240
"13R-3",233,241
"13R-3",233,242
"13R-3",233,243
"13R-3",233,244
"13R-3",234,240
"13R-3",234,241
"13R-3",234,242
"13R-3",234,243
"13R-3",234,244
"13R-3",235,240
"13R-3",235,241
"13R-3",235,242
"13R-3",235,243
"13R-3",235,244
"13R-3",235,245
"13R-3",236,240
"13R-3",236,241
"13R-3",236,242
"13R-3",236,243
"13R-3",236,244
"13R-3",236,245
"13R-3",237,241
"13R-3",237,242
"13R-3",237,243
"13R-3",237,244
"13R-3",237,245
"13R-3",238,241
"13R-3",238,242
"13R-3",238,243
"13R-3",238,244
"13R-3",238,245
"13R-3",239,242
"13R-3",239,243
"13R-3",239,244
"13R-3",239,245
"13R-3",240,243
"13R-3",240,244
"13R-3",240,245
"13R-3",241,244
"13R-3",241,245
"13R-3",242,244
"13R-3",242,245
"13R-3",243,245
"13R-3",244,246
"13R-3",245,246
"13R-3",246,246
"13R-3",247,246
"13R-3",227,234
"13R-3",229,235
"13R-3",235,238
"13R-3",243,243
"13R-3",241,242
"13R-3",245,244
"13R-3",240,241
"13R-3",242,242
"13R-3",241,256
"13R-3",242,257
"13R-3",243,258
"13R-3",215,246
"13R-3",216,247
"13R-3",217,247
"13R-3",218,248
"13R-3",219,248
"13R-3",220,249
"13R-3",224,251
"13R-3",225,252
"13R-3",225,253
"13R-3",226,253
"13R-3",227,253
"13R-3",228,253
"13R-3",235,256
"13R-3",235,257
"13R-3",236,258
"13R-3",236,259
"13R-3",237,259
"13R-3",238,259
"13R-3",239,259
"13R-3",240,259
"13R-3",241,260
"13R-3",242,260
"13R-3",243,260
"13R-3",243,261
"13R-3",244,261
"13R-3",245,262
"13R-3",246,262
"13R-3",247,263
"13R-3",248,263
"13R-3",249,264
"13R-3",250,264
"13R-3",251,264
"13R-3",252,265
"13R-3",253,266
"13R-3",254,266
"13R-3",256,267
"13R-3",257,268
"13R-3",258,268
"13R-3",258,269
"13R-3",259,269
"13R-3",260,269
"13R-3",261,270
"13R-3",262,271
"13R-3",263,271
"13R-3",263,272
"13R-3",264,272
"13R-3",265,273
"13R-3",266,273
"13R-3",267,274
"13R-3",268,275
"13R-3",269,276
"13R-3",266,274
"13R-3",265,274
"13R-3",264,273
"13R-3",263,273
"13R-3",262,272
"13R-3",261,271
"13R-3",260,271
"13R-3",260,270
"13R-3",259,270
"13R-3",258,270
"13R-3",257,270
"13R-3",256,269
"13R-3",255,268
"13R-3",254,267
"13R-3",253,267
"13R-3",252,267
"13R-3",251,266
"13R-3",250,266
"13R-3",249,265
"13R-3",248,265
"13R-3",247,264
"13R-3",246,264
"13R-3",245,264
"13R-3",244,263
"13R-3",243,263
"13R-3",242,263
"13R-3",242,262
"13R-3",241,262
"13R-3",240,262
"13R-3",239,261
"13R-3",238,260
"13R-3",235,259
"13R-3",234,258
"13R-3",233,258
"13R-3",232,257
"13R-3",231,256
"13R-3",231,255
"13R-3",230,254
"13R-3",229,254
"13R-3",228,254
"13R-3",227,254
"13R-3",219,249
"13R-3",217,248
"13R-3",215,247
"13R-3",232,255
"13R-3",232,256
"13R-3",233,256
"13R-3",233,257
"13R-3",234,256
"13R-3",234,257
"13R-3",235,258
"13R-3",239,260
"13R-3",240,260
"13R-3",240,261
"13R-3",241,261
"13R-3",242,261
"13R-3",243,262
"13R-3",244,262
"13R-3",245,263
"13R-3",246,263
"13R-3",248,264
"13R-3",250,265
"13R-3",251,265
"13R-3",252,266
"13R-3",255,267
"13R-3",256,268
"13R-3",257,269
"13R-3",214,246
"13R-3",221,249
"13R-3",230,255
"13R-3",226,252
"13R-3",225,251
"13R-3",221,250
"13R-3",237,258
"13R-3",236,257
"13R-3",238,258
"13R-3",241,259
"13R-3",239,258
"13R-3",237,257
"13R-3",240,258
"13R-3",244,260
"13R-3",245,261
"13R-3",247,262
"13R-3",250,263
"13R-3",249,263
"13R-3",253,265
"13R-3",265,272
"13R-3",264,271
"13R-3",266,272
"13R-3",262,270
"13R-3",246,261
"13R-3",218,249
"13R-3",251,267
"13R-3",251,268
"13R-3",252,268
"13R-3",253,268
"13R-3",249,266
"13R-3",247,265
"13R-3",246,265
"13R-3",244,264
"13R-3",248,266
"13R-3",249,267
"13R-3",253,269
"13R-3",254,269
"13R-3",255,269
"13R-3",254,268
"13R-3",250,267
"13R-3",256,270
"13R-3",259,271
"13R-3",258,271
"13R-3",259,272
"13R-3",268,276
"13R-3",266,275
"13R-3",261,272
"13R-3",262,273
"13R-3",264,274
"13R-3",267,275
"13R-3",260,272
"13R-3",219,250
"13R-3",220,250
"13R-3",220,251
"13R-3",221,251
"13R-3",222,251
"13R-3",223,251
"13R-3",224,252
"13R-3",223,252
"13R-3",222,252
"13R-3",229,255
"13R-3",237,260
"13R-3",284,263
"13R-3",285,262
"13R-3",285,261
"13R-3",285,260
"13R-3",284,260
"13R-3",283,259
"13R-3",282,259
"13R-3",281,258
"13R-3",280,258
"13R-3",280,259
"13R-3",279,259
"13R-3",279,260
"13R-3",278,260
"13R-3",277,260
"13R-3",277,259
"13R-3",276,259
"13R-3",276,258
"13R-3",275,258
"13R-3",278,261
"13R-3",283,263
"13R-3",284,262
"13R-3",284,261
"13R-3",279,261
"13R-3",280,260
"13R-3",280,261
"13R-3",280,262
"13R-3",281,259
"13R-3",281,260
"13R-3",281,261
"13R-3",281,262
"13R-3",282,260
"13R-3",282,261
"13R-3",282,262
"13R-3",282,263
"13R-3",283,260
"13R-3",283,261
"13R-3",283,262
"13R-3",273,260
"13R-3",272,259
"13R-3",271,259
"13R-3",271,258
"13R-3",271,257
"13R-3",271,256
"13R-3",270,256
"13R-3",270,255
"13R-3",269,255
"13R-3",269,254
"13R-3",268,254
"13R-3",267,254
"13R-3",267,253
"13R-3",267,252
"13R-3",267,251
"13R-3",268,251
"13R-3",268,250
"13R-3",267,250
"13R-3",266,250
"13R-3",265,250
"13R-3",265,249
"13R-3",264,249
"13R-3",264,248
"13R-3",263,248
"13R-3",262,248
"13R-3",262,247
"13R-3",261,247
"13R-3",261,246
"13R-3",260,246
"13R-3",259,246
"13R-3",259,245
"13R-3",258,245
"13R-3",258,246
"13R-3",258,247
"13R-3",258,248
"13R-3",259,248
"13R-3",259,249
"13R-3",260,249
"13R-3",260,250
"13R-3",261,251
"13R-3",262,251
"13R-3",263,251
"13R-3",263,252
"13R-3",264,252
"13R-3",264,253
"13R-3",265,253
"13R-3",265,254
"13R-3",266,254
"13R-3",259,247
"13R-3",260,247
"13R-3",260,248
"13R-3",261,248
"13R-3",261,249
"13R-3",261,250
"13R-3",262,249
"13R-3",262,250
"13R-3",263,249
"13R-3",263,250
"13R-3",264,250
"13R-3",264,251
"13R-3",265,251
"13R-3",265,252
"13R-3",266,251
"13R-3",266,252
"13R-3",266,253
"13R-3",268,255
"13R-3",269,256
"13R-3",270,257
"13R-3",222,228
"13R-3",222,227
"13R-3",223,227
"13R-3",223,226
"13R-3",224,226
"13R-3",224,227
"13R-3",225,227
"13R-3",226,227
"13R-3",227,227
"13R-3",228,227
"13R-3",229,228
"13R-3",230,228
"13R-3",231,228
"13R-3",232,228
"13R-3",232,229
"13R-3",233,229
"13R-3",231,229
"13R-3",230,229
"13R-3",232,230
"13R-3",233,230
"13R-3",234,230
"13R-3",235,231
"13R-3",236,231
"13R-3",237,232
"13R-3",238,233
"13R-3",238,234
"13R-3",239,234
"13R-3",240,234
"13R-3",241,235
"13R-3",242,235
"13R-3",242,236
"13R-3",243,236
"13R-3",243,237
"13R-3",244,237
"13R-3",244,238
"13R-3",244,239
"13R-3",245,240
"13R-3",245,241
"13R-3",246,241
"13R-3",246,242
"13R-3",247,242
"13R-3",247,243
"13R-3",248,244
"13R-3",246,243
"13R-3",245,242
"13R-3",226,231
"13R-3",225,231
"13R-3",225,230
"13R-3",226,230
"13R-3",226,229
"13R-3",225,229
"13R-3",224,229
"13R-3",224,228
"13R-3",223,228
"13R-3",225,228
"13R-3",226,228
"13R-3",227,228
"13R-3",227,229
"13R-3",227,230
"13R-3",227,231
"13R-3",227,232
"13R-3",228,228
"13R-3",228,229
"13R-3",228,230
"13R-3",228,231
"13R-3",228,232
"13R-3",229,229
"13R-3",229,230
"13R-3",229,231
"13R-3",229,232
"13R-3",229,233
"13R-3",230,230
"13R-3",230,231
"13R-3",230,232
"13R-3",230,233
"13R-3",231,230
"13R-3",231,231
"13R-3",231,232
"13R-3",231,233
"13R-3",231,234
"13R-3",232,231
"13R-3",232,232
"13R-3",232,233
"13R-3",232,234
"13R-3",232,235
"13R-3",233,231
"13R-3",233,232
"13R-3",233,233
"13R-3",233,234
"13R-3",233,235
"13R-3",234,231
"13R-3",234,232
"13R-3",234,233
"13R-3",234,234
"13R-3",234,235
"13R-3",234,236
"13R-3",235,232
"13R-3",235,233
"13R-3",235,234
"13R-3",235,235
"13R-3",235,236
"13R-3",236,232
"13R-3",236,233
"13R-3",236,234
"13R-3",236,235
"13R-3",236,236
"13R-3",236,237
"13R-3",237,233
"13R-3",237,234
"13R-3",237,235
"13R-3",237,236
"13R-3",237,237
"13R-3",238,235
"13R-3",238,236
"13R-3",238,237
"13R-3",238,238
"13R-3",239,235
"13R-3",239,236
"13R-3",239,237
"13R-3",239,238
"13R-3",240,235
"13R-3",240,236
"13R-3",240,237
"13R-3",240,238
"13R-3",240,239
"13R-3",241,236
"13R-3",241,237
"13R-3",241,238
"13R-3",241,239
"13R-3",242,237
"13R-3",242,238
"13R-3",242,239
"13R-3",242,240
"13R-3",243,238
"13R-3",243,239
"13R-3",243,240
"13R-3",244,240
"13R-3",244,241
"13R-3",252,250
"13R-3",253,250
"13R-3",254,251
"13R-3",255,251
"13R-3",256,251
"13R-3",257,252
"13R-3",258,252
"13R-3",259,253
"13R-3",260,253
"13R-3",258,253
"13R-3",256,252
"13R-3",254,250
"13R-3",252,249
"13R-3",255,252
"13R-3",256,253
"13R-3",257,253
"13R-3",261,254
"13R-3",262,255
"13R-3",263,255
"13R-3",264,256
"13R-3",265,256
"13R-3",266,257
"13R-3",267,257
"13R-3",268,258
"13R-3",269,258
"13R-3",270,259
"13R-3",272,260
"13R-3",270,258
"13R-3",269,257
"13R-3",268,257
"13R-3",268,256
"13R-3",274,261
"13R-3",255,270
"13R-3",256,271
"13R-3",257,271
"13R-3",258,272
"13R-3",260,273
"13R-3",261,273
"13R-3",262,274
"13R-3",263,275
"13R-3",264,275
"13R-3",265,275
"13R-3",265,276
"13R-3",266,276
"13R-3",267,276
"13R-3",268,277
"13R-3",269,277
"13R-3",270,277
"13R-3",270,278
"13R-3",271,278
"13R-3",271,279
"13R-3",272,279
"13R-3",273,279
"13R-3",274,279
"13R-3",275,280
"13R-3",275,279
"13R-3",276,278
"13R-3",275,278
"13R-3",274,278
"13R-3",273,278
"13R-3",271,277
"13R-3",272,278
"13R-3",263,274
"13R-3",267,277
"13R-3",269,278
"13-R2",210,225
"13-R2",161,193
"13-R2",162,193
"13-R2",204,237
"13-R2",208,226
"13-R2",202,236
"13-R2",162,194
"13-R2",198,236
"13-R2",163,194
"13-R2",199,237
"13-R2",208,227
"13-R2",200,237
"13-R2",208,228
"13-R2",201,237
"13-R2",164,194
"13-R2",201,238
"13-R2",164,195
"13-R2",202,238
"13-R2",208,229
"13-R2",202,239
"13-R2",208,230
"13-R2",203,239
"13-R2",165,195
"13-R2",204,235
"13-R2",165,196
"13-R2",207,237
"13-R2",208,231
"13-R2",204,240
"13-R2",166,196
"13-R2",206,241
"13-R2",166,197
"13-R2",207,241
"13-R2",208,233
"13-R2",208,241
"13-R2",208,234
"13-R2",208,242
"13-R2",167,197
"13-R2",209,242
"13-R2",167,198
"13-R2",210,242
"13-R2",208,235
"13-R2",211,242
"13-R2",209,224
"13-R2",210,243
"13-R2",168,198
"13-R2",211,243
"13-R2",169,198
"13-R2",212,242
"13-R2",209,225
"13-R2",209,226
"13-R2",169,199
"13-R2",170,199
"13-R2",209,227
"13-R2",209,228
"13-R2",170,200
"13-R2",167,218
"13-R2",171,200
"13-R2",169,219
"13-R2",209,229
"13-R2",171,220
"13-R2",209,230
"13-R2",174,222
"13-R2",172,200
"13-R2",175,223
"13-R2",172,201
"13-R2",179,225
"13-R2",209,231
"13-R2",180,226
"13-R2",209,232
"13-R2",178,225
"13-R2",173,201
"13-R2",176,224
"13-R2",174,202
"13-R2",174,223
"13-R2",209,233
"13-R2",173,222
"13-R2",209,234
"13-R2",172,221
"13-R2",175,202
"13-R2",175,203
"13-R2",182,227
"13-R2",209,235
"13-R2",183,228
"13-R2",209,236
"13-R2",176,204
"13-R2",194,234
"13-R2",177,205
"13-R2",210,226
"13-R2",178,205
"13-R2",178,206
"13-R2",210,227
"13-R2",210,228
"13-R2",179,206
"13-R2",179,207
"13-R2",210,229
"13-R2",210,230
"13-R2",180,207
"13-R2",210,231
"13-R2",181,207
"13-R2",210,232
"13-R2",182,208
"13-R2",210,233
"13-R2",183,208
"13-R2",210,234
"13-R2",184,209
"13-R2",210,235
"13-R2",185,209
"13-R2",210,236
"13-R2",186,210
"13-R2",210,237
"13-R2",187,210
"13-R2",210,238
"13-R2",188,210
"13-R2",211,226
"13-R2",184,208
"13-R2",211,227
"13-R2",182,207
"13-R2",211,228
"13-R2",189,210
"13-R2",190,211
"13-R2",191,211
"13-R2",191,212
"13-R2",192,212
"13-R2",192,213
"13-R2",193,213
"13-R2",194,214
"13-R2",195,214
"13-R2",195,215
"13-R2",196,215
"13-R2",197,216
"13-R2",198,216
"13-R2",199,217
"13-R2",200,217
"13-R2",201,218
"13-R2",202,218
"13-R2",202,219
"13-R2",203,219
"13-R2",204,219
"13-R2",204,220
"13-R2",205,220
"13-R2",205,221
"13-R2",206,221
"13-R2",207,222
"13-R2",208,222
"13-R2",209,223
"13-R2",211,224
"13-R2",218,228
"13-R2",218,229
"13-R2",218,230
"13-R2",218,231
"13-R2",217,231
"13-R2",217,232
"13-R2",216,233
"13-R2",216,234
"13-R2",215,235
"13-R2",215,236
"13-R2",215,237
"13-R2",214,237
"13-R2",214,238
"13-R2",214,239
"13-R2",213,240
"13-R2",213,241
"13-R2",212,241
"13-R2",207,242
"13-R2",206,242
"13-R2",205,241
"13-R2",204,241
"13-R2",203,240
"13-R2",202,240
"13-R2",201,239
"13-R2",198,237
"13-R2",197,236
"13-R2",196,236
"13-R2",196,235
"13-R2",195,235
"13-R2",195,234
"13-R2",193,234
"13-R2",193,233
"13-R2",192,233
"13-R2",187,230
"13-R2",186,229
"13-R2",185,228
"13-R2",184,228
"13-R2",183,227
"13-R2",182,226
"13-R2",181,226
"13-R2",179,224
"13-R2",178,224
"13-R2",177,224
"13-R2",176,223
"13-R2",175,222
"13-R2",172,222
"13-R2",171,221
"13-R2",170,220
"13-R2",168,219
"13-R2",168,218
"13-R2",166,218
"13-R2",166,217
"13-R2",165,217
"13-R2",165,216
"13-R2",164,216
"13-R2",163,216
"13-R2",162,215
"13-R2",161,215
"13-R2",161,214
"13-R2",160,214
"13-R2",159,214
"13-R2",159,213
"13-R2",158,213
"13-R2",157,212
"13-R2",156,212
"13-R2",156,211
"13-R2",155,211
"13-R2",155,210
"13-R2",154,210
"13-R2",153,210
"13-R2",153,209
"13-R2",152,209
"13-R2",152,208
"13-R2",151,208
"13-R2",152,207
"13-R2",151,207
"13-R2",153,207
"13-R2",153,206
"13-R2",154,206
"13-R2",154,205
"13-R2",155,205
"13-R2",155,204
"13-R2",156,204
"13-R2",156,203
"13-R2",156,202
"13-R2",157,202
"13-R2",157,201
"13-R2",157,200
"13-R2",158,200
"13-R2",158,199
"13-R2",158,198
"13-R2",159,198
"13-R2",159,197
"13-R2",159,196
"13-R2",160,196
"13-R2",160,195
"13-R2",161,195
"13-R2",161,194
"13-R2",153,208
"13-R2",154,207
"13-R2",154,208
"13-R2",154,209
"13-R2",155,206
"13-R2",155,207
"13-R2",155,208
"13-R2",155,209
"13-R2",156,205
"13-R2",156,206
"13-R2",156,207
"13-R2",156,208
"13-R2",156,209
"13-R2",156,210
"13-R2",157,203
"13-R2",157,204
"13-R2",157,205
"13-R2",157,206
"13-R2",157,207
"13-R2",157,208
"13-R2",157,209
"13-R2",157,210
"13-R2",157,211
"13-R2",158,201
"13-R2",158,202
"13-R2",158,203
"13-R2",158,204
"13-R2",158,205
"13-R2",158,206
"13-R2",158,207
"13-R2",158,208
"13-R2",158,209
"13-R2",158,210
"13-R2",158,211
"13-R2",158,212
"13-R2",159,199
"13-R2",159,200
"13-R2",159,201
"13-R2",159,202
"13-R2",159,203
"13-R2",159,204
"13-R2",159,205
"13-R2",159,206
"13-R2",159,207
"13-R2",159,208
"13-R2",159,209
"13-R2",159,210
"13-R2",159,211
"13-R2",159,212
"13-R2",160,197
"13-R2",160,198
"13-R2",160,199
"13-R2",160,200
"13-R2",160,201
"13-R2",160,202
"13-R2",160,203
"13-R2",160,204
"13-R2",160,205
"13-R2",160,206
"13-R2",160,207
"13-R2",160,208
"13-R2",160,209
"13-R2",160,210
"13-R2",160,211
"13-R2",160,212
"13-R2",160,213
"13-R2",161,196
"13-R2",161,197
"13-R2",161,198
"13-R2",161,199
"13-R2",161,200
"13-R2",161,201
"13-R2",161,202
"13-R2",161,203
"13-R2",161,204
"13-R2",161,205
"13-R2",161,206
"13-R2",161,207
"13-R2",161,208
"13-R2",161,209
"13-R2",161,210
"13-R2",161,211
"13-R2",161,212
"13-R2",161,213
"13-R2",162,195
"13-R2",162,196
"13-R2",162,197
"13-R2",162,198
"13-R2",162,199
"13-R2",162,200
"13-R2",162,201
"13-R2",162,202
"13-R2",162,203
"13-R2",162,204
"13-R2",162,205
"13-R2",162,206
"13-R2",162,207
"13-R2",162,208
"13-R2",162,209
"13-R2",162,210
"13-R2",162,211
"13-R2",162,212
"13-R2",162,213
"13-R2",162,214
"13-R2",163,195
"13-R2",163,196
"13-R2",163,197
"13-R2",163,198
"13-R2",163,199
"13-R2",163,200
"13-R2",163,201
"13-R2",163,202
"13-R2",163,203
"13-R2",163,204
"13-R2",163,205
"13-R2",163,206
"13-R2",163,207
"13-R2",163,208
"13-R2",163,209
"13-R2",163,210
"13-R2",163,211
"13-R2",163,212
"13-R2",163,213
"13-R2",163,214
"13-R2",163,215
"13-R2",164,196
"13-R2",164,197
"13-R2",164,198
"13-R2",164,199
"13-R2",164,200
"13-R2",164,201
"13-R2",164,202
"13-R2",164,203
"13-R2",164,204
"13-R2",164,205
"13-R2",164,206
"13-R2",164,207
"13-R2",164,208
"13-R2",164,209
"13-R2",164,210
"13-R2",164,211
"13-R2",164,212
"13-R2",164,213
"13-R2",164,214
"13-R2",164,215
"13-R2",165,197
"13-R2",165,198
"13-R2",165,199
"13-R2",165,200
"13-R2",165,201
"13-R2",165,202
"13-R2",165,203
"13-R2",165,204
"13-R2",165,205
"13-R2",165,206
"13-R2",165,207
"13-R2",165,208
"13-R2",165,209
"13-R2",165,210
"13-R2",165,211
"13-R2",165,212
"13-R2",165,213
"13-R2",165,214
"13-R2",165,215
"13-R2",166,198
"13-R2",166,199
"13-R2",166,200
"13-R2",166,201
"13-R2",166,202
"13-R2",166,203
"13-R2",166,204
"13-R2",166,205
"13-R2",166,206
"13-R2",166,207
"13-R2",166,208
"13-R2",166,209
"13-R2",166,210
"13-R2",166,211
"13-R2",166,212
"13-R2",166,213
"13-R2",166,214
"13-R2",166,215
"13-R2",166,216
"13-R2",167,199
"13-R2",167,200
"13-R2",167,201
"13-R2",167,202
"13-R2",167,203
"13-R2",167,204
"13-R2",167,205
"13-R2",167,206
"13-R2",167,207
"13-R2",167,208
"13-R2",167,209
"13-R2",167,210
"13-R2",167,211
"13-R2",167,212
"13-R2",167,213
"13-R2",167,214
"13-R2",167,215
"13-R2",167,216
"13-R2",167,217
"13-R2",168,199
"13-R2",168,200
"13-R2",168,201
"13-R2",168,202
"13-R2",168,203
"13-R2",168,204
"13-R2",168,205
"13-R2",168,206
"13-R2",168,207
"13-R2",168,208
"13-R2",168,209
"13-R2",168,210
"13-R2",168,211
"13-R2",168,212
"13-R2",168,213
"13-R2",168,214
"13-R2",168,215
"13-R2",168,216
"13-R2",168,217
"13-R2",169,200
"13-R2",169,201
"13-R2",169,202
"13-R2",169,203
"13-R2",169,204
"13-R2",169,205
"13-R2",169,206
"13-R2",169,207
"13-R2",169,208
"13-R2",169,209
"13-R2",169,210
"13-R2",169,211
"13-R2",169,212
"13-R2",169,213
"13-R2",169,214
"13-R2",169,215
"13-R2",169,216
"13-R2",169,217
"13-R2",169,218
"13-R2",170,201
"13-R2",170,202
"13-R2",170,203
"13-R2",170,204
"13-R2",170,205
"13-R2",170,206
"13-R2",170,207
"13-R2",170,208
"13-R2",170,209
"13-R2",170,210
"13-R2",170,211
"13-R2",170,212
"13-R2",170,213
"13-R2",170,214
"13-R2",170,215
"13-R2",170,216
"13-R2",170,217
"13-R2",170,218
"13-R2",170,219
"13-R2",171,201
"13-R2",171,202
"13-R2",171,203
"13-R2",171,204
"13-R2",171,205
"13-R2",171,206
"13-R2",171,207
"13-R2",171,208
"13-R2",171,209
"13-R2",171,210
"13-R2",171,211
"13-R2",171,212
"13-R2",171,213
"13-R2",171,214
"13-R2",171,215
"13-R2",171,216
"13-R2",171,217
"13-R2",171,218
"13-R2",171,219
"13-R2",172,202
"13-R2",172,203
"13-R2",172,204
"13-R2",172,205
"13-R2",172,206
"13-R2",172,207
"13-R2",172,208
"13-R2",172,209
"13-R2",172,210
"13-R2",172,211
"13-R2",172,212
"13-R2",172,213
"13-R2",172,214
"13-R2",172,215
"13-R2",172,216
"13-R2",172,217
"13-R2",172,218
"13-R2",172,219
"13-R2",172,220
"13-R2",173,202
"13-R2",173,203
"13-R2",173,204
"13-R2",173,205
"13-R2",173,206
"13-R2",173,207
"13-R2",173,208
"13-R2",173,209
"13-R2",173,210
"13-R2",173,211
"13-R2",173,212
"13-R2",173,213
"13-R2",173,214
"13-R2",173,215
"13-R2",173,216
"13-R2",173,217
"13-R2",173,218
"13-R2",173,219
"13-R2",173,220
"13-R2",173,221
"13-R2",174,203
"13-R2",174,204
"13-R2",174,205
"13-R2",174,206
"13-R2",174,207
"13-R2",174,208
"13-R2",174,209
"13-R2",174,210
"13-R2",174,211
"13-R2",174,212
"13-R2",174,213
"13-R2",174,214
"13-R2",174,215
"13-R2",174,216
"13-R2",174,217
"13-R2",174,218
"13-R2",174,219
"13-R2",174,220
"13-R2",174,221
"13-R2",175,204
"13-R2",175,205
"13-R2",175,206
"13-R2",175,207
"13-R2",175,208
"13-R2",175,209
"13-R2",175,210
"13-R2",175,211
"13-R2",175,212
"13-R2",175,213
"13-R2",175,214
"13-R2",175,215
"13-R2",175,216
"13-R2",175,217
"13-R2",175,218
"13-R2",175,219
"13-R2",175,220
"13-R2",175,221
"13-R2",176,203
"13-R2",176,205
"13-R2",176,206
"13-R2",176,207
"13-R2",176,208
"13-R2",176,209
"13-R2",176,210
"13-R2",176,211
"13-R2",176,212
"13-R2",176,213
"13-R2",176,214
"13-R2",176,215
"13-R2",176,216
"13-R2",176,217
"13-R2",176,218
"13-R2",176,219
"13-R2",176,220
"13-R2",176,221
"13-R2",176,222
"13-R2",177,204
"13-R2",177,206
"13-R2",177,207
"13-R2",177,208
"13-R2",177,209
"13-R2",177,210
"13-R2",177,211
"13-R2",177,212
"13-R2",177,213
"13-R2",177,214
"13-R2",177,215
"13-R2",177,216
"13-R2",177,217
"13-R2",177,218
"13-R2",177,219
"13-R2",177,220
"13-R2",177,221
"13-R2",177,222
"13-R2",177,223
"13-R2",178,204
"13-R2",178,207
"13-R2",178,208
"13-R2",178,209
"13-R2",178,210
"13-R2",178,211
"13-R2",178,212
"13-R2",178,213
"13-R2",178,214
"13-R2",178,215
"13-R2",178,216
"13-R2",178,217
"13-R2",178,218
"13-R2",178,219
"13-R2",178,220
"13-R2",178,221
"13-R2",178,222
"13-R2",178,223
"13-R2",179,205
"13-R2",179,208
"13-R2",179,209
"13-R2",179,210
"13-R2",179,211
"13-R2",179,212
"13-R2",179,213
"13-R2",179,214
"13-R2",179,215
"13-R2",179,216
"13-R2",179,217
"13-R2",179,218
"13-R2",179,219
"13-R2",179,220
"13-R2",179,221
"13-R2",179,222
"13-R2",179,223
"13-R2",180,205
"13-R2",180,206
"13-R2",180,208
"13-R2",180,209
"13-R2",180,210
"13-R2",180,211
"13-R2",180,212
"13-R2",180,213
"13-R2",180,214
"13-R2",180,215
"13-R2",180,216
"13-R2",180,217
"13-R2",180,218
"13-R2",180,219
"13-R2",180,220
"13-R2",180,221
"13-R2",180,222
"13-R2",180,223
"13-R2",180,224
"13-R2",180,225
"13-R2",181,206
"13-R2",181,208
"13-R2",181,209
"13-R2",181,210
"13-R2",181,211
"13-R2",181,212
"13-R2",181,213
"13-R2",181,214
"13-R2",181,215
"13-R2",181,216
"13-R2",181,217
"13-R2",181,218
"13-R2",181,219
"13-R2",181,220
"13-R2",181,221
"13-R2",181,222
"13-R2",181,223
"13-R2",181,224
"13-R2",181,225
"13-R2",182,209
"13-R2",182,210
"13-R2",182,211
"13-R2",182,212
"13-R2",182,213
"13-R2",182,214
"13-R2",182,215
"13-R2",182,216
"13-R2",182,217
"13-R2",182,218
"13-R2",182,219
"13-R2",182,220
"13-R2",182,221
"13-R2",182,222
"13-R2",182,223
"13-R2",182,224
"13-R2",182,225
"13-R2",183,207
"13-R2",183,209
"13-R2",183,210
"13-R2",183,211
"13-R2",183,212
"13-R2",183,213
"13-R2",183,214
"13-R2",183,215
"13-R2",183,216
"13-R2",183,217
"13-R2",183,218
"13-R2",183,219
"13-R2",183,220
"13-R2",183,221
"13-R2",183,222
"13-R2",183,223
"13-R2",183,224
"13-R2",183,225
"13-R2",183,226
"13-R2",184,210
"13-R2",184,211
"13-R2",184,212
"13-R2",184,213
"13-R2",184,214
"13-R2",184,215
"13-R2",184,216
"13-R2",184,217
"13-R2",184,218
"13-R2",184,219
"13-R2",184,220
"13-R2",184,221
"13-R2",184,222
"13-R2",184,223
"13-R2",184,224
"13-R2",184,225
"13-R2",184,226
"13-R2",184,227
"13-R2",185,208
"13-R2",185,210
"13-R2",185,211
"13-R2",185,212
"13-R2",185,213
"13-R2",185,214
"13-R2",185,215
"13-R2",185,216
"13-R2",185,217
"13-R2",185,218
"13-R2",185,219
"13-R2",185,220
"13-R2",185,221
"13-R2",185,222
"13-R2",185,223
"13-R2",185,224
"13-R2",185,225
"13-R2",185,226
"13-R2",185,227
"13-R2",186,209
"13-R2",186,211
"13-R2",186,212
"13-R2",186,213
"13-R2",186,214
"13-R2",186,215
"13-R2",186,216
"13-R2",186,217
"13-R2",186,218
"13-R2",186,219
"13-R2",186,220
"13-R2",186,221
"13-R2",186,222
"13-R2",186,223
"13-R2",186,224
"13-R2",186,225
"13-R2",186,226
"13-R2",186,227
"13-R2",186,228
"13-R2",187,211
"13-R2",187,212
"13-R2",187,213
"13-R2",187,214
"13-R2",187,215
"13-R2",187,216
"13-R2",187,217
"13-R2",187,218
"13-R2",187,219
"13-R2",187,220
"13-R2",187,221
"13-R2",187,222
"13-R2",187,223
"13-R2",187,224
"13-R2",187,225
"13-R2",187,226
"13-R2",187,227
"13-R2",187,228
"13-R2",187,229
"13-R2",188,211
"13-R2",188,212
"13-R2",188,213
"13-R2",188,214
"13-R2",188,215
"13-R2",188,216
"13-R2",188,217
"13-R2",188,218
"13-R2",188,219
"13-R2",188,220
"13-R2",188,221
"13-R2",188,222
"13-R2",188,223
"13-R2",188,224
"13-R2",188,225
"13-R2",188,226
"13-R2",188,227
"13-R2",188,228
"13-R2",188,229
"13-R2",188,230
"13-R2",189,211
"13-R2",189,212
"13-R2",189,213
"13-R2",189,214
"13-R2",189,215
"13-R2",189,216
"13-R2",189,217
"13-R2",189,218
"13-R2",189,219
"13-R2",189,220
"13-R2",189,221
"13-R2",189,222
"13-R2",189,223
"13-R2",189,224
"13-R2",189,225
"13-R2",189,226
"13-R2",189,227
"13-R2",189,228
"13-R2",189,229
"13-R2",189,230
"13-R2",189,231
"13-R2",190,212
"13-R2",190,213
"13-R2",190,214
"13-R2",190,215
"13-R2",190,216
"13-R2",190,217
"13-R2",190,218
"13-R2",190,219
"13-R2",190,220
"13-R2",190,221
"13-R2",190,222
"13-R2",190,223
"13-R2",190,224
"13-R2",190,225
"13-R2",190,226
"13-R2",190,227
"13-R2",190,228
"13-R2",190,229
"13-R2",190,230
"13-R2",190,231
"13-R2",191,213
"13-R2",191,214
"13-R2",191,215
"13-R2",191,216
"13-R2",191,217
"13-R2",191,218
"13-R2",191,219
"13-R2",191,220
"13-R2",191,221
"13-R2",191,222
"13-R2",191,223
"74",312,237
"74",312,238
"74",312,239
"74",312,240
"74",312,241
"74",312,242
"74",312,243
"74",312,244
"74",312,245
"74",312,246
"74",312,247
"74",312,248
"74",312,249
"74",312,250
"74",312,251
"74",312,252
"74",312,253
"74",312,254
"74",312,255
"74",312,256
"74",312,257
"74",312,258
"74",312,259
"74",312,260
"74",313,235
"74",313,236
"74",313,237
"74",313,238
"74",313,239
"74",313,240
"74",313,241
"74",313,242
"74",313,243
"74",313,244
"74",313,245
"74",313,246
"74",313,247
"74",313,248
"74",313,249
"74",313,250
"74",313,251
"74",313,252
"74",313,253
"74",313,254
"74",313,255
"74",313,256
"74",313,257
"74",313,258
"74",313,259
"74",313,260
"74",314,235
"74",314,236
"74",314,237
"74",314,238
"74",314,239
"74",314,240
"74",314,241
"74",314,242
"74",314,243
"74",314,244
"74",314,245
"74",314,246
"74",314,247
"74",314,248
"74",314,249
"74",314,250
"74",314,251
"74",314,252
"74",314,253
"74",314,254
"74",314,255
"74",314,256
"74",314,257
"74",314,258
"74",314,259
"74",314,260
"74",314,261
"74",315,235
"74",315,236
"74",315,237
"74",315,238
"74",315,239
"74",315,240
"74",315,241
"74",315,242
"74",315,243
"74",315,244
"74",315,245
"74",315,246
"74",315,247
"74",315,248
"74",315,249
"74",315,250
"74",315,251
"74",315,252
"74",315,253
"74",315,254
"74",315,255
"74",315,256
"74",315,257
"74",315,258
"74",315,259
"74",315,260
"74",315,261
"74",315,262
"74",316,236
"74",316,237
"74",316,238
"74",316,239
"74",316,240
"74",316,241
"74",316,242
"74",316,243
"74",316,252
"74",316,253
"74",316,254
"74",316,255
"74",316,256
"74",316,257
"74",316,258
"74",316,259
"74",316,260
"74",316,261
"74",316,262
"74",317,237
"74",317,238
"74",317,239
"74",317,240
"74",317,254
"74",317,255
"74",317,256
"74",317,257
"74",317,258
"74",317,259
"74",317,260
"74",318,239
"74",318,255
"74",318,256
"74",318,257
"74",318,258
"74",318,259
"74",318,260
"74",319,255
"74",319,256
"74",319,257
"74",319,258
"48",209,212
"48",208,213
"48",209,213
"48",209,214
"48",209,215
"48",208,215
"48",208,214
"48",209,216
"48",208,216
"48",210,216
"48",210,217
"48",209,217
"48",208,217
"48",211,217
"48",211,218
"48",211,219
"48",212,219
"48",212,220
"48",213,220
"48",214,220
"48",214,221
"48",215,221
"48",216,221
"48",216,222
"48",216,223
"48",217,223
"48",217,224
"48",217,225
"48",218,225
"48",218,226
"48",218,227
"48",219,227
"48",219,228
"48",220,228
"48",221,228
"48",221,229
"48",222,229
"48",223,229
"48",223,230
"48",224,230
"48",220,229
"48",220,227
"48",221,227
"48",221,226
"48",221,225
"48",222,225
"48",222,224
"48",222,226
"48",223,225
"48",224,225
"48",225,225
"48",225,226
"48",226,226
"48",226,225
"48",227,225
"48",227,224
"48",228,224
"48",228,223
"48",227,223
"48",226,223
"48",226,222
"48",225,222
"48",224,222
"48",224,221
"48",223,221
"48",222,221
"48",222,220
"48",221,220
"48",221,219
"48",220,219
"48",219,219
"48",219,218
"48",218,218
"48",218,217
"48",217,217
"48",217,218
"48",216,218
"48",216,217
"48",216,216
"48",215,216
"48",215,215
"48",214,215
"48",213,215
"48",213,214
"48",212,214
"48",211,214
"48",211,213
"48",210,213
"48",210,212
"48",208,212
"48",210,214
"48",210,215
"48",211,215
"48",211,216
"48",212,215
"48",212,216
"48",212,217
"48",212,218
"48",213,216
"48",213,217
"48",213,218
"48",213,219
"48",214,216
"48",214,217
"48",214,218
"48",214,219
"48",215,217
"48",215,218
"48",215,219
"48",215,220
"48",216,219
"48",216,220
"48",217,219
"48",217,220
"48",217,221
"48",217,222
"48",218,219
"48",218,220
"48",218,221
"48",218,222
"48",218,223
"48",218,224
"48",219,220
"48",219,221
"48",219,222
"48",219,223
"48",219,224
"48",219,225
"48",219,226
"48",220,220
"48",220,221
"48",220,222
"48",220,223
"48",220,224
"48",220,225
"48",220,226
"48",221,221
"48",221,222
"48",221,223
"48",221,224
"48",222,222
"48",222,223
"48",223,222
"48",223,223
"48",223,224
"48",224,223
"48",224,224
"48",225,223
"48",225,224
"48",226,224
"49",248,241
"49",248,242
"49",248,243
"49",249,243
"49",249,244
"49",250,244
"49",251,244
"49",251,245
"49",252,245
"49",252,246
"49",253,246
"49",254,246
"49",255,246
"49",247,240
"49",248,239
"49",248,240
"49",249,237
"49",249,239
"49",249,240
"49",249,241
"49",249,242
"49",250,238
"49",250,239
"49",250,240
"49",250,241
"49",250,242
"49",250,243
"49",251,238
"49",251,239
"49",251,240
"49",251,241
"49",251,242
"49",251,243
"49",252,236
"49",252,238
"49",252,239
"49",252,240
"49",252,241
"49",252,242
"49",252,243
"49",252,244
"49",253,237
"49",253,238
"49",253,239
"49",253,240
"49",253,241
"49",253,242
"49",253,243
"49",253,244
"49",253,245
"49",254,237
"49",254,238
"49",254,239
"49",254,240
"49",254,241
"49",254,242
"49",254,243
"49",254,244
"102",384,113
"102",384,114
"102",384,115
"102",384,116
"102",384,117
"102",385,108
"102",385,109
"102",385,110
"102",385,111
"102",385,112
"102",385,113
"102",385,114
"102",385,115
"102",385,116
"102",385,117
"102",386,107
"102",386,108
"102",386,109
"102",386,110
"102",386,111
"102",386,112
"102",386,113
"102",386,114
"102",386,115
"102",386,116
"102",387,107
"102",387,108
"102",387,109
"102",387,110
"102",387,111
"102",387,112
"102",387,113
"102",387,114
"102",387,115
"102",387,116
"102",388,107
"102",388,108
"102",388,109
"102",388,110
"102",388,111
"102",388,112
"102",388,113
"102",388,114
"102",388,115
"102",389,106
"102",389,107
"102",389,108
"102",389,109
"102",389,110
"102",389,111
"102",389,112
"102",389,113
"102",389,114
"102",389,115
"102",390,105
"102",390,106
"102",390,107
"102",390,108
"102",390,109
"102",390,110
"102",390,111
"102",390,112
"102",390,113
"102",390,114
"102",391,104
"102",391,105
"102",391,106
"102",391,107
"102",391,108
"102",391,109
"102",391,110
"102",391,111
"102",391,112
"102",391,113
"102",392,104
"102",392,105
"102",392,106
"102",392,107
"102",392,108
"102",392,109
"102",392,110
"102",392,111
"102",392,112
"102",393,103
"102",393,104
"102",393,105
"102",393,106
"102",393,107
"102",393,108
"102",393,109
"102",393,110
"102",393,111
"102",394,103
"102",394,104
"102",394,105
"102",394,106
"102",394,107
"102",394,108
"102",394,109
"102",394,110
"102",394,111
"102",395,102
"102",395,103
"102",395,104
"102",395,105
"102",395,106
"102",395,107
"102",395,108
"102",395,109
"102",395,110
"102",395,111
"102",396,102
"102",396,103
"102",396,104
"102",396,105
"102",396,106
"102",396,107
"102",396,108
"102",396,109
"102",396,110
"102",397,99
"102",397,101
"102",397,102
"102",397,103
"102",397,104
"102",397,105
"102",397,106
"102",397,107
"102",397,108
"102",397,109
"102",397,110
"102",398,100
"102",398,101
"102",398,102
"102",398,103
"102",398,104
"102",398,105
"102",398,106
"102",398,107
"102",398,108
"102",398,109
"102",399,100
"102",399,101
"102",399,102
"102",399,103
"102",399,104
"102",399,105
"102",399,106
"102",399,107
"102",399,108
"102",400,99
"102",400,100
"102",400,101
"102",400,102
"102",400,103
"102",400,104
"102",400,105
"102",400,106
"102",400,107
"102",400,108
"102",401,99
"102",401,100
"102",401,101
"102",401,102
"102",401,103
"102",401,104
"102",401,105
"102",401,106
"102",401,107
"102",401,108
"102",402,98
"102",402,99
"102",402,100
"102",402,101
"102",402,102
"102",402,103
"102",402,104
"102",402,105
"102",402,106
"102",402,107
"102",403,99
"102",403,100
"102",403,101
"102",403,102
"102",413,94
"102",414,94
"102",414,95
"102",414,96
"102",414,97
"102",415,97
"102",415,98
"102",415,99
"102",416,99
"102",416,100
"102",417,100
"102",417,101
"102",417,102
"102",416,102
"102",416,103
"102",415,103
"102",414,103
"102",413,104
"102",412,104
"102",411,105
"102",410,105
"102",409,105
"102",404,96
"102",404,97
"102",405,96
"102",405,97
"102",406,95
"102",406,96
"102",406,97
"102",406,98
"102",406,99
"102",407,95
"102",407,96
"102",407,97
"102",407,98
"102",407,99
"102",407,100
"102",408,94
"102",408,95
"102",408,96
"102",408,97
"102",408,98
"102",408,99
"102",408,100
"102",408,101
"102",408,102
"102",409,93
"102",409,94
"102",409,95
"102",409,96
"102",409,97
"102",409,98
"102",409,99
"102",409,100
"102",409,101
"102",409,102
"102",409,103
"102",409,104
"102",410,93
"102",410,94
"102",410,95
"102",410,96
"102",410,97
"102",410,98
"102",410,99
"102",410,100
"102",410,101
"102",410,102
"102",410,103
"102",410,104
"102",411,93
"102",411,94
"102",411,95
"102",411,96
"102",411,97
"102",411,98
"102",411,99
"102",411,100
"102",411,101
"102",411,102
"102",411,103
"102",411,104
"102",412,95
"102",412,96
"102",412,97
"102",412,98
"102",412,99
"102",412,100
"102",412,101
"102",412,102
"102",412,103
"102",413,95
"102",413,96
"102",413,97
"102",413,98
"102",413,99
"102",413,100
"102",413,101
"102",413,102
"102",413,103
"102",414,98
"102",414,99
"102",414,100
"102",414,101
"102",414,102
"102",415,100
"102",415,101
"102",415,102
"102",416,101
"102",418,101
"102",418,102
"102",392,115
"102",391,116
"102",414,104
"102",419,102
"102",407,93
"102",407,94
"102",406,94
"102",405,94
"102",405,95
"102",404,95
"102",403,95
"102",403,96
"102",402,96
"102",396,99
"102",395,100
"102",393,101
"102",391,102
"102",389,103
"102",387,104
"102",398,98
"102",399,97
"102",400,97
"102",401,96
"22",434,104
"22",435,104
"22",436,105
"22",437,105
"22",439,107
"22",440,108
"22",441,109
"22",442,109
"22",443,109
"22",444,109
"22",445,110
"22",446,111
"22",447,111
"22",448,112
"22",449,113
"22",450,113
"22",451,114
"22",452,115
"22",453,115
"22",454,116
"22",457,117
"22",458,117
"22",458,118
"22",459,118
"22",460,118
"22",461,119
"22",462,120
"22",463,120
"22",463,121
"22",464,121
"22",464,122
"22",464,123
"22",463,123
"22",463,124
"22",462,124
"22",462,125
"22",462,126
"22",462,127
"22",461,127
"22",461,128
"22",460,128
"22",460,129
"22",460,130
"22",459,130
"22",459,131
"22",458,131
"22",457,131
"22",457,130
"22",456,130
"22",455,129
"22",454,129
"22",454,128
"22",453,128
"22",452,128
"22",452,127
"22",451,127
"22",450,127
"22",449,127
"22",448,126
"22",447,126
"22",447,125
"22",446,125
"22",446,124
"22",445,124
"22",444,123
"22",443,123
"22",442,123
"22",442,122
"22",441,122
"22",440,122
"22",439,121
"22",438,120
"22",437,120
"22",436,119
"22",436,118
"22",435,117
"22",434,117
"22",433,117
"22",432,117
"22",431,117
"22",431,116
"22",430,116
"22",429,116
"22",428,116
"22",427,116
"22",430,117
"22",433,118
"22",434,118
"22",435,119
"22",435,118
"22",432,118
"22",431,118
"22",427,115
"22",428,115
"22",428,114
"22",429,114
"22",430,114
"22",430,113
"22",431,112
"22",432,112
"22",432,111
"22",432,110
"22",433,110
"22",433,109
"22",433,108
"22",433,107
"22",433,106
"22",434,105
"22",429,115
"22",430,112
"22",430,115
"22",431,113
"22",431,114
"22",431,115
"22",432,113
"22",432,114
"22",432,115
"22",432,116
"22",433,105
"22",433,111
"22",433,112
"22",433,113
"22",433,114
"22",433,115
"22",433,116
"22",434,106
"22",434,107
"22",434,108
"22",434,109
"22",434,110
"22",434,111
"22",434,112
"22",434,113
"22",434,114
"22",434,115
"22",434,116
"22",435,105
"22",435,106
"22",435,107
"22",435,108
"22",435,109
"22",435,110
"22",435,111
"22",435,112
"22",435,113
"22",435,114
"22",435,115
"22",435,116
"22",436,106
"22",436,107
"22",436,108
"22",436,109
"22",436,110
"22",436,111
"22",436,112
"22",436,113
"22",436,114
"22",436,115
"22",436,116
"22",436,117
"22",437,106
"22",437,107
"22",437,108
"22",437,109
"22",437,110
"22",437,111
"22",437,112
"22",437,113
"22",437,114
"22",437,115
"22",437,116
"22",437,117
"22",437,118
"22",437,119
"22",438,106
"22",438,107
"22",438,108
"22",438,109
"22",438,110
"22",438,111
"22",438,112
"22",438,113
"22",438,114
"22",438,115
"22",438,116
"22",438,117
"22",438,118
"22",438,119
"22",439,108
"22",439,109
"22",439,110
"22",439,111
"22",439,112
"22",439,113
"22",439,114
"22",439,115
"22",439,116
"22",439,117
"22",439,118
"22",439,119
"22",439,120
"22",440,109
"22",440,110
"22",440,111
"22",440,112
"22",440,113
"22",440,114
"22",440,115
"22",440,116
"22",440,117
"22",440,118
"22",440,119
"22",440,120
"22",440,121
"22",441,110
"22",441,111
"22",441,112
"22",441,113
"22",441,114
"22",441,115
"22",441,116
"22",441,117
"22",441,118
"22",441,119
"22",441,120
"22",441,121
"22",442,110
"22",442,111
"22",442,112
"22",442,113
"22",442,114
"22",442,115
"22",442,116
"22",442,117
"22",442,118
"22",442,119
"22",442,120
"22",442,121
"22",443,110
"22",443,111
"22",443,112
"22",443,113
"22",443,114
"22",443,115
"22",443,116
"22",443,117
"22",443,118
"22",443,119
"22",443,120
"22",443,121
"22",443,122
"22",444,110
"22",444,111
"22",444,112
"22",444,113
"22",444,114
"22",444,115
"22",444,116
"22",444,117
"22",444,118
"22",444,119
"22",444,120
"22",444,121
"22",444,122
"22",445,111
"22",445,112
"22",445,113
"22",445,114
"22",445,115
"22",445,116
"22",445,117
"22",445,118
"22",445,119
"22",445,120
"22",445,121
"22",445,122
"22",445,123
"22",446,112
"22",446,113
"22",446,114
"22",446,115
"22",446,116
"22",446,117
"22",446,118
"22",446,119
"22",446,120
"22",446,121
"22",446,122
"22",446,123
"22",447,112
"22",447,113
"22",447,114
"22",447,115
"22",447,116
"22",447,117
"22",447,118
"22",447,119
"22",447,120
"22",447,121
"22",447,122
"22",447,123
"22",447,124
"22",448,113
"22",448,114
"22",448,115
"22",448,116
"22",448,117
"22",448,118
"22",448,119
"22",448,120
"22",448,121
"22",448,122
"22",448,123
"22",448,124
"22",448,125
"22",449,114
"22",449,115
"22",449,116
"22",449,117
"22",449,118
"22",449,119
"22",449,120
"22",449,121
"22",449,122
"22",449,123
"22",449,124
"22",449,125
"22",449,126
"22",450,114
"22",450,115
"22",450,116
"22",450,117
"22",450,118
"22",450,119
"22",450,120
"22",450,121
"22",450,122
"22",450,123
"22",450,124
"22",450,125
"22",450,126
"22",451,115
"22",451,116
"22",451,117
"22",451,118
"22",451,119
"22",451,120
"22",451,121
"22",451,122
"22",451,123
"22",451,124
"22",451,125
"22",451,126
"22",452,116
"22",452,117
"22",452,118
"22",452,119
"22",452,120
"22",452,121
"22",452,122
"22",452,123
"22",452,124
"REL28",400,59
"REL28",399,59
"REL28",399,58
"REL28",398,59
"REL28",398,58
"REL28",398,57
"REL28",399,57
"REL28",399,56
"REL28",398,56
"REL28",397,56
"REL28",397,55
"REL28",398,55
"REL28",396,55
"REL28",396,54
"REL28",397,54
"REL28",398,54
"REL28",398,53
"REL28",398,52
"REL28",398,51
"REL28",398,50
"REL28",397,50
"REL28",396,50
"REL28",396,51
"REL28",395,51
"REL28",395,52
"REL28",395,53
"REL28",396,53
"REL28",397,53
"REL28",397,52
"REL28",397,51
"REL28",396,52
"REL28",395,54
"22",452,125
"22",452,126
"22",453,116
"22",453,117
"22",453,118
"22",453,119
"22",453,120
"22",453,121
"22",453,122
"22",453,123
"22",453,124
"22",453,125
"22",453,126
"22",453,127
"22",454,117
"22",454,118
"22",454,119
"22",454,120
"22",454,121
"22",454,122
"22",454,123
"22",454,124
"REL28",399,49
"REL28",399,48
"REL28",398,48
"REL28",397,48
"REL28",397,47
"REL28",396,47
"REL28",396,46
"REL28",395,46
"REL28",395,45
"REL28",394,45
"REL28",394,44
"REL28",394,43
"REL28",393,43
"REL28",392,43
"REL28",391,44
"REL28",390,44
"REL28",389,45
"REL28",388,45
"REL28",388,46
"REL28",389,46
"REL28",389,47
"REL28",390,47
"REL28",390,48
"REL28",391,48
"REL28",392,48
"REL28",391,49
"REL28",392,49
"REL28",392,50
"REL28",393,49
"REL28",393,50
"REL28",394,50
"REL28",395,50
"REL28",397,49
"REL28",398,49
"REL28",395,47
"REL28",394,46
"REL28",393,46
"REL28",392,45
"REL28",393,45
"REL28",393,44
"REL28",392,44
"REL28",391,45
"REL28",390,45
"REL28",390,46
"REL28",391,47
"REL28",391,46
"REL28",392,46
"REL28",392,47
"REL28",393,47
"REL28",393,48
"REL28",394,47
"REL28",394,48
"REL28",394,49
"REL28",395,48
"REL28",395,49
"REL28",396,48
"REL28",396,49
"REL28",391,43
"2",365,25
"2",369,21
"2",366,24
"2",370,21
"2",367,23
"2",370,20
"2",368,22
"2",371,20
"2",371,19
"2",372,19
"2",373,19
"2",374,19
"2",375,20
"2",375,21
"2",376,21
"2",377,22
"2",378,22
"2",379,23
"2",380,23
"2",381,24
"2",382,25
"2",384,26
"2",385,26
"2",385,27
"2",386,27
"2",387,27
"2",387,28
"2",388,28
"2",388,29
"2",388,30
"2",387,30
"2",387,31
"2",387,32
"2",386,32
"2",386,33
"2",385,33
"2",385,34
"2",385,35
"2",384,35
"2",384,36
"2",383,36
"2",383,37
"2",382,36
"2",381,35
"2",379,34
"2",378,33
"2",377,33
"2",376,32
"2",375,32
"2",374,32
"2",374,31
"2",373,31
"2",372,31
"2",371,31
"2",370,31
"2",369,31
"2",368,30
"2",368,29
"2",368,28
"2",367,28
"2",367,27
"2",366,27
"2",366,26
"2",365,26
"2",365,24
"2",366,23
"2",366,25
"2",367,22
"2",367,24
"2",367,25
"2",367,26
"2",368,21
"2",368,23
"2",368,24
"2",368,25
"2",368,26
"2",368,27
"2",369,22
"2",369,23
"2",369,24
"2",369,25
"2",369,26
"2",369,27
"2",369,28
"2",369,29
"2",369,30
"2",370,22
"2",370,23
"2",370,24
"2",370,25
"2",370,26
"2",370,27
"2",370,28
"2",370,29
"2",370,30
"2",371,21
"2",371,22
"2",371,23
"2",371,24
"2",371,25
"2",371,26
"2",371,27
"2",371,28
"2",371,29
"2",371,30
"2",372,20
"2",372,21
"2",372,22
"2",372,23
"2",372,24
"2",373,20
"2",373,21
"2",373,22
"2",373,23
"2",373,24
"2",373,25
"2",383,25
"2",384,25
"2",372,25
"2",372,26
"2",372,27
"2",372,28
"2",372,29
"2",372,30
"2",381,26
"2",381,27
"2",381,28
"2",381,29
"2",381,30
"2",381,31
"2",381,32
"2",382,29
"2",382,30
"2",382,31
"2",382,32
"2",382,33
"2",382,34
"2",383,27
"2",383,28
"2",383,29
"2",383,30
"2",383,31
"2",383,32
"2",383,33
"2",383,34
"2",383,35
"2",384,27
"2",384,28
"2",384,29
"2",384,30
"2",384,31
"2",385,28
"2",385,29
"2",385,30
"2",385,31
"22",454,125
"22",454,126
"22",454,127
"22",455,117
"22",455,118
"22",455,119
"22",455,120
"22",455,121
"22",455,122
"22",455,123
"22",455,124
"22",455,125
"22",455,126
"22",455,127
"22",455,128
"22",456,117
"22",456,118
"22",456,119
"22",456,120
"22",456,121
"22",456,122
"22",456,123
"22",456,124
"22",456,125
"22",456,126
"22",456,127
"22",456,128
"22",456,129
"22",457,118
"22",457,119
"22",457,120
"22",457,121
"22",457,122
"22",457,123
"22",457,124
"22",457,125
"22",457,126
"22",457,127
"22",457,128
"22",457,129
"22",458,119
"22",458,120
"22",458,121
"22",458,122
"22",458,123
"22",458,124
"22",458,125
"22",458,126
"22",458,127
"22",458,128
"22",458,129
"22",458,130
"22",459,119
"22",459,120
"22",459,121
"22",459,122
"22",459,123
"22",459,124
"22",459,125
"22",459,126
"22",459,127
"22",459,128
"22",459,129
"22",460,119
"22",460,120
"22",460,121
"22",460,122
"22",460,123
"22",460,124
"22",460,125
"22",460,126
"22",460,127
"22",461,120
"22",461,121
"22",461,122
"22",461,123
"22",461,124
"22",461,125
"22",461,126
"22",462,121
"22",462,122
"22",462,123
"22",463,122
"22",432,107
"22",432,108
"22",432,109
"22",431,109
"22",431,108
"22",431,110
"22",431,111
"22",430,111
"22",430,110
"22",429,111
"22",429,112
"22",429,113
"22",428,113
"22",433,119
"22",434,119
"22",435,120
"22",436,120
"22",436,121
"22",437,121
"22",438,122
"22",439,122
"22",438,121
"22",441,123
"22",442,124
"22",443,124
"22",444,124
"22",445,125
"22",448,127
"22",451,128
"22",453,129
"22",454,130
"22",455,131
"22",456,131
"22",455,130
"22",450,128
"22",451,129
"22",452,130
"22",453,130
"22",452,129
"22",441,108
"22",442,108
"22",440,107
"29",541,169
"29",540,169
"29",539,169
"29",538,169
"29",537,169
"29",536,169
"29",535,169
"29",534,169
"29",533,169
"29",532,169
"29",531,169
"29",530,169
"29",529,169
"29",528,169
"29",531,170
"29",531,171
"29",532,170
"29",532,171
"29",533,170
"29",533,171
"29",534,170
"2",373,26
"2",373,27
"2",373,28
"2",373,29
"2",373,30
"2",374,20
"2",374,21
"2",374,22
"2",374,23
"2",374,24
"2",374,25
"2",374,26
"2",374,27
"2",374,28
"2",374,29
"2",374,30
"2",375,22
"2",375,23
"2",375,24
"2",375,25
"2",375,26
"2",375,27
"2",375,28
"2",375,29
"2",375,30
"2",375,31
"2",376,22
"2",376,23
"2",376,24
"2",376,25
"2",376,26
"2",376,27
"2",376,28
"2",376,29
"2",376,30
"2",376,31
"2",377,23
"2",377,24
"2",377,25
"2",377,26
"2",377,27
"2",377,28
"2",377,29
"2",377,30
"2",377,31
"2",377,32
"2",378,23
"2",378,24
"2",378,25
"2",378,26
"2",378,27
"2",378,28
"2",378,29
"2",378,30
"2",378,31
"2",378,32
"2",379,24
"2",379,25
"2",379,26
"2",379,27
"2",379,28
"2",379,29
"2",379,30
"2",379,31
"2",379,32
"2",379,33
"2",380,24
"2",380,25
"2",380,26
"2",380,27
"2",380,28
"2",380,29
"2",380,30
"2",380,31
"2",380,32
"2",380,33
"2",380,34
"2",381,25
"2",381,33
"2",381,34
"2",382,26
"2",382,27
"2",382,28
"2",382,35
"2",383,26
"2",384,32
"2",384,33
"2",384,34
"2",385,32
"2",386,28
"2",386,29
"2",386,30
"2",386,31
"2",387,29
"2",376,33
"2",378,34
"2",380,35
"2",381,36
"1",403,-1
"1",402,1
"1",402,2
"1",401,3
"1",401,4
"1",400,5
"1",400,6
"1",399,7
"1",399,8
"1",398,9
"1",398,10
"1",397,11
"1",397,12
"1",396,13
"1",395,14
"1",394,15
"1",393,16
"1",393,17
"1",392,18
"1",392,19
"1",391,19
"1",391,20
"1",391,21
"1",391,22
"1",390,23
"1",390,24
"1",389,24
"1",389,25
"1",388,26
"1",388,27
"1",387,27
"1",387,26
"1",386,26
"1",386,25
"1",385,25
"1",385,24
"1",384,24
"1",383,24
"1",382,24
"1",382,23
"1",381,23
"1",381,22
"1",380,22
"1",379,22
"1",379,21
"1",378,21
"1",377,21
"1",377,20
"1",376,20
"1",376,19
"1",375,19
"1",375,18
"1",374,18
"1",373,18
"1",372,18
"1",373,17
"1",373,16
"1",374,15
"1",374,14
"1",374,13
"1",375,13
"1",375,12
"1",375,11
"1",376,10
"1",377,9
"1",378,8
"1",379,8
"1",379,7
"1",380,6
"1",380,5
"1",381,5
"1",381,4
"1",381,3
"1",382,2
"1",382,1
"1",382,0
"1",383,0
"1",382,3
"1",380,4
"1",379,6
"1",377,10
"1",376,11
"1",376,12
"1",373,15
"1",374,16
"1",374,17
"1",375,14
"1",375,15
"1",375,16
"1",375,17
"1",376,9
"1",376,13
"1",376,14
"1",376,15
"1",376,16
"1",376,17
"1",376,18
"1",377,12
"1",377,13
"1",377,14
"1",377,15
"1",377,16
"1",377,17
"1",377,18
"1",377,19
"1",378,12
"1",378,13
"1",378,14
"1",378,15
"1",378,16
"1",378,17
"1",378,18
"1",378,19
"1",378,20
"1",379,11
"1",379,12
"1",379,13
"1",379,14
"1",379,15
"1",379,16
"1",379,17
"1",379,18
"1",379,19
"1",379,20
"1",380,3
"1",380,11
"1",380,12
"1",380,13
"1",380,14
"1",380,15
"1",380,16
"1",380,17
"1",380,18
"1",380,19
"1",380,20
"1",380,21
"1",381,2
"1",381,10
"1",381,11
"1",381,12
"1",381,13
"1",381,14
"1",381,15
"1",381,16
"1",381,17
"1",381,18
"1",381,19
"1",381,20
"1",381,21
"1",382,10
"1",382,11
"1",382,12
"1",382,13
"1",382,14
"1",382,15
"1",382,16
"1",382,17
"1",382,18
"1",382,19
"1",382,20
"1",382,21
"1",382,22
"1",383,9
"1",383,10
"1",383,11
"1",383,12
"1",383,13
"1",383,14
"1",383,15
"1",383,16
"1",383,17
"1",383,18
"1",383,19
"1",383,20
"1",383,21
"1",383,22
"1",383,23
"1",384,9
"1",384,10
"1",384,11
"1",384,12
"1",384,13
"1",384,14
"1",384,15
"1",384,16
"1",384,17
"1",384,18
"1",384,19
"1",384,20
"1",384,21
"1",384,22
"1",384,23
"1",385,8
"1",385,9
"1",385,10
"1",385,11
"1",385,12
"1",385,13
"1",385,14
"1",385,15
"1",385,16
"1",385,17
"1",385,18
"1",385,19
"1",385,20
"1",385,21
"1",385,22
"1",385,23
"1",386,8
"1",386,9
"1",386,10
"1",386,11
"1",386,12
"1",386,13
"1",386,14
"1",386,15
"1",386,16
"1",386,17
"1",386,18
"1",386,19
"1",386,20
"1",386,21
"1",386,22
"1",386,23
"1",386,24
"1",387,7
"1",387,8
"1",387,9
"1",387,10
"1",387,11
"1",387,12
"1",387,13
"1",387,14
"1",387,15
"1",387,16
"1",387,17
"1",387,18
"1",387,19
"1",387,20
"1",387,21
"1",387,22
"1",387,23
"1",387,24
"1",387,25
"1",388,6
"1",388,7
"1",388,8
"1",388,9
"1",388,10
"1",388,11
"1",388,12
"1",388,13
"1",388,14
"1",388,15
"1",388,16
"1",388,17
"1",388,18
"1",388,19
"1",388,20
"1",388,21
"1",388,22
"1",388,23
"1",388,24
"1",388,25
"1",389,6
"1",389,7
"1",389,8
"1",389,9
"1",389,10
"1",389,11
"1",389,12
"1",389,13
"1",389,14
"1",389,15
"1",389,16
"1",389,17
"1",389,18
"1",389,19
"1",389,20
"1",389,21
"1",389,22
"1",389,23
"1",390,5
"1",390,6
"1",390,7
"1",390,8
"1",390,9
"1",390,10
"1",390,11
"1",390,12
"1",390,13
"1",390,14
"1",390,15
"1",390,16
"1",390,17
"1",390,18
"1",390,19
"1",390,20
"1",390,21
"1",390,22
"1",391,5
"1",391,6
"1",391,7
"1",391,8
"1",391,9
"1",391,10
"1",391,11
"1",391,12
"1",391,13
"1",391,14
"1",391,15
"1",391,16
"1",391,17
"1",391,18
"1",392,4
"1",392,5
"1",392,6
"1",392,7
"1",392,8
"1",392,9
"1",392,10
"1",392,11
"1",392,12
"1",392,13
"1",392,14
"1",392,15
"1",392,16
"1",392,17
"1",393,4
"1",393,5
"1",393,6
"1",393,7
"1",393,8
"1",393,9
"1",393,10
"1",393,11
"1",393,12
"1",393,13
"1",393,14
"1",393,15
"1",394,3
"1",394,4
"1",394,5
"1",394,6
"1",394,7
"1",394,8
"1",394,9
"1",394,10
"1",394,11
"1",394,12
"1",394,13
"1",394,14
"1",395,3
"1",395,4
"1",395,5
"1",395,6
"1",395,7
"1",395,8
"1",395,9
"1",395,10
"1",395,11
"1",395,12
"1",395,13
"1",396,2
"1",396,3
"1",396,4
"1",396,5
"1",396,6
"1",396,7
"1",396,8
"1",396,9
"1",396,10
"1",396,11
"1",396,12
"1",397,2
"1",397,3
"1",397,4
"1",397,5
"1",397,6
"1",397,7
"1",397,8
"1",397,9
"1",397,10
"1",398,1
"1",398,2
"1",398,3
"1",398,4
"1",398,5
"1",398,6
"1",398,7
"1",399,1
"1",399,2
"1",399,3
"1",399,4
"1",399,5
"1",399,6
"1",400,0
"1",400,1
"1",400,2
"1",400,3
"1",400,4
"1",401,0
"1",401,1
"1",401,2
"1",402,-1
"1",402,0
"1",378,11
"1",378,10
"1",378,9
"1",380,7
"1",381,6
"1",382,6
"1",382,5
"1",383,5
"1",383,6
"1",382,7
"1",381,8
"1",381,9
"1",380,10
"1",377,11
"1",379,9
"1",380,8
"1",382,8
"1",380,9
"1",381,7
"1",384,5
"1",385,4
"1",386,4
"1",387,3
"1",388,3
"1",389,2
"1",387,4
"1",386,5
"1",385,6
"1",384,7
"1",383,8
"1",388,2
"1",388,1
"1",389,1
"1",388,4
"1",387,5
"1",386,6
"1",385,7
"1",384,8
"1",385,5
"1",384,6
"1",383,7
"1",382,4
"1",383,3
"1",383,4
"1",384,3
"1",384,4
"1",379,10
"1",382,9
"1",385,2
"1",385,1
"1",386,0
"1",386,1
"1",385,3
"1",384,2
"1",384,1
"1",383,2
"1",386,3
"1",387,2
"1",400,-1
"1",399,-1
"1",399,0
"1",393,3
"1",395,2
"1",396,1
"1",397,1
"1",398,0
"1",386,7
"1",390,2
"1",391,1
"1",392,1
"1",393,0
"1",394,0
"1",395,0
"1",396,0
"1",397,0
"1",391,4
"1",389,5
"1",388,5
"1",389,3
"1",397,-1
"1",398,-1
"1",387,6
"1",389,4
"1",390,1
"1",390,3
"1",390,4
"1",391,2
"1",391,3
"1",392,0
"1",392,2
"1",392,3
"1",393,1
"1",393,2
"1",394,1
"1",394,2
"1",395,1
"1",396,-1
"1",387,1
"1",386,2
"1",388,0
"1",389,-1
"1",390,0
"1",389,0
"1",387,0
"1",391,0
"1",385,0
"1",384,0
"1",383,1
"1",377,8
"1",379,5
"1",378,7
"1",398,8
"1",394,16
"1",396,14
"1",395,15
"1",394,17
"1",393,18
"1",392,20
"1",377,7
"1",378,6
"1",389,26
"1",403,0
"1",403,1
"1",402,3
"1A",409,-1
"1A",410,-1
"1A",410,0
"1A",411,0
"1A",411,1
"1A",412,1
"1A",413,2
"1A",413,3
"1A",414,3
"1A",415,3
"1A",416,3
"1A",415,2
"1A",414,2
"1A",413,1
"1A",415,4
"1A",416,4
"1A",406,25
"1A",405,25
"1A",405,26
"1A",405,27
"1A",404,28
"1A",403,29
"1A",403,30
"1A",402,31
"1A",401,32
"1A",400,33
"1A",400,34
"1A",399,34
"1A",399,35
"1A",402,30
"1A",402,29
"1A",403,28
"1A",401,31
"1A",399,33
"1A",398,34
"1A",398,33
"1A",397,33
"1A",397,32
"1A",396,32
"1A",396,31
"1A",395,31
"1A",394,31
"1A",393,31
"1A",393,30
"1A",392,30
"1A",391,30
"1A",390,29
"1A",390,28
"1A",389,28
"1A",389,27
"1A",390,27
"1A",390,26
"1A",390,25
"1A",391,25
"1A",391,24
"1A",391,23
"1A",392,23
"1A",392,22
"1A",392,21
"1A",393,21
"1A",393,20
"1A",393,19
"1A",394,19
"1A",394,18
"1A",395,18
"1A",395,17
"1A",395,16
"1A",396,16
"1A",396,15
"1A",397,15
"1A",397,14
"1A",397,13
"1A",398,13
"1A",398,12
"1A",398,11
"1A",399,10
"1A",399,9
"1A",400,9
"1A",400,8
"1A",400,7
"1A",401,7
"1A",401,6
"1A",401,5
"1A",402,5
"1A",402,4
"1A",403,4
"1A",403,3
"1A",403,2
"1A",404,2
"1A",405,2
"1A",405,1
"1A",404,1
"1A",404,0
"1A",405,0
"1A",406,0
"1A",407,0
"1A",407,1
"1A",408,1
"1A",409,1
"1A",409,0
"1A",408,0
"1A",391,26
"1A",391,27
"1A",391,28
"1A",391,29
"1A",392,24
"1A",392,25
"1A",392,26
"1A",392,27
"1A",392,28
"1A",392,29
"1A",393,22
"1A",393,23
"1A",393,24
"1A",393,25
"1A",393,26
"1A",393,27
"1A",393,28
"1A",393,29
"1A",394,20
"1A",394,21
"1A",394,22
"1A",394,23
"1A",394,24
"1A",394,25
"1A",394,26
"1A",394,27
"1A",394,28
"1A",394,29
"1A",394,30
"1A",395,19
"1A",395,20
"1A",395,21
"1A",395,22
"1A",395,23
"1A",395,24
"1A",395,25
"1A",395,26
"1A",395,27
"1A",395,28
"1A",395,29
"1A",395,30
"1A",396,17
"1A",396,18
"1A",396,19
"1A",396,20
"1A",396,21
"1A",396,22
"1A",396,23
"1A",396,24
"1A",396,25
"1A",396,26
"1A",396,27
"1A",396,28
"1A",396,29
"1A",396,30
"1A",397,16
"1A",397,17
"1A",397,18
"1A",397,19
"1A",397,20
"1A",397,21
"1A",397,22
"1A",397,23
"1A",397,24
"1A",397,25
"1A",397,26
"1A",397,27
"1A",397,28
"1A",397,29
"1A",397,30
"1A",397,31
"1A",398,14
"1A",398,15
"1A",398,16
"49",254,245
"49",255,237
"49",255,238
"49",255,239
"49",255,240
"49",255,241
"49",255,242
"49",255,243
"49",255,244
"49",255,245
"49",256,237
"49",256,238
"49",256,239
"49",256,240
"49",256,241
"49",256,242
"49",256,243
"49",257,237
"49",257,238
"49",257,239
"49",257,240
"49",257,241
"49",257,242
"49",257,243
"49",258,237
"49",258,238
"49",258,239
"49",258,240
"49",258,241
"49",258,242
"49",258,243
"49",259,237
"49",259,238
"49",259,239
"49",259,240
"49",259,241
"49",259,242
"49",259,243
"49",260,238
"49",260,239
"49",260,240
"49",260,241
"49",260,242
"49",260,243
"49",260,250
"49",261,239
"49",261,240
"49",261,241
"49",261,242
"49",261,243
"49",261,244
"49",262,240
"49",262,241
"49",262,242
"49",262,243
"49",262,244
"49",263,241
"49",263,242
"49",263,243
"49",263,244
"49",264,242
"49",264,243
"49",264,244
"49",264,245
"49",265,244
"49",255,235
"49",256,235
"49",256,234
"49",255,234
"49",255,233
"49",254,233
"49",253,233
"49",253,232
"49",252,232
"49",251,232
"49",251,231
"49",250,231
"49",250,230
"49",249,230
"49",248,230
"49",248,229
"49",247,229
"49",246,229
"49",246,228
"49",247,228
"49",245,228
"49",245,227
"49",244,227
"49",244,228
"49",243,228
"49",242,229
"49",241,229
"49",241,228
"49",242,228
"49",240,228
"49",240,227
"49",241,230
"49",240,230
"49",239,230
"49",238,230
"49",238,231
"49",237,230
"49",237,231
"49",238,232
"49",239,232
"49",239,233
"49",240,233
"49",241,233
"49",241,234
"49",242,234
"49",243,234
"1A",398,17
"1A",398,18
"1A",398,19
"1A",398,20
"1A",398,21
"1A",398,22
"1A",398,23
"1A",398,24
"1A",398,25
"1A",398,26
"1A",398,27
"49",243,235
"49",244,235
"49",244,236
"49",245,236
"49",245,237
"49",245,238
"49",245,239
"49",254,235
"49",239,231
"49",240,231
"49",240,232
"49",241,231
"49",241,232
"49",242,230
"49",242,231
"49",242,232
"49",242,233
"49",243,229
"49",243,230
"49",243,231
"49",243,232
"49",243,233
"49",244,229
"49",244,230
"49",244,231
"49",244,232
"49",244,233
"49",244,234
"49",245,229
"49",245,230
"49",245,231
"49",245,232
"49",245,233
"49",245,234
"49",245,235
"49",246,230
"49",246,231
"49",246,232
"49",246,233
"49",246,234
"49",246,235
"49",246,236
"49",246,237
"49",246,238
"49",247,230
"49",247,231
"49",247,232
"49",247,233
"49",247,234
"49",247,235
"49",247,236
"49",247,237
"49",248,231
"49",248,232
"49",248,233
"49",248,234
"49",248,235
"49",248,236
"49",248,237
"49",249,231
"49",249,232
"49",249,233
"49",249,234
"49",249,235
"49",249,236
"49",250,232
"49",250,233
"49",250,234
"49",250,235
"49",250,236
"49",251,233
"49",251,234
"49",251,235
"49",251,236
"49",252,233
"49",252,234
"49",252,235
"49",253,234
"49",253,235
"49",254,234
"49",240,229
"49",267,244
"49",267,245
"49",267,246
"49",266,246
"49",266,245
"49",267,243
"49",268,244
"49",268,245
"49",269,245
"49",269,244
"49",268,246
"49",269,246
"49",270,246
"49",270,247
"49",270,248
"49",270,249
"49",270,250
"49",269,250
"49",269,249
"49",269,248
"49",269,247
"49",268,247
"49",268,248
"49",268,249
"49",267,249
"49",266,249
"49",266,248
"49",266,247
"49",267,247
"49",267,248
"49",265,248
"49",265,247
"49",264,247
"50",281,255
"50",281,256
"50",280,256
"50",280,257
"50",279,257
"50",279,258
"50",278,258
"50",278,259
"50",278,257
"50",278,256
"50",277,258
"50",277,257
"50",279,256
"50",279,255
"50",280,255
"50",280,254
"50",279,254
"50",279,253
"50",278,253
"50",277,253
"50",276,253
"50",276,254
"50",276,255
"50",276,256
"50",276,257
"50",277,254
"50",277,255
"50",278,254
"50",278,255
"50",277,256
"50",275,257
"50",274,257
"50",273,257
"50",273,258
"50",274,258
"50",274,259
"50",273,259
"50",275,259
"50",274,260
"50",275,260
"50",276,260
"50",275,261
"50",276,261
"50",277,261
"50",277,262
"50",272,257
"50",272,258
"50",272,256
"50",272,255
"50",271,255
"50",271,254
"50",270,254
"50",270,253
"50",269,253
"50",268,253
"50",268,252
"50",269,252
"50",269,251
"50",270,251
"50",271,251
"50",271,250
"50",271,249
"50",272,249
"50",273,249
"50",273,250
"50",274,250
"50",274,251
"50",275,251
"50",275,252
"50",275,253
"50",275,256
"50",274,256
"50",273,256
"50",270,252
"50",271,252
"50",271,253
"50",272,250
"50",272,251
"50",272,252
"50",272,253
"50",272,254
"50",273,251
"50",273,252
"50",273,253
"50",273,254
"50",273,255
"50",274,252
"50",274,253
"50",274,254
"50",274,255
"50",275,254
"50",275,255
"50",276,251
"50",276,252
"50",277,252
"78",276,238
"78",277,239
"78",278,240
"78",279,241
"78",280,242
"78",281,243
"78",282,243
"78",283,243
"78",283,244
"78",284,244
"78",285,245
"78",286,246
"78",286,247
"78",286,248
"78",287,248
"78",287,249
"78",287,250
"78",287,251
"78",287,252
"78",287,253
"78",286,253
"78",286,254
"78",285,254
"78",285,255
"78",284,255
"78",283,255
"78",282,254
"78",282,253
"78",281,253
"78",280,252
"78",279,252
"78",278,252
"78",277,251
"78",277,250
"78",277,249
"78",277,248
"78",276,248
"78",273,248
"78",272,247
"78",271,247
"78",271,246
"78",271,245
"78",270,245
"78",270,244
"78",271,243
"78",272,242
"78",273,241
"78",274,240
"78",275,239
"78",271,244
"78",272,243
"78",272,244
"78",272,245
"78",272,246
"78",273,242
"78",273,243
"78",273,244
"78",273,245
"78",273,246
"78",273,247
"78",274,241
"78",274,242
"78",274,243
"78",274,244
"78",274,245
"78",274,246
"78",274,247
"78",274,248
"78",274,249
"78",275,240
"78",275,241
"78",275,242
"78",275,243
"78",275,244
"78",275,245
"78",275,246
"78",275,247
"78",275,248
"78",276,239
"78",276,240
"78",276,241
"78",276,242
"78",276,243
"78",276,244
"78",276,245
"78",276,246
"78",276,247
"78",277,240
"78",277,241
"78",277,242
"78",277,243
"78",277,244
"78",277,245
"78",277,246
"78",277,247
"78",278,241
"78",278,242
"78",278,243
"78",278,244
"78",278,245
"78",278,246
"78",278,247
"78",278,248
"78",278,249
"78",278,250
"78",278,251
"78",279,242
"78",279,243
"78",279,244
"78",279,245
"78",279,246
"78",279,247
"78",279,248
"78",279,249
"78",279,250
"78",279,251
"78",280,243
"78",280,244
"78",280,245
"78",280,246
"78",280,247
"78",280,248
"78",280,249
"78",280,250
"78",280,251
"78",281,244
"78",281,245
"78",281,246
"78",281,247
"78",281,248
"78",281,249
"78",281,250
"78",281,251
"78",281,252
"78",282,244
"78",282,245
"78",282,246
"78",282,247
"78",282,248
"78",282,249
"78",282,250
"78",282,251
"78",282,252
"78",283,245
"78",283,246
"78",283,247
"78",283,248
"78",283,249
"78",283,250
"78",283,251
"78",283,252
"78",283,253
"78",283,254
"78",284,245
"78",284,246
"78",284,247
"78",284,248
"78",284,249
"78",284,250
"78",284,251
"78",284,252
"78",284,253
"78",284,254
"78",285,246
"78",285,247
"78",285,248
"78",285,249
"78",285,250
"78",285,251
"78",285,252
"78",285,253
"78",286,249
"78",286,250
"78",286,251
"78",286,252
"78",280,253
"78",271,248
"78",272,248
"78",275,249
"78",276,249
"78",276,250
"78",275,250
"78",281,254
"78",282,255
"51",303,271
"51",304,271
"51",304,270
"51",304,269
"51",305,269
"51",306,269
"51",306,270
"51",307,270
"51",307,271
"51",308,271
"51",308,272
"51",309,272
"51",310,272
"51",311,272
"51",311,273
"51",312,273
"51",312,274
"51",313,274
"51",313,275
"51",314,275
"51",315,275
"51",315,276
"51",316,276
"51",317,276
"51",317,277
"51",318,277
"51",319,277
"51",319,278
"51",320,278
"51",320,279
"51",320,280
"51",319,280
"51",319,281
"51",319,282
"51",318,282
"51",317,282
"51",317,283
"51",317,284
"51",317,285
"51",316,285
"51",316,286
"51",315,285
"51",315,284
"51",314,284
"51",313,284
"51",313,283
"51",313,282
"51",312,282
"51",312,283
"51",311,282
"51",310,282
"51",310,281
"51",309,281
"51",309,280
"51",308,280
"51",307,280
"51",307,279
"51",306,279
"51",305,279
"51",305,278
"51",305,277
"51",304,277
"51",303,277
"51",302,277
"51",301,277
"51",301,276
"51",302,276
"51",303,276
"51",304,275
"51",304,274
"51",305,274
"51",306,274
"51",306,275
"51",306,276
"51",305,276
"51",305,275
"51",306,273
"51",306,272
"51",305,272
"51",305,271
"51",304,276
"51",305,270
"51",306,271
"51",306,277
"51",306,278
"51",307,272
"51",307,273
"51",307,274
"51",307,275
"51",307,276
"51",307,277
"51",307,278
"51",308,273
"51",308,274
"51",308,275
"51",308,276
"51",308,277
"51",308,278
"51",308,279
"51",309,273
"51",309,274
"51",309,275
"51",309,276
"51",309,277
"51",309,278
"51",309,279
"51",310,273
"51",310,274
"51",310,275
"51",310,276
"51",310,277
"51",310,278
"51",310,279
"51",310,280
"51",311,274
"51",311,275
"51",311,276
"51",311,277
"51",311,278
"51",311,279
"51",311,280
"51",311,281
"51",312,275
"51",312,276
"51",312,277
"51",312,278
"51",312,279
"51",312,280
"51",312,281
"51",313,276
"51",313,277
"51",313,278
"51",313,279
"51",313,280
"51",313,281
"51",314,276
"51",314,277
"51",314,278
"51",314,279
"51",314,280
"51",314,281
"51",314,282
"51",314,283
"51",315,277
"51",315,278
"51",315,279
"51",315,280
"51",315,281
"51",315,282
"51",315,283
"51",316,277
"51",316,278
"51",316,279
"51",316,280
"51",316,281
"51",316,282
"51",316,283
"51",316,284
"51",317,278
"51",317,279
"51",317,280
"51",317,281
"51",318,278
"51",318,279
"51",318,280
"51",318,281
"51",319,279
"13R-4",286,261
"13R-4",301,270
"13R-4",286,262
"13R-4",298,268
"13R-4",287,262
"13R-4",277,281
"13R-4",288,262
"13R-4",278,281
"13R-4",288,263
"13R-4",278,282
"13R-4",289,263
"13R-4",279,282
"13R-4",290,263
"13R-4",280,282
"13R-4",290,264
"13R-4",280,283
"13R-4",291,264
"13R-4",281,283
"13R-4",292,264
"13R-4",281,284
"13R-4",292,265
"13R-4",282,284
"13R-4",293,265
"13R-4",283,285
"13R-4",293,266
"13R-4",284,285
"13R-4",294,266
"13R-4",285,285
"13R-4",294,267
"13R-4",285,286
"13R-4",295,267
"13R-4",286,286
"13R-4",296,267
"13R-4",287,286
"13R-4",296,268
"13R-4",287,287
"13R-4",297,268
"13R-4",288,287
"13R-4",297,269
"13R-4",288,288
"13R-4",298,269
"13R-4",289,288
"13R-4",299,269
"13R-4",290,288
"13R-4",299,270
"13R-4",291,288
"13R-4",300,270
"13R-4",291,289
"13R-4",292,289
"13R-4",293,289
"13R-4",293,290
"13R-4",294,290
"13R-4",295,290
"13R-4",296,290
"13R-4",296,291
"13R-4",297,291
"13R-4",297,292
"13R-4",298,292
"13R-4",299,292
"13R-4",300,293
"13R-4",301,293
"13R-4",301,294
"13R-4",302,294
"13R-4",303,294
"13R-4",303,295
"13R-4",304,295
"13R-4",305,296
"13R-4",306,296
"13R-4",307,297
"13R-4",308,297
"13R-4",309,298
"13R-4",310,298
"13R-4",311,299
"13R-4",312,299
"13R-4",313,299
"13R-4",314,300
"13R-4",315,300
"13R-4",316,300
"13R-4",317,300
"13R-4",318,300
"13R-4",319,300
"13R-4",320,300
"13R-4",321,300
"13R-4",322,300
"13R-4",323,300
"13R-4",323,301
"13R-4",324,301
"13R-4",325,301
"13R-4",326,301
"13R-4",327,302
"13R-4",328,302
"13R-4",328,303
"13R-4",329,304
"13R-4",330,305
"13R-4",331,305
"13R-4",332,305
"13R-4",332,306
"13R-4",333,306
"13R-4",334,306
"13R-4",335,306
"13R-4",336,306
"13R-4",337,306
"13R-4",338,306
"13R-4",339,306
"13R-4",338,307
"13R-4",337,307
"13R-4",337,308
"13R-4",337,309
"13R-4",336,309
"13R-4",336,308
"13R-4",335,308
"13R-4",334,308
"13R-4",333,308
"13R-4",333,307
"13R-4",332,307
"13R-4",331,307
"13R-4",330,307
"13R-4",329,307
"13R-4",328,307
"13R-4",327,306
"13R-4",326,306
"13R-4",325,306
"13R-4",325,305
"13R-4",324,305
"13R-4",323,305
"13R-4",323,304
"13R-4",322,304
"13R-4",321,304
"13R-4",321,303
"13R-4",320,303
"13R-4",319,302
"13R-4",318,302
"13R-4",317,302
"13R-4",316,302
"13R-4",316,301
"13R-4",317,301
"13R-4",320,302
"13R-4",322,303
"13R-4",324,304
"13R-4",326,305
"13R-4",332,309
"13R-4",336,311
"13R-4",338,312
"13R-4",341,311
"13R-4",343,307
"13R-4",344,307
"13R-4",344,306
"13R-4",345,305
"13R-4",346,303
"13R-4",347,302
"13R-4",347,301
"13R-4",347,300
"13R-4",348,298
"13R-4",347,298
"13R-4",346,296
"13R-4",345,296
"13R-4",344,296
"13R-4",344,299
"13R-4",343,299
"13R-4",342,300
"13R-4",341,300
"66A",453,400
"66A",453,401
"66A",453,402
"66A",454,384
"66A",454,385
"66A",454,386
"66A",454,387
"66A",454,388
"66A",454,389
"66A",454,390
"66A",454,391
"66A",454,392
"66A",454,393
"66A",454,394
"66A",454,395
"66A",454,396
"66A",454,397
"66A",454,398
"66A",454,399
"66A",455,384
"66A",455,385
"66A",455,386
"66A",455,387
"66A",455,388
"66A",455,389
"66A",455,390
"66A",455,391
"66A",455,392
"66A",455,393
"66A",455,394
"66A",455,395
"66A",455,396
"66A",455,397
"66A",456,388
"66A",456,389
"66A",456,390
"66A",456,391
"66A",456,392
"66A",456,393
"66A",456,394
"66A",456,395
"66A",456,396
"66A",457,387
"66A",457,388
"66A",457,389
"66A",457,390
"66A",457,391
"66A",457,392
"66A",457,393
"66A",457,394
"66A",458,387
"66A",458,388
"66A",458,389
"66A",458,390
"66A",458,391
"66A",458,392
"66A",458,393
"66A",459,387
"66A",459,388
"66A",459,389
"66A",460,388
"66A",462,387
"66A",453,403
"66A",446,413
"66A",447,412
"66A",445,415
"66A",446,414
"66A",444,418
"66A",447,413
"66A",445,416
"66A",446,388
"66A",448,412
"66A",448,413
"66A",446,390
"66A",462,388
"66A",442,427
"66A",441,428
"66A",441,429
"66A",440,430
"66A",440,431
"66A",439,432
"66A",438,433
"66A",437,433
"66A",437,434
"66A",436,433
"66A",435,433
"66A",436,431
"66A",436,432
"66A",437,429
"66A",437,430
"66A",437,431
"66A",437,432
"66A",438,428
"66A",438,429
"66A",438,430
"66A",438,431
"66A",438,432
"66A",439,428
"66A",439,429
"66A",439,430
"66A",439,431
"66A",440,426
"66A",440,427
"66A",440,428
"66A",440,429
"66A",441,424
"66A",441,425
"66A",441,426
"66A",441,427
"66A",442,423
"66A",442,424
"66A",442,425
"66A",442,426
"66A",443,420
"66A",443,421
"66A",443,422
"66A",443,423
"66A",443,424
"66A",443,425
"66A",444,419
"66A",444,420
"66A",444,421
"66A",444,422
"66A",444,423
"66A",445,417
"66A",445,418
"66A",445,419
"66A",445,420
"66A",445,421
"66A",446,415
"66A",446,416
"66A",446,417
"66A",446,418
"66A",446,419
"66A",447,414
"66A",447,415
"66A",447,416
"66A",447,417
"66A",447,418
"66A",448,414
"66A",448,415
"66A",448,416
"66A",449,410
"66A",449,411
"66A",449,412
"66A",449,413
"66A",449,414
"66A",450,409
"66A",450,410
"66A",450,411
"66A",450,412
"66A",451,407
"66A",451,408
"66A",451,409
"66A",451,410
"66A",452,406
"66A",452,407
"66A",452,408
"66A",453,404
"66A",453,405
"66A",453,406
"66A",453,407
"66A",454,402
"66A",454,403
"66A",454,404
"66A",455,401
"66A",455,402
"66A",455,403
"66A",456,399
"66A",456,400
"66A",456,401
"66A",456,402
"66A",457,398
"66A",457,399
"66A",457,400
"1A",398,28
"1A",398,29
"1A",398,30
"1A",398,31
"1A",398,32
"1A",399,11
"1A",399,12
"1A",399,13
"1A",399,14
"1A",399,15
"1A",399,16
"1A",399,17
"1A",399,18
"1A",399,19
"1A",399,20
"1A",399,21
"1A",399,22
"1A",399,23
"1A",399,24
"1A",399,25
"1A",399,26
"1A",399,27
"1A",399,28
"1A",399,29
"1A",399,30
"1A",399,31
"1A",399,32
"1A",400,10
"1A",400,11
"1A",400,12
"1A",400,13
"1A",400,14
"1A",400,15
"1A",400,16
"1A",400,17
"1A",400,18
"1A",400,19
"1A",400,20
"1A",400,21
"1A",400,22
"1A",400,23
"1A",400,24
"1A",400,25
"1A",400,26
"1A",400,27
"1A",400,28
"1A",400,29
"1A",400,30
"1A",400,31
"1A",400,32
"1A",401,8
"1A",401,9
"1A",401,10
"1A",401,11
"1A",401,12
"1A",401,13
"1A",401,14
"1A",401,15
"1A",401,16
"1A",401,17
"1A",401,18
"1A",401,19
"1A",401,20
"1A",401,21
"1A",401,22
"1A",401,23
"1A",401,24
"1A",401,25
"1A",401,26
"1A",401,27
"1A",401,28
"1A",401,29
"1A",401,30
"1A",402,6
"1A",402,7
"1A",402,8
"1A",402,9
"1A",402,10
"1A",402,11
"1A",402,12
"1A",402,13
"1A",402,14
"1A",402,15
"1A",402,16
"1A",402,17
"1A",402,18
"1A",402,19
"1A",402,20
"1A",402,21
"1A",402,22
"1A",402,23
"1A",402,24
"1A",402,25
"1A",402,26
"1A",402,27
"1A",402,28
"1A",403,5
"1A",403,6
"1A",403,7
"1A",403,8
"1A",403,9
"1A",403,10
"1A",403,11
"1A",403,12
"1A",403,13
"1A",403,14
"1A",403,15
"1A",403,16
"1A",403,17
"1A",403,18
"1A",403,19
"1A",403,20
"1A",403,21
"1A",403,22
"1A",403,23
"1A",403,24
"1A",403,25
"1A",403,26
"1A",403,27
"1A",404,3
"1A",404,4
"1A",404,5
"1A",404,6
"1A",404,7
"1A",404,8
"1A",404,9
"1A",404,10
"1A",404,11
"1A",404,12
"1A",404,13
"1A",404,14
"1A",404,15
"1A",404,16
"1A",404,17
"1A",404,18
"1A",404,19
"1A",404,20
"1A",404,21
"1A",404,22
"1A",404,23
"1A",404,24
"1A",404,25
"1A",404,26
"1A",404,27
"1A",405,3
"1A",405,4
"1A",405,5
"1A",405,6
"1A",405,7
"1A",405,8
"1A",405,9
"1A",405,10
"1A",405,11
"1A",405,12
"1A",405,13
"1A",405,14
"1A",405,15
"1A",405,16
"1A",405,17
"1A",405,18
"1A",405,19
"1A",405,20
"1A",405,21
"1A",405,22
"1A",405,23
"1A",405,24
"1A",406,1
"1A",406,2
"1A",406,3
"1A",406,4
"1A",406,5
"1A",406,6
"1A",406,7
"1A",406,8
"1A",406,9
"1A",406,10
"1A",406,11
"1A",406,12
"1A",406,13
"1A",406,14
"1A",406,15
"1A",406,16
"1A",406,17
"1A",406,18
"1A",406,19
"1A",406,20
"1A",406,21
"1A",406,22
"1A",406,23
"1A",406,24
"1A",407,2
"1A",407,3
"1A",407,4
"1A",407,5
"1A",407,6
"1A",407,7
"1A",407,8
"1A",407,9
"1A",407,10
"1A",407,11
"1A",407,12
"1A",407,13
"1A",407,14
"1A",407,15
"1A",407,16
"1A",407,17
"1A",407,18
"1A",407,19
"1A",407,20
"1A",407,21
"1A",407,22
"1A",408,-1
"1A",408,2
"1A",408,3
"1A",408,4
"1A",408,5
"1A",408,6
"1A",408,7
"1A",408,8
"1A",408,9
"1A",408,10
"1A",408,11
"1A",408,12
"1A",408,13
"1A",408,14
"1A",408,15
"1A",408,16
"1A",408,17
"1A",408,18
"1A",408,19
"1A",408,20
"1A",408,21
"1A",409,2
"1A",409,3
"1A",409,4
"1A",409,5
"1A",409,6
"1A",409,7
"1A",409,8
"1A",409,9
"1A",409,10
"1A",409,11
"1A",409,12
"1A",409,13
"1A",409,14
"1A",409,15
"1A",409,16
"1A",409,17
"1A",409,18
"1A",409,19
"1A",410,1
"1A",410,2
"1A",410,3
"1A",410,4
"1A",410,5
"1A",410,6
"1A",410,7
"1A",410,8
"1A",410,9
"1A",410,10
"1A",410,11
"1A",410,12
"1A",410,13
"1A",410,14
"1A",410,15
"1A",410,16
"1A",411,2
"1A",411,3
"1A",411,4
"1A",411,5
"1A",411,6
"1A",411,7
"1A",411,8
"1A",411,9
"1A",411,10
"1A",411,11
"1A",411,12
"1A",411,13
"1A",411,14
"1A",411,15
"1A",412,2
"1A",412,3
"1A",412,4
"1A",412,5
"1A",412,6
"1A",412,7
"1A",412,8
"1A",412,9
"1A",412,10
"1A",412,11
"1A",412,12
"1A",412,13
"1A",413,4
"1A",413,5
"1A",413,6
"1A",413,7
"1A",413,8
"1A",413,9
"1A",413,10
"1A",413,11
"1A",414,4
"1A",414,5
"1A",414,6
"1A",414,7
"1A",414,8
"1A",414,9
"1A",415,5
"1A",415,6
"1A",415,7
"1A",417,4
"1A",417,5
"1A",416,5
"1A",416,6
"1A",416,7
"1A",415,8
"1A",415,9
"1A",414,10
"1A",414,11
"1A",413,12
"1A",413,13
"1A",412,14
"1A",407,23
"1A",411,16
"1A",410,17
"1A",410,18
"1A",395,32
"1A",402,32
"1A",401,33
"1A",396,33
"1A",394,32
"1A",397,34
"1A",395,33
"1A",389,29
"1A",392,31
"1A",398,35
"3",390,30
"3",390,31
"3",391,31
"3",391,32
"3",392,32
"3",393,32
"3",393,33
"3",394,33
"3",394,34
"3",395,34
"3",396,34
"3",396,35
"3",397,35
"3",397,36
"3",398,36
"3",397,39
"3",395,43
"3",394,42
"3",394,41
"3",393,41
"3",392,41
"3",391,41
"3",391,40
"3",390,40
"3",390,39
"3",389,38
"3",389,37
"3",388,37
"3",388,36
"3",388,35
"3",388,34
"3",388,33
"3",388,32
"3",388,31
"3",389,31
"3",389,30
"3",389,32
"3",389,33
"3",389,34
"3",389,35
"3",389,36
"3",390,32
"3",390,33
"3",390,34
"3",390,35
"3",390,36
"3",390,37
"3",390,38
"3",391,33
"3",391,34
"3",391,35
"3",391,36
"3",391,37
"3",391,38
"3",391,39
"3",392,33
"3",392,34
"3",392,35
"3",392,36
"3",392,37
"3",392,38
"3",392,39
"3",392,40
"3",393,34
"3",393,35
"3",393,36
"3",393,37
"3",393,38
"3",393,39
"3",393,40
"3",394,35
"3",394,36
"3",394,37
"3",394,38
"3",394,39
"3",394,40
"3",395,35
"3",395,36
"3",395,37
"3",395,38
"3",395,39
"3",395,40
"3",395,41
"3",395,42
"3",396,36
"3",396,37
"3",396,38
"3",396,39
"3",396,40
"3",396,41
"3",397,37
"3",397,38
"3",393,42
"3",392,42
"3",391,42
"3",390,42
"3",389,42
"3",388,42
"3",388,41
"3",387,41
"3",387,40
"3",386,40
"3",385,40
"3",385,39
"3",385,38
"3",385,37
"3",385,36
"3",386,36
"3",386,35
"3",386,34
"3",387,34
"3",387,33
"3",386,37
"3",386,38
"3",386,39
"3",387,35
"3",387,36
"3",387,37
"3",387,38
"3",387,39
"3",388,38
"3",388,39
"3",388,40
"3",389,39
"3",389,40
"3",389,41
"3",390,41
"3",385,41
"3",386,41
"3",387,42
"3",386,42
"3",387,43
"3",386,43
"3",388,43
"3",388,44
"3",387,44
"3",389,44
"3",389,43
"3",390,43
"3",384,37
"3",384,38
"3",384,39
"3",383,39
"3",383,38
"5",448,64
"5",449,64
"5",450,65
"5",451,65
"5",452,66
"5",456,68
"5",453,67
"5",455,68
"5",445,61
"5",447,62
"5",448,63
"5",444,62
"5",445,63
"5",447,63
"5",449,65
"5",451,66
"5",452,67
"5",454,68
"5",453,66
"5",454,67
"5",455,67
"5",457,68
"5",457,69
"5",458,69
"5",458,70
"5",459,70
"5",460,70
"5",460,71
"5",461,71
"5",462,71
"5",462,72
"5",463,72
"5",464,73
"5",466,74
"5",468,75
"5",469,76
"5",470,76
"5",471,77
"5",474,79
"5",475,80
"5",475,81
"5",460,72
"5",461,72
"5",463,73
"5",464,74
"5",465,74
"5",467,75
"5",468,76
"5",469,77
"5",470,77
"5",471,78
"5",472,78
"5",472,79
"5",473,79
"5",464,89
"5",469,92
"5",468,92
"5",470,92
"5",476,81
"5",476,82
"5",449,76
"5",448,75
"5",447,74
"5",446,74
"5",451,80
"5",430,64
"5",430,66
"5",430,65
"5",430,67
"5",442,72
"5",475,84
"23",469,113
"23",468,113
"23",468,112
"23",467,112
"23",466,111
"23",465,110
"23",464,110
"23",463,110
"23",463,109
"23",462,109
"23",462,108
"23",461,108
"23",460,107
"23",459,107
"23",457,106
"23",455,105
"23",452,103
"23",451,103
"23",450,102
"23",449,102
"23",448,101
"23",448,100
"23",447,100
"23",447,99
"23",446,99
"23",444,98
"23",443,98
"23",443,97
"23",442,98
"23",441,98
"23",440,98
"23",439,98
"23",439,97
"23",438,97
"23",438,96
"23",437,97
"23",437,96
"23",436,96
"23",436,95
"23",435,95
"23",435,96
"23",435,97
"23",434,97
"23",434,98
"23",434,99
"23",433,98
"23",433,99
"23",433,100
"23",432,100
"23",432,101
"23",432,102
"23",431,102
"23",433,102
"23",434,102
"23",434,103
"23",435,103
"23",436,103
"23",436,104
"23",437,104
"23",438,104
"23",438,105
"23",439,105
"23",439,106
"23",440,106
"23",441,106
"23",441,107
"23",442,107
"23",443,107
"23",443,108
"23",444,108
"23",445,108
"23",445,109
"23",446,109
"23",447,109
"23",447,110
"23",446,110
"23",448,110
"23",448,111
"23",449,111
"23",449,112
"23",450,112
"23",451,112
"23",451,113
"23",452,113
"23",453,113
"23",453,114
"23",452,114
"23",454,113
"23",454,114
"23",455,114
"23",454,115
"23",455,115
"23",456,115
"23",455,116
"23",457,116
"23",458,116
"23",459,116
"23",456,116
"23",459,117
"23",460,117
"23",461,117
"23",461,118
"23",462,118
"23",462,119
"23",463,119
"23",464,119
"23",464,120
"23",465,120
"23",465,119
"23",466,119
"23",466,118
"23",466,117
"23",467,116
"23",468,115
"23",469,115
"23",469,114
"23",433,101
"23",434,100
"23",434,101
"23",435,98
"23",435,99
"23",435,100
"23",435,101
"23",435,102
"23",436,97
"23",436,98
"23",436,99
"23",436,100
"23",436,101
"23",436,102
"23",437,98
"23",437,99
"23",437,100
"23",437,101
"23",437,102
"23",437,103
"23",438,98
"23",438,99
"23",438,100
"23",438,101
"23",438,102
"23",438,103
"23",439,99
"23",439,100
"23",439,101
"23",439,102
"23",439,103
"23",439,104
"23",440,99
"23",440,100
"23",440,101
"23",440,102
"23",440,103
"23",440,104
"23",440,105
"23",441,99
"23",441,100
"23",441,101
"6",477,82
"6",477,81
"6",478,82
"6",479,82
"6",480,82
"6",480,83
"6",480,81
"6",481,81
"6",482,80
"6",482,79
"6",483,78
"6",483,77
"6",484,76
"6",484,75
"6",485,75
"6",485,74
"6",486,74
"6",486,73
"6",486,72
"6",487,72
"6",488,71
"6",488,70
"6",488,69
"6",489,68
"6",489,67
"6",490,66
"6",491,66
"6",491,65
"6",491,64
"6",492,64
"6",492,63
"6",492,62
"6",493,62
"6",493,61
"6",494,61
"6",493,60
"6",492,60
"6",492,59
"6",491,59
"6",494,55
"6",495,55
"6",496,56
"6",497,56
"6",497,57
"6",498,57
"6",499,57
"6",500,58
"6",501,59
"6",503,60
"6",499,68
"6",492,80
"6",491,81
"6",491,82
"6",487,88
"6",486,88
"6",485,88
"6",484,88
"6",484,87
"6",483,87
"6",483,86
"6",482,86
"6",481,86
"6",480,86
"6",480,85
"6",479,85
"6",479,84
"6",478,84
"6",478,83
"6",477,83
"6",479,83
"6",480,84
"6",481,80
"6",481,82
"6",481,83
"6",481,84
"6",481,85
"6",482,78
"6",482,81
"6",482,82
"6",482,83
"6",482,84
"6",482,85
"6",483,76
"6",483,79
"6",483,80
"6",483,81
"6",483,82
"6",483,83
"6",483,84
"6",483,85
"6",484,77
"6",484,78
"6",484,79
"6",484,80
"6",484,81
"6",484,82
"6",484,83
"6",484,84
"6",484,85
"6",484,86
"6",485,76
"6",485,77
"6",485,78
"6",485,79
"6",485,80
"6",485,81
"6",485,82
"6",485,83
"6",485,84
"6",485,85
"6",485,86
"6",485,87
"6",486,75
"6",486,76
"6",486,77
"6",486,78
"6",486,79
"6",486,80
"6",486,81
"6",486,82
"6",486,83
"6",486,84
"6",486,85
"6",486,86
"6",486,87
"6",487,71
"6",487,73
"6",487,74
"6",487,75
"6",487,76
"6",487,77
"6",487,78
"6",487,79
"6",487,80
"6",487,81
"6",487,82
"6",487,83
"6",487,84
"6",487,85
"6",487,86
"6",487,87
"6",488,68
"6",488,72
"6",488,73
"6",488,74
"6",488,75
"6",488,76
"6",488,77
"6",488,78
"6",488,79
"6",488,80
"6",488,81
"6",488,82
"6",488,83
"6",488,84
"6",488,85
"6",489,66
"6",489,69
"6",489,70
"6",489,71
"6",489,72
"6",489,73
"6",489,74
"6",489,75
"6",489,76
"6",489,77
"6",489,78
"6",489,79
"6",489,80
"6",489,81
"6",489,82
"6",489,83
"6",489,84
"6",490,67
"6",490,68
"6",490,69
"6",490,70
"6",490,71
"6",490,72
"6",490,73
"6",490,74
"6",490,75
"6",490,76
"6",490,77
"6",490,78
"6",490,79
"6",490,80
"6",490,81
"6",490,82
"6",490,83
"6",491,67
"6",491,68
"6",491,69
"6",491,70
"6",491,71
"6",491,72
"6",491,73
"6",491,74
"6",491,75
"6",491,76
"6",491,77
"6",491,78
"6",491,79
"6",491,80
"6",492,58
"6",492,65
"6",492,66
"6",492,67
"6",492,68
"6",492,69
"6",492,70
"6",492,71
"6",492,72
"6",492,73
"6",492,74
"6",492,75
"6",492,76
"6",492,77
"6",492,78
"6",492,79
"6",493,57
"6",493,58
"6",493,59
"6",493,63
"6",493,64
"6",493,65
"6",493,66
"6",493,67
"6",493,68
"6",493,69
"6",493,70
"6",493,71
"6",493,72
"6",493,73
"6",493,74
"6",493,75
"6",493,76
"6",493,77
"6",494,56
"6",494,57
"6",494,58
"6",494,59
"6",494,60
"6",494,62
"6",494,63
"6",494,64
"6",494,65
"6",494,66
"6",494,67
"6",494,68
"6",494,69
"6",494,70
"6",494,71
"6",494,72
"6",494,73
"6",494,74
"6",494,75
"6",494,76
"6",495,56
"6",495,57
"6",495,58
"6",495,59
"6",495,60
"6",495,61
"6",495,62
"6",495,63
"6",495,64
"6",495,65
"6",495,66
"6",495,67
"6",495,68
"6",495,69
"6",495,70
"6",495,71
"6",495,72
"6",495,73
"6",495,74
"6",496,57
"6",496,58
"6",496,59
"6",496,60
"6",496,61
"6",496,62
"6",496,63
"6",496,64
"6",496,65
"6",496,66
"6",496,67
"6",496,68
"6",496,69
"6",496,70
"6",496,71
"6",496,72
"6",497,58
"6",497,59
"6",497,60
"6",497,61
"6",497,62
"6",497,63
"6",497,64
"6",497,65
"6",497,66
"6",497,67
"6",497,68
"6",497,69
"6",497,70
"6",498,58
"6",498,59
"6",498,60
"6",498,61
"6",498,62
"6",498,63
"6",498,64
"6",498,65
"6",498,66
"6",498,67
"6",498,68
"6",498,69
"6",498,70
"6",499,58
"6",499,59
"6",499,60
"6",499,61
"6",499,62
"6",499,63
"6",499,64
"6",499,65
"6",499,66
"6",499,67
"6",500,59
"6",500,60
"6",500,61
"6",500,62
"6",500,63
"6",500,64
"6",500,65
"6",500,66
"6",501,60
"6",501,61
"6",501,62
"6",501,63
"6",501,64
"6",501,65
"6",502,60
"6",502,61
"6",502,62
"6",502,63
"6",503,61
"6",491,58
"6",491,57
"6",492,57
"6",492,56
"6",492,55
"6",493,55
"6",493,56
"6",488,86
"6",497,71
"6",496,73
"6",493,78
"6",497,72
"6",495,75
"6",494,77
"6",486,89
"6",486,90
"6",485,90
"6",485,91
"6",485,92
"6",484,92
"6",484,93
"6",484,94
"6",483,94
"6",482,94
"6",482,93
"6",481,93
"6",480,93
"6",479,92
"6",478,92
"6",477,91
"6",476,91
"6",475,91
"6",475,90
"6",474,90
"6",474,89
"6",473,89
"6",473,88
"6",474,88
"6",474,87
"6",474,86
"6",475,86
"6",475,85
"6",476,85
"6",476,84
"6",476,83
"6",477,85
"6",478,85
"6",475,87
"6",475,88
"6",475,89
"6",476,86
"6",476,87
"6",476,88
"6",476,89
"6",476,90
"6",477,86
"6",477,87
"6",477,88
"6",477,89
"6",477,90
"6",478,86
"6",478,87
"6",478,88
"6",478,89
"6",478,90
"6",478,91
"6",479,86
"6",479,87
"6",479,88
"6",479,89
"6",479,90
"6",479,91
"6",480,87
"6",480,88
"6",480,89
"6",480,90
"6",480,91
"6",480,92
"6",481,87
"6",481,88
"6",481,89
"6",481,90
"6",481,91
"6",481,92
"6",482,87
"6",482,88
"6",482,89
"6",482,90
"6",482,91
"6",482,92
"6",483,88
"6",483,89
"6",483,90
"6",483,91
"6",483,92
"6",483,93
"6",484,89
"6",484,90
"6",484,91
"6",485,89
"6",477,84
"6",479,93
"6",478,93
"6",477,92
"6",481,94
"6",489,85
"6",489,86
"6",488,87
"6",487,89
"6",486,91
"6",485,93
"6",488,88
"6",490,84
"6",487,90
"6",486,92
"6",491,56
"6",503,62
"6",503,63
"6",502,64
"6",502,65
"6",501,66
"6",500,67
"6A",504,61
"6A",505,62
"6A",506,62
"6A",507,62
"6A",507,61
"6A",508,61
"6A",509,61
"6A",511,62
"6A",512,63
"6A",513,63
"6A",513,64
"6A",512,64
"6A",512,65
"6A",511,65
"6A",511,66
"6A",511,67
"6A",510,67
"6A",510,68
"6A",508,70
"6A",508,71
"6A",508,72
"6A",507,73
"6A",506,73
"6A",506,74
"6A",506,75
"6A",505,75
"6A",505,76
"6A",505,77
"6A",504,77
"6A",504,78
"6A",504,79
"6A",503,80
"6A",503,81
"6A",502,82
"6A",501,83
"6A",501,84
"6A",500,84
"6A",500,85
"6A",499,86
"6A",499,87
"6A",498,88
"6A",498,89
"6A",497,90
"6A",496,91
"6A",495,93
"6A",494,95
"6A",493,96
"6A",493,97
"6A",492,97
"6A",492,98
"6A",492,99
"6A",491,100
"6A",491,101
"6A",490,102
"6A",489,102
"6A",489,101
"6A",488,101
"6A",488,100
"6A",488,99
"6A",487,99
"6A",487,100
"6A",486,100
"6A",486,99
"6A",485,99
"6A",485,98
"6A",484,98
"6A",484,97
"6A",484,96
"6A",485,96
"6A",486,95
"6A",487,95
"6A",488,94
"6A",489,93
"6A",490,93
"6A",491,92
"6A",492,91
"6A",492,90
"6A",492,89
"6A",493,88
"6A",493,87
"6A",494,86
"6A",494,85
"6A",495,84
"6A",495,83
"6A",496,82
"6A",496,81
"6A",497,80
"6A",498,79
"6A",499,78
"6A",499,77
"6A",499,76
"6A",500,75
"6A",501,74
"6A",502,73
"6A",502,72
"6A",503,71
"6A",503,70
"6A",503,69
"6A",504,68
"6A",504,67
"6A",504,66
"6A",504,65
"6A",504,64
"6A",504,63
"6A",504,62
"6A",485,95
"6A",485,97
"6A",486,96
"6A",486,97
"6A",486,98
"6A",487,94
"6A",487,96
"6A",487,97
"6A",487,98
"6A",488,93
"6A",488,95
"6A",488,96
"6A",488,97
"6A",488,98
"6A",489,94
"6A",489,95
"6A",489,96
"6A",489,97
"6A",489,98
"6A",489,99
"6A",489,100
"6A",490,92
"6A",490,94
"6A",490,95
"6A",490,96
"6A",490,97
"6A",490,98
"6A",490,99
"6A",490,100
"6A",490,101
"6A",491,91
"6A",491,93
"6A",491,94
"6A",491,95
"6A",491,96
"6A",491,97
"6A",491,98
"6A",491,99
"6A",492,92
"6A",492,93
"6A",492,94
"6A",492,95
"6A",492,96
"6A",493,86
"6A",493,89
"6A",493,90
"6A",493,91
"6A",493,92
"6A",493,93
"6A",493,94
"6A",493,95
"6A",494,84
"6A",494,87
"6A",494,88
"6A",494,89
"6A",494,90
"6A",494,91
"6A",494,92
"6A",494,93
"6A",494,94
"6A",495,82
"6A",495,85
"6A",495,86
"6A",495,87
"6A",495,88
"6A",495,89
"6A",495,90
"6A",495,91
"6A",495,92
"6A",496,80
"6A",496,83
"6A",496,84
"6A",496,85
"6A",496,86
"6A",496,87
"6A",496,88
"6A",496,89
"6A",496,90
"6A",497,79
"6A",497,81
"6A",497,82
"6A",497,83
"6A",497,84
"6A",497,85
"6A",497,86
"6A",497,87
"6A",497,88
"6A",497,89
"6A",498,78
"6A",498,80
"6A",498,81
"6A",498,82
"6A",498,83
"6A",498,84
"6A",498,85
"6A",498,86
"6A",498,87
"6A",499,79
"6A",499,80
"6A",499,81
"6A",499,82
"6A",499,83
"6A",499,84
"6A",499,85
"6A",500,74
"6A",500,76
"6A",500,77
"6A",500,78
"6A",500,79
"6A",500,80
"6A",500,81
"6A",500,82
"6A",500,83
"6A",501,73
"6A",501,75
"6A",501,76
"6A",501,77
"6A",501,78
"6A",501,79
"6A",501,80
"6A",501,81
"6A",501,82
"6A",502,71
"6A",502,74
"6A",502,75
"6A",502,76
"6A",502,77
"6A",502,78
"6A",502,79
"6A",502,80
"6A",502,81
"6A",503,72
"6A",503,73
"6A",503,74
"6A",503,75
"6A",503,76
"6A",503,77
"6A",503,78
"6A",503,79
"6A",504,69
"6A",504,70
"6A",504,71
"6A",504,72
"6A",504,73
"6A",504,74
"6A",504,75
"6A",504,76
"6A",505,63
"6A",505,64
"6A",505,65
"6A",505,66
"6A",505,67
"6A",505,68
"6A",505,69
"6A",505,70
"6A",505,71
"6A",505,72
"6A",505,73
"6A",505,74
"6A",506,63
"6A",506,64
"6A",506,65
"6A",506,66
"6A",506,67
"6A",506,68
"6A",506,69
"6A",506,70
"6A",506,71
"6A",506,72
"6A",507,63
"6A",507,64
"6A",507,65
"6A",507,66
"6A",507,67
"6A",507,68
"6A",507,69
"6A",507,70
"6A",507,71
"6A",508,62
"6A",508,63
"6A",508,64
"6A",508,65
"6A",508,66
"6A",508,67
"6A",508,68
"6A",508,69
"6A",509,62
"6A",509,63
"6A",509,64
"6A",509,65
"6A",510,66
"6A",511,63
"6A",511,64
"6A",507,72
"6A",511,68
"6A",510,69
"6A",510,70
"6A",507,74
"6A",507,75
"6A",506,76
"6A",505,78
"6A",485,94
"6A",486,94
"6A",486,93
"6A",487,93
"6A",487,92
"6A",487,91
"6A",488,91
"6A",488,90
"6A",489,89
"6A",489,90
"6A",488,89
"6A",489,88
"6A",489,87
"6A",490,87
"6A",490,86
"6A",491,86
"6A",491,85
"6A",490,85
"6A",491,84
"6A",492,84
"6A",492,83
"6A",491,83
"6A",492,82
"6A",492,81
"6A",492,80
"6A",493,81
"6A",493,80
"6A",493,79
"6A",494,79
"6A",494,78
"6A",495,78
"6A",495,77
"6A",495,76
"6A",496,76
"6A",497,76
"6A",497,75
"6A",496,75
"6A",496,74
"6A",497,74
"6A",497,73
"6A",498,73
"6A",499,73
"6A",499,72
"6A",499,71
"6A",498,71
"6A",498,72
"6A",499,70
"6A",499,69
"6A",500,69
"6A",501,69
"6A",501,68
"6A",500,68
"6A",502,68
"6A",501,67
"6A",502,67
"6A",502,66
"6A",503,66
"6A",503,65
"6A",503,64
"6A",488,92
"6A",489,91
"6A",489,92
"6A",490,88
"6A",490,89
"6A",490,90
"6A",490,91
"6A",491,87
"6A",491,88
"6A",491,89
"6A",491,90
"6A",492,85
"6A",492,86
"6A",492,87
"6A",492,88
"6A",493,82
"6A",493,83
"6A",493,84
"6A",493,85
"6A",494,80
"6A",494,81
"6A",494,82
"6A",494,83
"6A",495,79
"6A",495,80
"6A",495,81
"6A",496,77
"6A",496,78
"6A",496,79
"6A",497,77
"6A",497,78
"6A",498,74
"6A",498,75
"6A",498,76
"6A",498,77
"6A",499,74
"6A",499,75
"6A",500,70
"6A",500,71
"6A",500,72
"6A",500,73
"6A",501,70
"6A",501,71
"6A",501,72
"6A",502,69
"6A",502,70
"6A",503,67
"6A",503,68
"6A",507,60
"6A",508,60
"6A",510,61
"6A",510,62
"6A",512,66
"6A",509,71
"6A",508,73
"6A",509,70
"6A",509,69
"6A",509,68
"6A",509,67
"6A",509,66
"6A",510,64
"6A",510,63
"6A",510,65
"6A",500,86
"6A",499,88
"6A",498,90
"6A",497,91
"6A",496,92
"6A",495,94
"6A",484,99
"6A",484,95
"6A",483,95
"6A",483,96
"6A",483,98
"6A",483,97
"6A",492,100
"6A",492,101
"6A",493,98
"6A",497,92
"6A",496,93
"6A",495,95
"6A",494,96
"6A",494,97
"6A",493,99
"6A",491,102
"6A",505,61
"23",441,102
"23",441,103
"23",441,104
"23",441,105
"23",442,99
"23",442,100
"23",442,101
"23",442,102
"23",442,103
"23",442,104
"23",442,105
"23",442,106
"23",443,99
"23",443,100
"23",443,101
"23",443,102
"23",443,103
"23",443,104
"23",443,105
"23",443,106
"23",444,99
"23",444,100
"23",444,101
"23",444,102
"23",444,103
"23",444,104
"23",444,105
"23",444,106
"23",444,107
"23",445,99
"23",445,100
"23",445,101
"23",445,102
"23",445,103
"23",445,104
"23",445,105
"23",445,106
"23",445,107
"23",446,100
"23",446,101
"23",446,102
"23",446,103
"23",446,104
"23",446,105
"23",446,106
"23",446,107
"23",446,108
"23",447,101
"23",447,102
"23",447,103
"23",447,104
"23",447,105
"23",447,106
"23",447,107
"23",447,108
"23",448,102
"23",448,103
"23",448,104
"23",448,105
"23",448,106
"23",448,107
"23",448,108
"23",448,109
"23",449,103
"23",449,104
"23",449,105
"23",449,106
"23",449,107
"23",449,108
"23",449,109
"23",449,110
"23",450,103
"23",450,104
"23",450,105
"23",450,106
"23",450,107
"23",450,108
"23",450,109
"23",450,110
"23",450,111
"23",451,104
"23",451,105
"23",451,106
"23",451,107
"23",451,108
"23",451,109
"23",451,110
"23",451,111
"23",452,104
"23",452,105
"23",452,106
"23",452,107
"23",452,108
"23",452,109
"23",452,110
"23",452,111
"23",452,112
"23",453,104
"23",453,105
"23",453,106
"23",453,107
"23",453,108
"23",453,109
"23",453,110
"23",453,111
"23",453,112
"23",454,105
"23",454,106
"23",454,107
"23",454,108
"23",454,109
"23",454,110
"23",454,111
"23",454,112
"23",455,106
"23",455,107
"23",455,108
"23",455,109
"23",455,110
"23",455,111
"23",455,112
"23",455,113
"23",456,106
"23",456,107
"23",456,108
"23",456,109
"23",456,110
"23",456,111
"23",456,112
"23",456,113
"23",456,114
"23",457,107
"23",457,108
"23",457,109
"23",457,110
"23",457,111
"23",457,112
"23",457,113
"23",457,114
"23",457,115
"23",458,107
"23",458,108
"23",458,109
"23",458,110
"23",458,111
"23",458,112
"23",458,113
"23",458,114
"23",458,115
"23",459,108
"23",459,109
"23",459,110
"23",459,111
"23",459,112
"23",459,113
"23",459,114
"23",459,115
"23",460,108
"23",460,109
"23",460,110
"23",460,111
"23",460,112
"23",460,113
"23",460,114
"23",460,115
"23",460,116
"23",461,109
"23",461,110
"23",461,111
"23",461,112
"23",461,113
"23",461,114
"23",461,115
"23",461,116
"23",462,110
"23",462,111
"23",462,112
"23",462,113
"23",462,114
"23",462,115
"23",462,116
"23",462,117
"23",463,111
"23",463,112
"23",463,113
"23",463,114
"23",463,115
"23",463,116
"23",463,117
"23",463,118
"23",464,111
"23",464,112
"23",464,113
"23",464,114
"23",464,115
"23",464,116
"23",464,117
"23",464,118
"23",465,111
"23",465,112
"23",465,113
"23",465,114
"23",465,115
"23",465,116
"23",465,117
"23",465,118
"23",466,112
"23",466,113
"23",466,114
"23",466,115
"23",466,116
"23",467,113
"23",467,114
"23",467,115
"23",468,114
"23",467,117
"23",468,116
"23",449,101
"23",464,109
"23",467,111
"23",445,98
"23",451,102
"23",450,101
"23",453,103
"23",454,104
"23",455,104
"23",456,105
"23",457,105
"23",458,106
"23",459,106
"23",461,107
"23",452,102
"23",454,103
"23",464,121
"23",465,121
"23",469,112
"23",470,113
"29",534,171
"29",534,172
"29",535,170
"29",535,171
"29",535,172
"29",536,170
"29",536,171
"29",536,172
"29",536,173
"29",537,170
"29",537,171
"29",537,172
"29",537,173
"29",537,174
"29",538,170
"29",538,171
"29",538,172
"29",538,173
"29",538,174
"29",539,170
"29",539,171
"29",539,172
"29",539,173
"29",539,174
"29",539,175
"29",540,170
"29",540,171
"29",540,172
"29",540,173
"29",540,174
"29",540,175
"29",540,176
"29",541,170
"29",541,171
"29",541,172
"29",541,173
"29",541,174
"29",541,175
"29",541,176
"29",541,177
"29",542,170
"29",542,171
"29",542,172
"29",542,173
"29",542,174
"29",542,175
"29",542,176
"29",542,177
"29",542,178
"29",543,170
"3",382,38
"3",382,37
"3",381,37
"3",381,38
"3",380,37
"3",380,36
"3",399,36
"3",398,37
"3",398,38
"3",399,37
"3",398,39
"3",397,40
"3",397,41
"3",396,42
"29",543,171
"29",543,172
"29",543,173
"29",543,174
"29",543,175
"29",543,176
"29",543,177
"29",543,178
"29",543,179
"29",544,171
"29",544,172
"29",544,173
"29",544,174
"29",544,175
"29",544,176
"29",544,177
"29",544,178
"29",544,179
"29",544,180
"29",545,171
"29",545,172
"29",545,173
"29",545,174
"29",545,175
"29",545,176
"29",545,177
"29",545,178
"29",545,179
"29",545,180
"29",545,181
"29",545,182
"29",546,171
"29",546,172
"29",546,173
"29",546,174
"29",546,175
"29",546,176
"29",546,177
"29",546,178
"29",546,179
"29",546,180
"29",546,181
"29",546,182
"29",546,183
"29",546,184
"29",546,185
"29",546,186
"29",546,187
"29",546,188
"29",546,189
"29",546,190
"29",546,191
"29",546,192
"29",546,197
"29",546,198
"29",546,199
"29",547,172
"29",547,173
"29",547,174
"29",547,175
"29",547,176
"29",547,177
"29",547,178
"29",547,179
"29",547,180
"29",547,181
"29",547,182
"24",493,128
"24",490,136
"24",489,136
"24",488,136
"24",488,135
"24",487,135
"24",486,135
"24",485,134
"24",485,133
"24",486,132
"24",486,131
"24",486,130
"24",486,129
"24",487,129
"24",487,128
"24",487,127
"24",487,126
"24",487,125
"24",485,132
"24",486,133
"24",486,134
"24",487,130
"24",487,131
"24",487,132
"24",487,133
"24",487,134
"24",488,126
"24",488,127
"24",488,128
"24",488,129
"24",488,130
"24",488,131
"24",488,132
"24",488,133
"24",488,134
"24",489,126
"24",489,127
"24",489,128
"24",489,129
"24",489,130
"24",489,131
"24",489,132
"24",489,133
"24",489,134
"24",489,135
"24",490,127
"24",490,128
"24",490,129
"24",490,130
"24",490,131
"24",490,132
"24",490,133
"24",490,134
"24",490,135
"24",491,127
"24",491,128
"24",491,129
"24",491,130
"24",491,131
"24",491,132
"24",491,133
"24",491,134
"24",492,128
"24",492,129
"24",492,130
"24",492,131
"24",492,132
"24",492,133
"24",493,129
"24",493,130
"24",493,131
"24",493,132
"24",494,129
"24",494,130
"24",495,130
"24",487,136
"24",489,137
"24",484,134
"24",484,133
"24",483,133
"24",483,132
"24",482,132
"24",481,132
"24",481,131
"24",480,131
"24",479,131
"24",479,130
"24",478,130
"24",477,129
"24",476,129
"24",475,129
"24",475,128
"24",474,128
"24",473,128
"24",473,127
"24",472,127
"24",471,127
"24",471,126
"24",471,125
"24",470,125
"24",469,125
"24",469,124
"24",468,124
"24",468,123
"24",467,123
"24",466,123
"24",465,123
"24",465,122
"24",466,122
"24",466,121
"24",466,120
"24",467,120
"24",467,119
"24",467,118
"24",468,118
"24",468,117
"24",469,117
"24",469,116
"24",470,116
"24",470,115
"24",471,116
"24",472,117
"24",472,116
"24",473,117
"24",474,117
"24",475,118
"24",474,118
"24",474,119
"24",474,120
"24",475,120
"24",475,121
"24",476,121
"24",476,122
"24",477,122
"24",478,123
"24",479,124
"24",480,124
"24",481,125
"24",482,125
"24",483,125
"24",483,126
"24",484,127
"24",485,127
"24",486,128
"24",467,121
"24",467,122
"24",468,119
"24",468,120
"24",468,121
"24",468,122
"24",469,118
"24",469,119
"24",469,120
"24",469,121
"24",469,122
"24",469,123
"24",470,117
"24",470,118
"24",470,119
"24",470,120
"24",470,121
"24",470,122
"24",470,123
"24",470,124
"24",471,117
"24",471,118
"24",471,119
"24",471,120
"24",471,121
"24",471,122
"24",471,123
"24",471,124
"24",472,118
"24",472,119
"24",472,120
"24",472,121
"24",472,122
"24",472,123
"24",472,124
"24",472,125
"24",472,126
"24",473,118
"24",473,119
"24",473,120
"24",473,121
"24",473,122
"24",473,123
"24",473,124
"24",473,125
"24",473,126
"24",474,121
"24",474,122
"24",474,123
"24",474,124
"24",474,125
"24",474,126
"24",474,127
"24",475,122
"24",475,123
"24",475,124
"24",475,125
"24",475,126
"24",475,127
"24",476,123
"24",476,124
"24",476,125
"24",476,126
"24",476,127
"24",476,128
"24",477,123
"24",477,124
"24",477,125
"24",477,126
"24",477,127
"24",477,128
"24",478,124
"24",478,125
"24",478,126
"24",478,127
"24",478,128
"24",478,129
"24",479,125
"24",479,126
"24",479,127
"24",479,128
"24",479,129
"24",480,125
"24",480,126
"24",480,127
"24",480,128
"24",480,129
"24",480,130
"24",481,126
"24",481,127
"24",481,128
"24",481,129
"24",481,130
"24",482,126
"24",482,127
"24",482,128
"24",482,129
"24",482,130
"24",482,131
"24",483,127
"24",483,128
"24",483,129
"24",483,130
"24",483,131
"24",484,128
"24",484,129
"24",484,130
"24",484,131
"24",484,132
"24",485,128
"24",485,129
"24",485,130
"24",485,131
"24",476,120
"24",477,120
"24",478,120
"24",478,121
"24",479,121
"24",479,122
"24",480,122
"24",481,123
"24",482,123
"24",483,123
"24",483,124
"24",484,124
"24",485,124
"24",486,125
"24",477,121
"24",480,123
"24",482,124
"24",484,125
"24",485,125
"24",485,126
"24",486,126
"24",484,126
"24",481,124
"24",479,123
"24",486,127
"24",478,122
"24",486,124
"24",484,123
"24",481,122
"24",482,122
"24",481,121
"24",480,121
"24",479,120
"24",477,119
"24",476,119
"24",475,119
"24",467,124
"24",470,126
"24",477,130
"24",493,133
"24",493,134
"24",492,134
"24",492,135
"24",490,137
"24",491,135
"24",491,136
"24",495,131
"24",495,132
"24",494,132
"24",494,133
"24",494,131
"27",491,138
"27",492,138
"27",492,139
"27",493,139
"27",494,139
"27",495,140
"27",496,141
"27",497,141
"27",498,141
"27",498,142
"27",499,142
"27",499,143
"27",500,143
"27",501,143
"27",501,142
"27",502,142
"27",503,142
"27",503,143
"27",504,143
"27",504,144
"27",504,145
"27",505,145
"27",505,146
"27",506,146
"27",507,146
"27",507,147
"27",508,147
"27",508,148
"27",509,148
"27",509,149
"27",510,150
"27",511,150
"27",512,150
"27",513,150
"27",513,151
"27",514,151
"27",515,151
"27",516,152
"27",517,152
"27",517,153
"27",518,153
"27",519,153
"27",519,154
"27",520,154
"27",521,154
"27",521,155
"27",522,155
"27",523,155
"27",523,156
"27",524,156
"27",525,156
"27",525,155
"27",526,155
"27",526,154
"27",527,154
"27",527,153
"27",528,153
"27",528,152
"27",529,152
"27",529,151
"27",529,150
"27",530,150
"27",530,149
"27",529,149
"27",529,148
"27",528,148
"27",527,148
"27",527,147
"27",526,147
"27",525,146
"27",524,146
"27",524,145
"27",523,145
"27",522,145
"27",522,144
"27",521,144
"27",521,143
"27",520,143
"27",519,143
"27",519,142
"27",518,142
"27",518,141
"27",517,141
"27",517,140
"27",516,140
"27",515,140
"27",515,139
"27",514,139
"27",513,139
"27",512,139
"27",511,138
"27",510,138
"27",510,137
"27",509,137
"27",508,137
"27",508,136
"27",507,136
"27",506,136
"27",506,135
"27",505,135
"27",505,134
"27",504,134
"27",504,133
"27",503,133
"27",503,132
"27",502,132
"27",501,132
"27",501,131
"27",500,131
"27",499,131
"27",499,130
"27",498,130
"27",497,130
"27",496,130
"27",496,131
"27",496,132
"27",496,133
"27",495,133
"27",495,134
"27",495,135
"27",494,135
"27",493,135
"27",493,136
"27",492,136
"27",492,137
"27",491,137
"27",493,137
"27",493,138
"27",494,136
"27",494,137
"27",494,138
"27",495,136
"27",495,137
"27",495,138
"27",495,139
"27",496,134
"27",496,135
"27",496,136
"27",496,137
"27",496,138
"27",496,139
"27",496,140
"27",497,131
"27",497,132
"27",497,133
"27",497,134
"27",497,135
"27",497,136
"27",497,137
"27",497,138
"27",497,139
"27",497,140
"27",498,131
"27",498,132
"27",498,133
"27",498,134
"27",498,135
"27",498,136
"27",498,137
"27",498,138
"27",498,139
"27",498,140
"27",499,132
"27",499,133
"27",499,134
"27",499,135
"27",499,136
"27",499,137
"27",499,138
"27",499,139
"27",499,140
"27",499,141
"27",500,132
"27",500,133
"27",500,134
"27",500,135
"27",500,136
"27",500,137
"27",500,138
"27",500,139
"27",500,140
"27",500,141
"27",500,142
"27",501,133
"27",501,134
"27",501,135
"27",501,136
"27",501,137
"27",501,138
"20",417,88
"20",416,87
"20",416,86
"20",415,86
"20",415,85
"20",415,84
"20",414,84
"20",414,83
"20",413,83
"20",413,82
"20",412,82
"20",411,82
"20",411,81
"20",410,81
"20",409,81
"20",409,80
"20",408,80
"20",408,79
"20",407,78
"20",407,77
"20",406,77
"20",405,77
"20",404,76
"20",403,76
"20",402,76
"20",402,75
"20",401,75
"20",400,75
"20",400,74
"20",399,74
"20",398,74
"20",397,73
"20",396,72
"20",395,72
"20",394,71
"20",393,71
"20",392,70
"20",391,70
"20",391,71
"20",391,72
"20",390,73
"20",390,74
"20",390,75
"20",389,76
"20",389,77
"20",390,77
"20",391,77
"20",391,78
"20",392,78
"20",409,91
"20",410,91
"20",411,91
"20",412,91
"20",413,91
"20",413,90
"20",414,90
"20",414,89
"20",415,89
"20",416,89
"20",416,88
"20",389,75
"20",390,72
"20",390,76
"20",391,73
"20",391,74
"20",391,75
"20",391,76
"20",392,71
"20",392,72
"20",392,73
"20",392,74
"20",392,75
"20",392,76
"20",392,77
"20",393,72
"20",393,73
"20",393,74
"20",393,75
"20",393,76
"20",393,77
"20",393,78
"20",393,79
"20",394,72
"20",394,73
"20",394,74
"20",394,75
"20",394,76
"20",394,77
"20",394,78
"20",394,79
"20",395,73
"20",395,74
"20",395,75
"20",395,76
"20",395,77
"20",395,78
"20",395,79
"20",395,80
"20",396,73
"20",396,74
"20",396,75
"20",396,76
"20",396,77
"20",396,78
"20",396,79
"20",396,80
"20",397,74
"20",397,75
"20",397,76
"20",397,77
"20",397,78
"20",397,79
"20",397,80
"20",398,75
"20",398,76
"20",398,77
"20",398,78
"20",398,79
"20",398,80
"20",398,81
"20",399,75
"20",399,76
"20",399,77
"20",399,78
"20",399,79
"20",399,80
"20",399,81
"20",399,82
"20",400,76
"20",400,77
"20",400,78
"20",400,79
"20",400,80
"20",400,81
"20",400,82
"20",400,83
"20",401,76
"20",401,77
"20",401,78
"20",401,79
"20",401,80
"20",401,81
"20",401,82
"20",401,83
"20",401,84
"20",402,77
"20",402,78
"20",402,79
"20",402,80
"20",402,81
"20",402,82
"20",402,83
"20",402,84
"20",402,85
"20",403,77
"20",403,78
"20",403,79
"20",403,80
"20",403,81
"20",403,82
"20",403,83
"20",403,84
"20",403,85
"20",403,86
"20",404,77
"20",404,78
"20",404,79
"20",404,80
"20",404,81
"20",404,82
"20",404,83
"20",404,84
"20",404,85
"20",404,86
"20",404,87
"20",405,78
"20",405,79
"20",405,80
"20",405,81
"20",405,82
"20",405,83
"20",405,84
"20",405,85
"20",405,86
"20",405,87
"20",406,78
"20",406,79
"20",406,80
"20",406,81
"20",406,82
"20",406,83
"20",406,84
"20",406,85
"20",406,86
"20",406,87
"20",406,88
"20",407,79
"20",407,80
"20",407,81
"20",407,82
"20",407,83
"20",407,84
"20",407,85
"20",407,86
"20",407,87
"20",407,88
"20",407,89
"20",408,81
"20",408,82
"20",408,83
"20",408,84
"20",408,85
"20",408,86
"20",408,87
"20",408,88
"20",408,89
"20",408,90
"20",409,82
"20",409,83
"20",409,84
"20",409,85
"20",409,86
"20",409,87
"20",409,88
"20",409,89
"20",409,90
"20",410,82
"20",410,83
"20",410,84
"20",410,85
"20",410,86
"20",410,87
"20",410,88
"20",410,89
"20",410,90
"20",411,83
"20",411,84
"20",411,85
"20",411,86
"20",411,87
"20",411,88
"20",411,89
"20",411,90
"20",412,83
"20",412,84
"20",412,85
"20",412,86
"20",412,87
"20",412,88
"20",412,89
"20",412,90
"20",413,84
"20",413,85
"20",413,86
"20",413,87
"20",413,88
"20",413,89
"20",414,85
"20",414,86
"20",414,87
"20",414,88
"20",415,87
"20",415,88
"20",388,76
"20",383,74
"20",382,73
"20",381,72
"20",380,72
"20",378,71
"20",384,74
"20",386,75
"20",376,70
"20",350,47
"20",351,48
"20",352,48
"20",353,48
"20",354,48
"20",355,48
"20",356,48
"20",357,48
"20",358,48
"20",359,48
"20",359,49
"20",360,49
"20",361,50
"20",362,51
"20",362,52
"20",361,52
"20",361,53
"20",361,54
"20",362,54
"20",363,54
"20",364,54
"20",364,55
"20",367,57
"20",367,58
"20",368,58
"20",369,58
"20",370,58
"20",371,58
"20",372,58
"20",372,59
"20",373,59
"20",374,59
"20",375,60
"20",376,61
"20",377,61
"20",377,62
"20",378,62
"20",378,63
"20",379,63
"20",380,63
"20",380,64
"20",381,64
"20",382,64
"20",382,65
"20",383,65
"20",384,66
"20",385,66
"20",385,67
"20",385,68
"20",385,69
"20",386,69
"20",387,69
"20",387,70
"20",388,70
"20",388,69
"20",389,68
"20",389,69
"20",390,70
"20",390,71
"20",351,49
"20",352,49
"20",352,50
"20",353,49
"20",353,50
"20",353,51
"20",354,49
"20",354,50
"20",354,51
"20",354,52
"20",354,53
"20",354,54
"20",354,55
"20",354,56
"20",355,49
"20",355,50
"20",355,51
"20",355,52
"20",355,53
"20",355,54
"20",355,55
"20",355,56
"20",355,57
"20",356,49
"20",356,50
"20",356,51
"20",356,52
"20",356,53
"20",356,54
"20",356,55
"20",356,56
"20",356,57
"20",356,58
"20",357,49
"20",357,50
"20",357,51
"20",357,52
"20",357,53
"20",357,54
"20",357,55
"20",357,56
"20",357,57
"20",357,58
"20",358,49
"20",358,50
"20",358,51
"20",358,52
"20",358,53
"20",358,54
"20",358,55
"20",358,56
"20",358,57
"20",358,58
"20",358,59
"20",359,50
"20",359,51
"20",359,52
"20",359,53
"20",359,54
"20",359,55
"20",359,56
"20",359,57
"20",359,58
"20",359,59
"20",359,60
"20",360,50
"20",360,51
"20",360,52
"20",360,53
"20",360,54
"20",360,55
"20",360,56
"20",360,57
"20",360,58
"20",360,59
"20",360,60
"20",360,61
"20",361,51
"20",361,55
"20",361,56
"20",361,57
"20",361,58
"20",361,59
"20",361,60
"20",361,61
"20",362,55
"20",362,56
"20",362,57
"20",362,58
"20",362,59
"20",362,60
"20",362,61
"20",363,55
"20",363,56
"20",363,57
"20",363,58
"20",363,59
"20",363,60
"20",363,61
"20",363,62
"20",364,56
"20",364,57
"20",364,58
"20",364,59
"20",364,60
"20",364,61
"20",364,62
"20",364,63
"20",365,57
"20",365,58
"20",365,59
"20",365,60
"20",365,61
"20",365,62
"20",365,63
"20",366,57
"20",366,58
"20",366,59
"20",366,60
"20",366,61
"20",366,62
"20",366,63
"20",367,59
"20",367,60
"20",367,61
"20",367,62
"20",367,63
"20",367,64
"20",368,59
"20",368,60
"20",368,61
"20",368,62
"20",368,63
"20",368,64
"20",368,65
"20",369,59
"20",369,60
"20",369,61
"20",369,62
"20",369,63
"20",369,64
"20",369,65
"20",370,59
"20",370,60
"20",370,61
"20",370,62
"20",370,63
"20",370,64
"20",370,65
"20",371,59
"20",371,60
"20",371,61
"20",371,62
"20",371,63
"20",371,64
"20",371,65
"20",371,66
"20",372,60
"20",372,61
"20",372,62
"20",372,63
"20",372,64
"20",372,65
"20",372,66
"20",372,67
"20",373,60
"20",373,61
"20",373,62
"20",373,63
"20",373,64
"20",373,65
"20",373,66
"20",373,67
"20",374,60
"20",374,61
"20",374,62
"20",374,63
"20",374,64
"20",374,65
"20",374,66
"20",374,67
"20",374,68
"20",375,61
"20",375,62
"20",375,63
"20",375,64
"20",375,65
"20",375,66
"20",375,67
"20",375,68
"20",375,69
"20",376,62
"20",376,63
"20",376,64
"20",376,65
"20",376,66
"20",376,67
"20",376,68
"20",376,69
"20",377,63
"20",377,64
"20",377,65
"20",377,66
"20",377,67
"20",377,68
"20",377,69
"20",377,70
"20",378,64
"20",378,65
"20",378,66
"20",378,67
"20",378,68
"20",378,69
"20",378,70
"20",379,64
"20",379,65
"20",379,66
"20",379,67
"20",379,68
"20",379,69
"20",379,70
"20",379,71
"20",380,65
"20",380,66
"20",380,67
"20",380,68
"20",380,69
"20",380,70
"20",380,71
"20",381,65
"20",381,66
"20",381,67
"20",381,68
"20",381,69
"20",381,70
"20",381,71
"20",382,66
"20",382,67
"20",382,68
"20",382,69
"20",382,70
"20",382,71
"20",382,72
"20",383,66
"20",383,67
"20",383,68
"20",383,69
"20",383,70
"20",383,71
"20",383,72
"20",383,73
"20",384,67
"20",384,68
"20",384,69
"20",384,70
"20",384,71
"20",384,72
"20",384,73
"20",385,70
"20",385,71
"20",385,72
"20",385,73
"20",385,74
"20",386,70
"20",386,71
"20",386,72
"20",386,73
"20",386,74
"20",387,71
"20",387,72
"20",387,73
"20",387,74
"20",387,75
"20",388,71
"20",388,72
"20",388,73
"20",388,74
"20",388,75
"20",389,70
"20",389,71
"20",389,72
"20",389,73
"20",389,74
"20",370,57
"20",369,57
"20",368,57
"20",365,56
"20",365,55
"20",362,53
"20",356,47
"20",351,46
"20",351,47
"20",352,46
"20",352,47
"20",353,46
"20",353,47
"20",354,46
"20",354,47
"20",355,47
"20",363,52
"20",364,52
"20",365,53
"20",368,55
"20",370,56
"20",372,57
"20",373,58
"20",375,59
"20",376,60
"20",377,60
"20",377,59
"20",376,59
"20",374,58
"20",369,56
"20",368,56
"20",367,56
"20",366,55
"20",365,54
"20",363,53
"20",364,53
"20",367,55
"20",366,54
"20",366,56
"20",371,57
"20",378,61
"20",379,61
"20",379,62
"20",380,62
"20",385,65
"20",394,70
"20",395,70
"20",396,71
"20",397,71
"20",398,72
"20",398,73
"20",399,73
"20",401,74
"20",402,74
"20",403,75
"20",404,75
"20",405,75
"20",405,76
"20",406,76
"20",383,64
"20",384,65
"20",386,66
"20",386,67
"20",386,68
"20",390,69
"20",391,69
"20",393,70
"20",395,71
"20",397,72
"20",398,71
"20",399,72
"20",400,73
"20",401,73
"20",403,74
"20",408,77
"20",409,78
"20",409,79
"20",410,79
"20",410,80
"20",408,78
"20",353,52
"20",353,53
"20",353,54
"20",358,47
"20",357,47
"20",360,48
"20",359,47
"20",361,48
"20",362,49
"20",363,49
"20",363,50
"20",364,50
"20",364,51
"20",363,51
"20",362,50
"20",361,49
"20",378,60
"20",379,60
"20",380,61
"20",381,61
"20",381,62
"20",382,62
"20",382,63
"20",383,63
"20",381,63
"20",397,81
"20",397,82
"20",398,82
"20",411,80
"20",412,81
"20",414,82
"20",415,83
"20",416,84
"20",416,85
"20",417,85
"20",417,86
"20",418,86
"20",418,87
"20",417,87
"20",418,88
"20",412,80
"20",413,81
"20",350,46
"20",390,68
"20",392,69
"20",384,64
"20",387,68
"20",370,66
"13L-1",359,33
"13L-1",360,33
"13L-1",359,34
"13L-1",359,35
"13L-1",358,36
"13L-1",358,37
"13L-1",357,37
"13L-1",357,38
"13L-1",357,39
"13L-1",358,38
"13L-1",359,38
"13L-1",359,37
"13L-1",359,36
"13L-1",360,34
"13L-1",360,35
"13L-1",360,36
"13L-1",360,37
"13L-1",360,38
"13L-1",358,35
"13L-1",372,34
"13L-1",373,35
"13L-1",374,35
"13L-1",374,36
"13L-1",375,36
"13L-1",376,36
"13L-1",377,37
"13L-1",378,37
"13L-1",379,37
"13L-1",379,38
"13L-1",380,38
"13L-1",381,39
"13L-1",382,39
"13L-1",382,40
"13L-1",383,40
"13L-1",384,41
"13L-1",385,42
"13L-1",385,43
"13L-1",386,43
"13L-1",386,44
"13L-1",386,45
"13L-1",387,48
"13L-1",387,49
"13L-1",387,50
"13L-1",387,51
"13L-1",387,52
"13L-1",387,53
"13L-1",387,54
"13L-1",387,55
"13L-1",387,56
"13L-1",387,57
"13L-1",386,57
"13L-1",385,57
"13L-1",385,56
"13L-1",373,36
"13L-1",374,37
"13L-1",375,37
"13L-1",375,38
"13L-1",375,39
"13L-1",376,37
"13L-1",376,38
"13L-1",376,39
"13L-1",376,40
"13L-1",376,41
"13L-1",377,38
"13L-1",377,39
"13L-1",377,40
"13L-1",377,41
"13L-1",377,42
"13L-1",378,38
"13L-1",378,39
"13L-1",378,40
"13L-1",378,41
"13L-1",378,42
"13L-1",378,43
"13L-1",378,44
"13L-1",379,39
"13L-1",379,40
"13L-1",379,41
"13L-1",379,42
"13L-1",379,43
"13L-1",379,44
"13L-1",379,45
"13L-1",379,46
"13L-1",380,39
"13L-1",380,40
"13L-1",380,41
"13L-1",380,42
"13L-1",380,43
"13L-1",380,44
"13L-1",380,45
"13L-1",380,46
"13L-1",380,47
"13L-1",381,40
"13L-1",381,41
"13L-1",381,42
"13L-1",381,43
"13L-1",381,44
"13L-1",381,45
"13L-1",381,46
"13L-1",381,47
"13L-1",381,48
"13L-1",381,49
"13L-1",382,41
"13L-1",382,42
"13L-1",382,43
"13L-1",382,44
"13L-1",382,45
"13L-1",382,46
"13L-1",382,47
"13L-1",382,48
"13L-1",382,49
"13L-1",382,50
"13L-1",382,51
"13L-1",383,41
"13L-1",383,42
"13L-1",383,43
"13L-1",383,44
"13L-1",383,45
"13L-1",383,46
"13L-1",383,47
"13L-1",383,48
"13L-1",383,49
"13L-1",383,50
"13L-1",383,51
"13L-1",383,52
"13L-1",384,42
"13L-1",384,43
"13L-1",384,44
"13L-1",384,45
"13L-1",384,46
"13L-1",384,47
"13L-1",384,48
"13L-1",384,49
"13L-1",384,50
"13L-1",384,51
"13L-1",384,52
"13L-1",384,53
"13L-1",384,54
"13L-1",385,44
"13L-1",385,45
"13L-1",385,47
"13L-1",385,48
"13L-1",385,49
"13L-1",385,50
"13L-1",385,51
"13L-1",385,52
"13L-1",385,53
"13L-1",385,54
"13L-1",385,55
"13L-1",386,48
"13L-1",386,49
"13L-1",386,50
"13L-1",386,51
"13L-1",386,52
"13L-1",386,53
"13L-1",386,54
"13L-1",386,55
"13L-1",386,56
"13L-1",387,43
"13L-1",387,44
"13L-1",399,50
"13L-1",401,51
"13L-1",402,51
"13L-1",403,52
"13L-1",404,52
"13L-1",405,52
"13L-1",406,53
"13L-1",407,54
"13L-1",408,54
"13L-1",409,55
"13L-1",410,56
"13L-1",411,57
"13L-1",412,58
"13L-1",412,59
"13L-1",413,59
"13L-1",414,59
"13L-1",414,60
"13L-1",414,61
"13L-1",408,70
"13L-1",407,70
"13L-1",407,71
"13L-1",406,71
"13L-1",405,71
"13L-1",404,71
"13L-1",402,70
"13L-1",382,58
"13L-1",382,57
"13L-1",382,56
"13L-1",381,56
"13L-1",380,56
"13L-1",381,55
"13L-1",382,55
"13L-1",382,54
"13L-1",383,54
"13L-1",383,53
"13L-1",383,55
"13L-1",383,56
"13L-1",383,57
"13L-1",383,58
"13L-1",384,55
"13L-1",384,56
"13L-1",384,57
"13L-1",384,58
"13L-1",384,59
"13L-1",385,58
"13L-1",385,59
"13L-1",386,58
"13L-1",386,59
"13L-1",386,60
"13L-1",387,58
"13L-1",387,59
"13L-1",387,60
"13L-1",388,49
"13L-1",388,50
"13L-1",388,51
"13L-1",388,52
"13L-1",388,53
"13L-1",388,54
"13L-1",388,55
"13L-1",388,56
"13L-1",388,57
"13L-1",388,58
"13L-1",388,59
"13L-1",388,60
"13L-1",388,61
"13L-1",389,49
"13L-1",389,50
"13L-1",389,51
"13L-1",389,52
"13L-1",389,53
"13L-1",389,54
"13L-1",389,55
"13L-1",389,56
"13L-1",389,57
"13L-1",389,58
"13L-1",389,59
"13L-1",389,60
"13L-1",389,61
"13L-1",390,49
"13L-1",390,50
"13L-1",390,51
"13L-1",390,52
"13L-1",390,53
"13L-1",390,54
"13L-1",390,55
"13L-1",390,56
"13L-1",390,57
"13L-1",390,58
"13L-1",390,59
"13L-1",390,60
"13L-1",391,50
"13L-1",391,51
"13L-1",391,52
"13L-1",391,53
"13L-1",391,54
"13L-1",391,55
"13L-1",391,56
"13L-1",391,57
"13L-1",391,58
"13L-1",392,50
"13L-1",392,51
"13L-1",392,52
"13L-1",392,53
"13L-1",392,54
"13L-1",392,55
"13L-1",392,56
"13L-1",392,57
"13L-1",392,58
"13L-1",393,51
"13L-1",393,52
"13L-1",393,53
"13L-1",393,54
"13L-1",393,55
"13L-1",393,56
"13L-1",393,57
"13L-1",393,58
"13L-1",394,54
"13L-1",394,55
"13L-1",394,56
"13L-1",394,57
"13L-1",394,58
"13L-1",395,55
"13L-1",395,56
"13L-1",395,57
"13L-1",395,58
"13L-1",396,56
"13L-1",396,57
"13L-1",396,58
"13L-1",396,65
"13L-1",396,66
"13L-1",397,57
"13L-1",397,58
"13L-1",397,64
"13L-1",397,65
"13L-1",397,66
"13L-1",398,65
"13L-1",398,66
"13L-1",398,67
"13L-1",399,51
"13L-1",399,52
"13L-1",399,65
"13L-1",399,66
"13L-1",399,67
"13L-1",400,51
"13L-1",400,52
"13L-1",400,53
"13L-1",400,54
"13L-1",400,55
"13L-1",400,56
"13L-1",400,57
"13L-1",400,58
"13L-1",400,62
"13L-1",400,63
"13L-1",400,65
"13L-1",400,66
"13L-1",400,67
"13L-1",400,68
"13L-1",401,52
"13L-1",401,53
"13L-1",401,54
"13L-1",401,55
"13L-1",401,56
"13L-1",401,57
"13L-1",401,58
"13L-1",401,59
"13L-1",401,63
"13L-1",401,64
"13L-1",401,65
"13L-1",401,66
"13L-1",401,67
"13L-1",401,68
"13L-1",402,52
"13L-1",402,53
"13L-1",402,54
"13L-1",402,55
"13L-1",402,56
"13L-1",402,57
"13L-1",402,58
"13L-1",402,59
"13L-1",402,60
"13L-1",402,61
"13L-1",402,62
"13L-1",402,63
"13L-1",402,64
"13L-1",402,65
"13L-1",402,66
"13L-1",402,67
"13L-1",402,68
"13L-1",402,69
"13L-1",403,53
"13L-1",403,54
"13L-1",403,55
"13L-1",403,56
"13L-1",403,57
"13L-1",403,58
"13L-1",403,59
"13L-1",403,60
"13L-1",403,61
"13L-1",403,62
"13L-1",403,63
"13L-1",403,64
"13L-1",403,65
"13L-1",403,66
"13L-1",403,67
"13L-1",403,68
"13L-1",403,69
"13L-1",403,70
"13L-1",404,53
"13L-1",404,54
"13L-1",404,55
"13L-1",404,56
"13L-1",404,57
"13L-1",404,58
"13L-1",404,59
"13L-1",404,60
"13L-1",404,61
"13L-1",404,62
"13L-1",404,63
"13L-1",404,64
"13L-1",404,65
"13L-1",404,66
"13L-1",404,67
"13L-1",404,68
"13L-1",404,69
"13L-1",404,70
"13L-1",405,53
"13L-1",405,54
"13L-1",405,55
"13L-1",405,56
"13L-1",405,57
"13L-1",405,58
"13L-1",405,59
"13L-1",405,60
"13L-1",405,61
"13L-1",405,62
"13L-1",405,63
"13L-1",405,64
"13L-1",405,65
"13L-1",405,66
"13L-1",405,67
"13L-1",405,68
"13L-1",405,69
"13L-1",405,70
"13L-1",406,54
"13L-1",406,55
"13L-1",406,56
"13L-1",406,57
"13L-1",406,58
"13L-1",406,59
"13L-1",406,60
"13L-1",406,61
"13L-1",406,62
"13L-1",406,63
"13L-1",406,64
"13L-1",406,65
"13L-1",406,66
"13L-1",406,67
"13L-1",406,68
"13L-1",406,69
"13L-1",406,70
"13L-1",407,55
"13L-1",407,56
"13L-1",407,57
"13L-1",407,58
"13L-1",407,59
"13L-1",407,60
"13L-1",407,61
"13L-1",407,62
"13L-1",407,63
"13L-1",407,64
"13L-1",407,65
"13L-1",407,66
"13L-1",407,67
"13L-1",407,68
"13L-1",407,69
"13L-1",408,55
"13L-1",408,56
"13L-1",408,57
"13L-1",408,58
"13L-1",408,59
"13L-1",408,60
"13L-1",408,61
"13L-1",408,62
"13L-1",408,63
"13L-1",408,64
"13L-1",408,65
"13L-1",408,66
"13L-1",408,67
"13L-1",408,68
"13L-1",408,69
"13L-1",409,56
"13L-1",409,57
"13L-1",409,58
"13L-1",409,59
"13L-1",409,60
"13L-1",409,61
"13L-1",409,62
"13L-1",409,63
"13L-1",409,64
"13L-1",409,65
"13L-1",409,66
"13L-1",409,67
"13L-1",409,68
"13L-1",410,57
"13L-1",410,58
"13L-1",410,59
"13L-1",410,60
"13L-1",410,61
"13L-1",410,62
"13L-1",410,63
"13L-1",410,64
"13L-1",410,65
"13L-1",410,66
"13L-1",410,67
"13L-1",411,58
"13L-1",411,59
"13L-1",411,60
"13L-1",411,61
"13L-1",411,62
"13L-1",411,63
"13L-1",411,64
"13L-1",411,65
"13L-1",411,66
"13L-1",412,60
"13L-1",412,61
"13L-1",412,62
"13L-1",412,63
"13L-1",412,64
"13L-1",413,60
"13L-1",413,61
"13L-1",413,62
"13L-1",388,44
"13L-1",387,45
"13L-1",387,46
"13L-1",387,47
"13L-1",388,47
"13L-1",388,48
"13L-1",389,48
"13L-1",394,51
"13L-1",394,52
"13L-1",394,53
"13L-1",385,46
"13L-1",386,46
"13L-1",386,47
"13L-1",381,54
"13L-1",381,53
"13L-1",382,53
"13L-1",382,52
"13L-1",381,52
"13L-1",381,51
"13L-1",380,51
"13L-1",380,52
"13L-1",380,48
"13L-1",379,47
"13L-1",378,47
"13L-1",377,47
"13L-1",377,46
"13L-1",376,46
"13L-1",375,46
"13L-1",374,46
"13L-1",373,46
"13L-1",372,46
"13L-1",371,46
"13L-1",370,46
"13L-1",370,45
"13L-1",369,45
"13L-1",368,45
"13L-1",368,44
"13L-1",367,44
"13L-1",367,43
"13L-1",366,43
"13L-1",365,43
"13L-1",365,42
"13L-1",366,42
"13L-1",367,42
"13L-1",367,41
"13L-1",367,40
"13L-1",367,39
"13L-1",366,39
"13L-1",367,38
"13L-1",368,39
"13L-1",369,39
"13L-1",369,38
"13L-1",370,38
"13L-1",370,37
"13L-1",371,37
"13L-1",371,36
"13L-1",371,35
"13L-1",372,35
"13L-1",368,40
"13L-1",368,41
"13L-1",368,42
"13L-1",368,43
"13L-1",369,40
"13L-1",369,41
"13L-1",369,42
"13L-1",369,43
"13L-1",369,44
"13L-1",370,39
"13L-1",370,40
"13L-1",370,41
"13L-1",370,42
"13L-1",370,43
"13L-1",370,44
"13L-1",371,38
"13L-1",371,39
"13L-1",371,40
"13L-1",371,41
"13L-1",371,42
"13L-1",371,43
"13L-1",371,44
"13L-1",371,45
"13L-1",372,36
"13L-1",372,37
"13L-1",372,38
"13L-1",372,39
"13L-1",372,40
"13L-1",372,41
"13L-1",372,42
"13L-1",372,43
"13L-1",372,44
"13L-1",372,45
"13L-1",373,37
"13L-1",373,38
"13L-1",373,39
"13L-1",373,40
"13L-1",373,41
"13L-1",373,42
"13L-1",373,43
"13L-1",373,44
"13L-1",373,45
"13L-1",374,38
"13L-1",374,39
"13L-1",374,40
"13L-1",374,41
"13L-1",374,42
"13L-1",374,43
"13L-1",374,44
"13L-1",374,45
"13L-1",375,40
"13L-1",375,41
"13L-1",375,42
"13L-1",375,43
"13L-1",375,44
"13L-1",375,45
"13L-1",376,42
"13L-1",376,43
"13L-1",376,44
"13L-1",376,45
"13L-1",377,43
"13L-1",377,44
"13L-1",377,45
"13L-1",378,45
"13L-1",378,46
"13L-1",369,46
"13L-1",367,45
"13L-1",366,44
"13L-1",364,42
"13L-1",368,38
"13L-1",361,33
"13L-1",361,37
"13L-1",362,38
"13L-1",361,38
"13L-1",388,45
"13L-1",373,34
"13L-1",375,35
"13L-1",376,35
"13L-1",377,36
"13L-1",378,36
"13L-1",394,59
"13L-1",393,59
"13L-1",392,59
"13L-1",391,59
"13L-1",395,59
"13L-1",399,55
"13L-1",399,54
"13L-1",399,53
"13L-1",396,64
"13L-1",409,69
"13L-1",407,72
"13L-1",401,69
"13L-1",399,68
"13L-1",406,72
"13L-1",405,72
"13L-1",381,57
"13L-1",397,59
"13L-1",396,59
"13L-1",413,63
"27",501,139
"27",501,140
"27",501,141
"27",502,133
"27",502,134
"27",502,135
"27",502,136
"27",502,137
"27",502,138
"27",502,139
"27",502,140
"27",502,141
"27",503,134
"27",503,135
"27",503,136
"27",503,137
"27",503,138
"27",503,139
"27",503,140
"27",503,141
"27",504,135
"27",504,136
"27",504,137
"27",504,138
"27",504,139
"27",504,140
"27",504,141
"27",504,142
"27",505,136
"27",505,137
"27",505,138
"27",505,139
"27",505,140
"27",505,141
"27",505,142
"27",505,143
"27",505,144
"27",506,137
"27",506,138
"27",506,139
"27",506,140
"27",506,141
"27",506,142
"27",506,143
"27",506,144
"27",506,145
"27",507,137
"27",507,138
"27",507,139
"27",507,140
"27",507,141
"27",507,142
"27",507,143
"27",507,144
"27",507,145
"27",508,138
"27",508,139
"27",508,140
"27",508,141
"27",508,142
"27",508,143
"27",508,144
"27",508,145
"27",508,146
"27",509,138
"27",509,139
"27",509,140
"27",509,141
"27",509,142
"27",509,143
"27",509,144
"27",509,145
"27",509,146
"27",509,147
"27",510,139
"27",510,140
"27",510,141
"27",510,142
"27",510,143
"27",510,144
"27",510,145
"27",510,146
"27",510,147
"27",510,148
"27",510,149
"27",511,139
"27",511,140
"27",511,141
"27",511,142
"27",511,143
"27",511,144
"27",511,145
"27",511,146
"27",511,147
"27",511,148
"27",511,149
"27",512,140
"27",512,141
"27",512,142
"27",512,143
"27",512,144
"27",512,145
"27",512,146
"27",512,147
"27",512,148
"27",512,149
"27",513,140
"27",513,141
"27",513,142
"27",513,143
"27",513,144
"27",513,145
"27",513,146
"27",513,147
"27",513,148
"27",513,149
"27",514,140
"27",514,141
"27",514,142
"27",514,143
"27",514,144
"27",514,145
"27",514,146
"27",514,147
"27",514,148
"27",514,149
"27",514,150
"27",515,141
"27",515,142
"27",515,143
"27",515,144
"27",515,145
"27",515,146
"27",515,147
"27",515,148
"27",515,149
"27",515,150
"27",516,141
"27",516,142
"27",516,143
"27",516,144
"27",516,145
"27",516,146
"27",516,147
"27",516,148
"27",516,149
"27",516,150
"27",516,151
"27",517,142
"27",517,143
"27",517,144
"27",517,145
"27",517,146
"27",517,147
"27",517,148
"27",517,149
"27",517,150
"27",517,151
"27",518,143
"27",518,144
"27",518,145
"27",518,146
"27",518,147
"27",518,148
"27",518,149
"27",518,150
"27",518,151
"27",518,152
"27",519,144
"27",519,145
"27",519,146
"27",519,147
"27",519,148
"27",519,149
"27",519,150
"27",519,151
"27",519,152
"27",520,144
"27",520,145
"27",520,146
"27",520,147
"27",520,148
"27",520,149
"27",520,150
"27",520,151
"27",520,152
"27",520,153
"27",521,145
"27",521,146
"27",521,147
"27",521,148
"27",521,149
"27",521,150
"27",521,151
"27",521,152
"27",521,153
"27",522,146
"27",522,147
"27",522,148
"27",522,149
"27",522,150
"27",522,151
"27",522,152
"27",522,153
"27",522,154
"27",523,146
"27",523,147
"27",523,148
"27",523,149
"27",523,150
"27",523,151
"27",523,152
"27",523,153
"27",523,154
"27",524,147
"27",524,148
"27",524,149
"27",524,150
"27",524,151
"27",524,152
"27",524,153
"27",524,154
"27",524,155
"27",525,147
"27",525,148
"27",525,149
"27",525,150
"27",525,151
"27",525,152
"27",525,153
"27",525,154
"27",526,148
"27",526,149
"27",526,150
"27",526,151
"27",526,152
"27",526,153
"27",527,149
"27",527,150
"27",527,151
"27",527,152
"27",528,149
"27",528,150
"27",528,151
"27",506,134
"27",507,135
"27",509,136
"27",512,138
"27",494,134
"27",494,140
"27",520,142
"27",522,143
"27",523,144
"27",515,152
"27",516,153
"27",518,154
"27",522,156
"27",520,155
"27",526,146
"27",531,150
"27",531,151
"27",530,151
"27",530,152
"27",529,153
"27",528,154
"27",528,155
"27",527,155
"27",527,156
"27",526,156
"27",526,157
"27",526,158
"27",525,158
"27",525,157
"27",524,157
"27",523,157
"REL27",380,57
"REL27",380,58
"REL27",379,58
"REL27",379,59
"REL27",378,59
"REL27",377,59
"REL27",377,58
"REL27",376,58
"REL27",375,58
"REL27",375,57
"REL27",374,57
"REL27",373,57
"REL27",373,56
"REL27",372,56
"REL27",371,56
"REL27",371,55
"REL27",370,55
"REL27",369,55
"REL27",368,55
"REL27",368,54
"REL27",367,54
"REL27",367,53
"REL27",366,53
"REL27",366,52
"REL27",365,52
"REL27",365,51
"REL27",365,50
"REL27",365,49
"REL27",366,49
"REL27",366,48
"REL27",366,47
"REL27",367,47
"REL27",367,46
"REL27",368,46
"REL27",368,47
"REL27",368,48
"REL27",369,48
"REL27",370,48
"REL27",371,48
"REL27",370,47
"REL27",369,47
"REL27",372,48
"REL27",372,49
"REL27",373,50
"REL27",374,50
"REL27",375,50
"REL27",375,51
"REL27",376,51
"REL27",376,52
"REL27",377,52
"REL27",378,53
"REL27",379,53
"REL27",379,54
"REL27",380,54
"REL27",380,55
"REL27",379,57
"REL27",366,50
"REL27",366,51
"REL27",367,48
"REL27",367,49
"REL27",367,50
"REL27",367,51
"REL27",367,52
"REL27",368,49
"REL27",368,50
"REL27",368,51
"REL27",368,52
"REL27",368,53
"REL27",369,49
"REL27",369,50
"REL27",369,51
"REL27",369,52
"REL27",369,53
"REL27",369,54
"REL27",370,49
"REL27",370,50
"REL27",370,51
"REL27",370,52
"REL27",370,53
"REL27",370,54
"REL27",371,49
"REL27",371,50
"REL27",371,51
"REL27",371,52
"REL27",371,53
"REL27",371,54
"REL27",372,50
"REL27",372,51
"REL27",372,52
"REL27",372,53
"REL27",372,54
"REL27",372,55
"REL27",373,51
"REL27",373,52
"REL27",373,53
"REL27",373,54
"REL27",373,55
"REL27",374,51
"REL27",374,52
"REL27",374,53
"REL27",374,54
"REL27",374,55
"REL27",374,56
"REL27",375,52
"REL27",375,53
"REL27",375,54
"REL27",375,55
"REL27",375,56
"REL27",376,53
"REL27",376,54
"REL27",376,55
"REL27",376,56
"REL27",376,57
"REL27",377,53
"REL27",377,54
"REL27",377,55
"REL27",377,56
"REL27",377,57
"REL27",378,54
"REL27",378,55
"REL27",378,56
"REL27",378,57
"REL27",378,58
"REL27",379,55
"REL27",379,56
"REL27",380,50
"REL27",381,50
"REL27",380,49
"REL27",379,49
"REL27",379,48
"REL27",378,48
"REL27",377,48
"REL27",376,48
"REL27",376,47
"REL27",375,47
"REL27",374,47
"REL27",373,47
"REL27",372,47
"REL27",371,47
"REL27",379,52
"REL27",379,51
"REL27",379,50
"REL27",373,48
"REL27",373,49
"REL27",374,48
"REL27",374,49
"REL27",375,48
"REL27",375,49
"REL27",376,49
"REL27",376,50
"REL27",377,49
"REL27",377,50
"REL27",377,51
"REL27",378,49
"REL27",378,50
"REL27",378,51
"REL27",378,52
"REL27",380,53
"25",489,138
"25",490,138
"25",490,139
"25",489,139
"25",489,140
"25",489,141
"25",488,141
"25",488,142
"25",488,143
"25",487,143
"25",487,144
"25",487,145
"25",487,146
"25",486,146
"25",486,147
"25",486,148
"25",485,148
"25",484,148
"25",484,147
"25",483,147
"25",482,147
"25",481,147
"25",481,146
"25",480,146
"25",479,146
"25",479,145
"25",478,145
"25",478,144
"25",477,144
"25",476,144
"25",476,143
"25",475,143
"25",474,143
"25",474,142
"25",473,142
"25",473,141
"25",472,141
"25",471,141
"25",470,141
"25",470,140
"25",469,140
"25",469,139
"25",468,139
"25",468,138
"25",467,138
"25",466,138
"25",466,137
"25",465,137
"25",464,137
"25",463,136
"25",463,135
"25",462,135
"25",461,135
"25",461,134
"25",460,134
"25",460,133
"25",459,133
"25",458,133
"25",458,132
"25",459,132
"25",460,132
"25",460,131
"25",461,131
"25",461,130
"25",461,129
"25",462,129
"25",462,128
"25",463,128
"25",463,127
"25",463,126
"25",463,125
"25",464,125
"25",464,124
"25",465,124
"25",466,124
"25",466,125
"25",467,125
"25",468,125
"25",468,126
"25",469,126
"25",469,127
"25",470,127
"25",470,128
"25",471,128
"25",471,129
"25",472,129
"25",472,128
"25",474,129
"25",474,130
"25",475,130
"25",476,130
"25",476,131
"25",477,131
"25",478,131
"25",478,132
"25",479,132
"25",480,132
"25",480,133
"25",481,133
"25",482,133
"25",482,134
"25",483,134
"25",483,135
"25",483,136
"25",484,136
"25",484,135
"25",485,135
"25",485,136
"25",485,137
"25",486,137
"25",486,136
"25",487,137
"25",488,137
"25",488,138
"25",461,132
"25",461,133
"25",462,130
"25",462,131
"25",462,132
"25",462,133
"25",462,134
"25",463,129
"25",463,130
"25",463,131
"25",463,132
"25",463,133
"25",463,134
"25",464,126
"25",464,127
"25",464,128
"25",464,129
"25",464,130
"25",464,131
"25",464,132
"25",464,133
"25",464,134
"25",464,135
"25",464,136
"25",465,125
"25",465,126
"25",465,127
"25",465,128
"25",465,129
"25",465,130
"25",465,131
"25",465,132
"25",465,133
"25",465,134
"25",465,135
"25",465,136
"25",466,126
"25",466,127
"25",466,128
"25",466,129
"25",466,130
"25",466,131
"25",466,132
"25",466,133
"25",466,134
"25",466,135
"25",466,136
"25",467,126
"25",467,127
"25",467,128
"25",467,129
"25",467,130
"25",467,131
"25",467,132
"25",467,133
"25",467,134
"25",467,135
"25",467,136
"25",467,137
"25",468,127
"25",468,128
"25",468,129
"25",468,130
"25",468,131
"25",468,132
"25",468,133
"25",468,134
"25",468,135
"25",468,136
"25",468,137
"25",469,128
"25",469,129
"25",469,130
"25",469,131
"25",469,132
"25",469,133
"25",469,134
"25",469,135
"25",469,136
"25",469,137
"25",469,138
"25",470,129
"25",470,130
"25",470,131
"25",470,132
"25",470,133
"25",470,134
"25",470,135
"25",470,136
"25",470,137
"25",470,138
"25",470,139
"25",471,130
"25",471,131
"25",471,132
"25",471,133
"25",471,134
"25",471,135
"25",471,136
"25",471,137
"25",471,138
"25",471,139
"25",471,140
"25",472,130
"25",472,131
"25",472,132
"25",472,133
"25",472,134
"25",472,135
"25",472,136
"25",472,137
"25",472,138
"25",472,139
"25",472,140
"25",473,130
"25",473,131
"25",473,132
"25",473,133
"25",473,134
"25",473,135
"25",473,136
"25",473,137
"25",473,138
"25",473,139
"25",473,140
"25",474,131
"25",474,132
"25",474,133
"25",474,134
"25",474,135
"25",474,136
"25",474,137
"25",474,138
"25",474,139
"25",474,140
"25",474,141
"25",475,131
"25",475,132
"25",475,133
"25",475,134
"25",475,135
"25",475,136
"25",475,137
"25",475,138
"25",475,139
"25",475,140
"25",475,141
"25",475,142
"25",476,132
"25",476,133
"25",476,134
"25",476,135
"25",476,136
"25",476,137
"25",476,138
"25",476,139
"25",476,140
"25",476,141
"25",476,142
"25",477,132
"25",477,133
"25",477,134
"25",477,135
"25",477,136
"25",477,137
"25",477,138
"25",477,139
"25",477,140
"25",477,141
"25",477,142
"25",477,143
"25",478,133
"25",478,134
"25",478,135
"25",478,136
"25",478,137
"25",478,138
"25",478,139
"25",478,140
"25",478,141
"25",478,142
"25",478,143
"25",479,133
"25",479,134
"25",479,135
"25",479,136
"25",479,137
"25",479,138
"25",479,139
"25",479,140
"25",479,141
"25",479,142
"25",479,143
"25",479,144
"25",480,134
"25",480,135
"25",480,136
"25",480,137
"25",480,138
"25",480,139
"25",480,140
"25",480,141
"25",480,142
"25",480,143
"25",480,144
"25",480,145
"25",481,134
"25",481,135
"25",481,136
"25",481,137
"25",481,138
"25",481,139
"25",481,140
"25",481,141
"25",481,142
"25",481,143
"25",481,144
"25",481,145
"25",482,135
"25",482,136
"25",482,137
"25",482,138
"25",482,139
"25",482,140
"25",482,141
"25",482,142
"25",482,143
"25",482,144
"25",482,145
"25",482,146
"25",483,137
"25",483,138
"25",483,139
"25",483,140
"25",483,141
"25",483,142
"25",483,143
"25",483,144
"25",483,145
"25",483,146
"25",484,137
"25",484,138
"25",484,139
"25",484,140
"25",484,141
"REL32",444,93
"REL32",443,93
"REL32",443,94
"REL32",443,95
"REL32",443,96
"REL32",442,96
"REL32",442,97
"REL32",441,97
"REL32",440,97
"REL32",440,96
"REL32",439,96
"REL32",439,95
"REL32",438,95
"REL32",438,94
"REL32",437,94
"REL32",436,94
"REL32",435,94
"REL32",435,93
"REL32",434,93
"REL32",433,93
"REL32",433,92
"REL32",432,92
"REL32",432,91
"REL32",431,91
"REL32",431,90
"REL32",430,90
"REL32",429,90
"REL32",428,90
"REL32",427,89
"REL32",426,89
"REL32",425,88
"REL32",424,87
"REL32",424,86
"REL32",425,86
"REL32",425,85
"REL32",426,85
"REL32",426,84
"REL32",427,85
"REL32",428,85
"REL32",429,85
"REL32",430,85
"REL32",431,86
"REL32",432,87
"REL32",433,87
"REL32",433,88
"REL32",434,88
"REL32",434,89
"REL32",435,89
"REL32",436,89
"REL32",436,90
"REL32",437,90
"REL32",437,91
"REL32",438,91
"REL32",439,91
"REL32",439,92
"REL32",440,92
"REL32",441,92
"REL32",442,92
"REL32",443,92
"REL32",444,92
"REL32",425,87
"REL32",426,86
"REL32",426,87
"REL32",426,88
"REL32",427,86
"REL32",427,87
"REL32",427,88
"REL32",428,86
"REL32",428,87
"REL32",428,88
"REL32",428,89
"REL32",429,86
"REL32",429,87
"REL32",429,88
"REL32",429,89
"REL32",430,86
"REL32",430,87
"REL32",430,88
"REL32",430,89
"REL32",431,87
"REL32",431,88
"REL32",431,89
"REL32",432,88
"REL32",432,89
"REL32",432,90
"REL32",433,89
"REL32",433,90
"REL32",433,91
"REL32",434,90
"REL32",434,91
"REL32",434,92
"REL32",435,90
"REL32",435,91
"REL32",435,92
"REL32",436,91
"REL32",436,92
"REL32",436,93
"REL32",437,92
"REL32",437,93
"REL32",438,92
"REL32",438,93
"REL32",439,93
"REL32",439,94
"REL32",440,93
"REL32",440,94
"REL32",440,95
"REL32",441,93
"REL32",441,94
"REL32",441,95
"25",484,142
"25",484,143
"25",484,144
"25",484,145
"25",484,146
"25",485,138
"25",485,139
"25",485,140
"REL32",441,96
"REL32",442,93
"REL32",442,94
"REL32",442,95
"REL32",430,91
"REL32",429,91
"REL32",427,90
"REL32",437,95
"REL32",427,84
"REL32",428,84
"REL32",428,83
"REL32",429,83
"REL32",430,83
"REL32",429,82
"REL32",430,82
"REL32",431,83
"REL32",431,84
"REL32",432,84
"REL32",432,85
"REL32",432,86
"REL32",429,84
"REL32",430,84
"REL32",431,85
"REL32",433,84
"REL32",433,85
"REL32",433,86
"REL32",434,86
"REL32",434,87
"REL32",435,88
"REL32",436,88
"REL32",437,89
"REL32",438,89
"REL32",438,90
"REL32",439,90
"REL32",440,91
"REL32",441,91
"REL32",442,91
"REL32",443,91
"REL32",434,85
"REL32",435,86
"REL32",435,87
"REL32",436,86
"REL32",436,87
"REL32",437,87
"REL32",437,88
"REL32",438,88
"REL32",439,89
"REL32",440,89
"REL32",440,90
"REL32",441,90
"REL32",439,88
"REL32",440,88
"REL32",440,87
"REL32",439,87
"REL32",441,87
"REL32",442,87
"REL32",443,87
"REL32",444,87
"REL32",445,87
"REL32",445,88
"REL32",446,88
"REL32",442,86
"REL32",441,86
"REL32",440,86
"REL32",439,86
"REL32",438,86
"REL32",437,86
"REL32",438,87
"REL32",435,85
"REL32",436,85
"REL32",437,85
"REL32",438,85
"REL32",431,92
"REL32",434,94
"REL32",428,91
"7",497,93
"7",498,93
"7",499,93
"7",499,94
"7",500,94
"7",500,95
"7",501,95
"7",502,96
"7",503,96
"7",504,97
"7",505,98
"7",506,98
"7",507,99
"7",508,99
"7",513,102
"7",519,105
"7",520,106
"7",521,107
"7",522,108
"7",523,109
"7",524,109
"7",524,110
"7",523,110
"7",523,111
"7",523,112
"7",522,113
"7",522,114
"7",521,114
"7",521,115
"7",520,116
"7",520,117
"7",519,117
"7",519,118
"7",518,117
"7",517,117
"7",517,116
"7",516,116
"7",516,115
"7",515,115
"7",514,115
"7",514,114
"7",513,114
"7",513,113
"7",512,113
"7",511,113
"7",511,112
"7",510,112
"7",509,112
"7",508,112
"7",508,111
"7",507,111
"7",507,110
"7",506,110
"7",506,109
"7",505,109
"7",504,109
"7",504,108
"7",503,108
"7",502,107
"7",501,107
"7",501,106
"7",500,106
"7",500,105
"7",499,105
"7",499,104
"7",498,104
"7",497,104
"7",497,103
"7",497,102
"7",497,101
"7",497,100
"7",497,99
"7",497,98
"7",497,97
"7",497,96
"7",496,95
"7",496,94
"7",497,94
"7",497,95
"7",498,94
"7",498,95
"7",498,96
"7",498,97
"7",498,98
"7",498,99
"7",498,100
"7",498,101
"7",498,102
"7",498,103
"7",499,95
"7",499,96
"7",499,97
"7",499,98
"7",499,99
"7",499,100
"7",499,101
"7",499,102
"7",499,103
"7",500,96
"7",500,97
"7",500,98
"7",500,99
"7",500,100
"7",500,101
"7",500,102
"7",500,103
"7",500,104
"7",501,96
"7",501,97
"7",501,98
"7",501,99
"7",501,100
"7",501,101
"7",501,102
"7",501,103
"7",501,104
"7",501,105
"7",502,97
"7",502,98
"7",502,99
"7",502,100
"7",502,101
"7",502,102
"7",502,103
"7",502,104
"7",502,105
"7",502,106
"7",503,97
"7",503,98
"7",503,99
"7",503,100
"7",503,101
"7",503,102
"7",503,103
"7",503,104
"7",503,105
"7",503,106
"7",503,107
"7",504,98
"7",504,99
"7",504,100
"7",504,101
"7",504,102
"7",504,103
"7",504,104
"7",504,105
"7",504,106
"7",504,107
"7",505,99
"7",505,100
"7",505,101
"7",505,102
"7",505,103
"7",505,104
"7",505,105
"7",505,106
"7",505,107
"7",505,108
"7",506,99
"7",506,100
"7",506,101
"7",506,102
"7",506,103
"7",506,104
"7",506,105
"7",506,106
"7",506,107
"7",506,108
"7",507,100
"7",507,101
"7",507,102
"7",507,103
"7",507,104
"7",507,105
"7",507,106
"7",507,107
"7",507,108
"7",507,109
"7",508,100
"7",508,101
"7",508,102
"7",508,103
"7",508,104
"7",508,105
"7",508,106
"7",508,107
"7",508,108
"7",508,109
"7",508,110
"7",509,100
"7",509,101
"7",509,102
"7",509,103
"7",509,104
"7",509,105
"7",509,106
"7",509,107
"7",509,108
"7",509,109
"7",509,110
"7",509,111
"7",510,101
"7",510,102
"7",510,103
"7",510,104
"7",510,105
"7",510,106
"7",510,107
"7",510,108
"7",510,109
"7",510,110
"7",510,111
"7",511,101
"7",511,102
"7",511,103
"7",511,104
"7",511,105
"7",511,106
"7",511,107
"7",511,108
"7",511,109
"7",511,110
"7",511,111
"7",512,101
"7",512,102
"7",512,103
"7",512,104
"7",512,105
"7",512,106
"7",512,107
"7",512,108
"7",512,109
"7",512,110
"7",512,111
"7",512,112
"7",513,103
"7",513,104
"7",513,105
"7",513,106
"7",513,107
"7",513,108
"7",513,109
"7",513,110
"7",513,111
"7",513,112
"7",514,103
"7",514,104
"7",514,105
"7",514,106
"7",514,107
"7",514,108
"7",514,109
"7",514,110
"7",514,111
"7",514,112
"7",514,113
"7",515,104
"7",515,105
"7",515,106
"7",515,107
"7",515,108
"7",515,109
"7",515,110
"7",515,111
"7",515,112
"7",515,113
"7",515,114
"7",516,104
"7",516,105
"7",516,106
"7",516,107
"7",516,108
"7",516,109
"7",516,110
"7",516,111
"7",516,112
"7",516,113
"7",516,114
"7",517,104
"7",517,105
"7",517,106
"7",517,107
"7",517,108
"7",517,109
"7",517,110
"7",517,111
"7",517,112
"7",517,113
"7",517,114
"7",517,115
"7",518,105
"7",518,106
"7",518,107
"7",518,108
"7",518,109
"7",518,110
"7",518,111
"7",518,112
"7",518,113
"7",518,114
"7",518,115
"7",518,116
"7",519,106
"7",519,107
"7",519,108
"7",519,109
"7",519,110
"7",519,111
"7",519,112
"7",519,113
"7",519,114
"7",519,115
"7",519,116
"7",520,107
"7",520,108
"7",520,109
"7",520,110
"7",520,111
"7",520,112
"7",520,113
"7",520,114
"7",520,115
"7",521,108
"7",521,109
"7",521,110
"7",521,111
"7",521,112
"7",521,113
"7",522,109
"7",522,110
"7",522,111
"7",522,112
"7",501,94
"7",502,95
"7",504,96
"7",505,97
"7",507,98
"7",503,95
"7",509,99
"7",510,100
"7",511,100
"7",515,103
"7",524,111
"7",492,102
"7",493,102
"7",493,101
"7",493,100
"7",494,100
"7",494,99
"7",494,98
"7",495,98
"7",495,97
"7",495,96
"7",496,96
"7",500,107
"7",499,106
"7",498,105
"7",497,105
"7",496,104
"7",495,104
"7",495,103
"7",494,103
"7",494,102
"7",494,101
"7",495,99
"7",495,100
"7",495,101
"7",495,102
"7",496,97
"7",496,98
"7",496,99
"7",496,100
"7",496,101
"7",496,102
"7",496,103
"7",502,108
"7",503,109
"7",505,110
"7",506,111
"7",510,113
"7",512,114
"7",515,116
"7",522,107
"7",514,102
"7",521,106
"7",523,108
"7",521,116
"7",523,113
"7",522,115
"7",520,118
"REL33",500,108
"REL33",500,109
"REL33",500,110
"REL33",499,110
"REL33",499,111
"REL33",498,111
"REL33",498,110
"REL33",497,110
"REL33",497,109
"REL33",496,109
"REL33",496,108
"REL33",496,107
"REL33",496,106
"REL33",496,105
"REL33",497,106
"REL33",498,106
"REL33",498,107
"REL33",499,107
"REL33",499,108
"REL33",499,109
"REL33",497,107
"REL33",497,108
"REL33",498,108
"REL33",498,109
"REL33",495,105
"REL33",494,105
"REL33",494,104
"REL33",493,104
"REL33",493,103
"REL33",492,103
"REL33",491,103
"REL33",490,103
"REL33",489,103
"REL33",488,103
"REL33",488,102
"REL33",487,102
"REL33",487,101
"REL33",486,101
"REL33",485,101
"REL33",485,100
"REL33",484,100
"REL33",483,100
"REL33",483,99
"REL33",482,99
"REL33",482,98
"REL33",482,97
"REL33",482,96
"REL33",482,95
"REL33",481,95
"REL33",480,95
"REL33",480,96
"REL33",479,96
"REL33",479,97
"REL33",479,98
"REL33",478,98
"REL33",479,99
"REL33",480,99
"REL33",480,100
"REL33",481,100
"REL33",482,100
"REL33",482,101
"REL33",481,101
"REL33",483,101
"REL33",483,102
"REL33",484,102
"REL33",484,103
"REL33",484,104
"REL33",485,104
"REL33",485,105
"REL33",484,105
"REL33",484,106
"REL33",483,106
"REL33",485,106
"REL33",485,107
"REL33",486,107
"REL33",486,108
"REL33",487,108
"REL33",487,109
"REL33",488,109
"REL33",488,110
"REL33",488,111
"REL33",489,111
"REL33",490,111
"REL33",490,110
"REL33",490,109
"REL33",491,109
"REL33",492,109
"REL33",492,108
"REL33",493,108
"REL33",494,108
"REL33",495,108
"REL33",480,97
"REL33",480,98
"REL33",481,96
"REL33",481,97
"REL33",481,98
"REL33",481,99
"REL33",484,101
"REL33",485,102
"REL33",485,103
"REL33",486,102
"REL33",486,103
"REL33",486,104
"REL33",486,105
"REL33",486,106
"REL33",487,103
"REL33",487,104
"REL33",487,105
"REL33",487,106
"REL33",487,107
"REL33",488,104
"REL33",488,105
"REL33",488,106
"REL33",488,107
"REL33",488,108
"REL33",489,104
"REL33",489,105
"REL33",489,106
"REL33",489,107
"REL33",489,108
"REL33",489,109
"REL33",489,110
"REL33",490,104
"REL33",490,105
"REL33",490,106
"REL33",490,107
"REL33",490,108
"REL33",491,104
"REL33",491,105
"REL33",491,106
"REL33",491,107
"REL33",491,108
"REL33",492,104
"REL33",492,105
"REL33",492,106
"REL33",492,107
"REL33",493,105
"REL33",493,106
"REL33",493,107
"REL33",494,106
"REL33",494,107
"REL33",495,107
"REL33",495,106
"REL33",487,110
"REL33",489,112
"REL34",491,114
"REL34",490,114
"REL34",489,114
"REL34",489,113
"REL34",490,113
"REL34",488,113
"REL34",487,113
"REL34",486,113
"REL34",485,113
"REL34",484,113
"REL34",483,113
"REL34",482,113
"REL34",482,112
"REL34",481,112
"REL34",480,112
"REL34",480,111
"REL34",479,111
"REL34",478,111
"REL34",478,110
"REL34",477,110
"REL34",476,110
"REL34",476,109
"REL34",475,109
"REL34",473,111
"REL34",473,112
"REL34",472,112
"REL34",471,113
"REL34",471,114
"REL34",470,114
"REL34",471,115
"REL34",472,115
"REL34",473,115
"REL34",474,115
"REL34",474,116
"REL34",475,116
"REL34",476,116
"REL34",473,116
"REL34",475,117
"REL34",476,117
"REL34",477,117
"REL34",478,117
"REL34",478,118
"REL34",479,118
"REL34",479,119
"REL34",480,119
"REL34",480,120
"REL34",481,120
"REL34",482,120
"REL34",482,121
"REL34",483,121
"REL34",483,122
"REL34",484,122
"REL34",485,122
"REL34",485,123
"REL34",486,123
"REL34",487,123
"REL34",488,123
"REL34",488,122
"REL34",488,121
"REL34",488,120
"REL34",487,120
"REL34",487,119
"REL34",487,118
"REL34",486,118
"REL34",486,117
"REL34",486,116
"REL34",486,115
"REL34",486,114
"REL34",472,113
"REL34",472,114
"REL34",473,113
"REL34",473,114
"REL34",474,110
"REL34",474,111
"REL34",474,112
"REL34",474,113
"REL34",474,114
"REL34",475,110
"REL34",475,111
"REL34",475,112
"REL34",475,113
"REL34",475,114
"REL34",475,115
"REL34",476,111
"REL34",476,112
"REL34",476,113
"REL34",476,114
"REL34",476,115
"REL34",477,111
"REL34",477,112
"REL34",477,113
"REL34",477,114
"REL34",477,115
"REL34",477,116
"REL34",478,112
"REL34",478,113
"REL34",478,114
"REL34",478,115
"REL34",478,116
"REL34",479,112
"REL34",479,113
"REL34",479,114
"REL34",479,115
"REL34",479,116
"REL34",479,117
"REL34",480,113
"REL34",480,114
"REL34",480,115
"REL34",480,116
"REL34",480,117
"REL34",480,118
"REL34",481,113
"REL34",481,114
"REL34",481,115
"REL34",481,116
"REL34",481,117
"REL34",481,118
"REL34",481,119
"REL34",482,114
"REL34",482,115
"REL34",482,116
"REL34",482,117
"REL34",482,118
"REL34",482,119
"REL34",483,114
"REL34",483,115
"REL34",483,116
"REL34",483,117
"REL34",483,118
"REL34",483,119
"REL34",483,120
"REL34",484,114
"REL34",484,115
"REL34",484,116
"REL34",484,117
"REL34",484,118
"REL34",484,119
"REL34",484,120
"REL34",484,121
"REL34",485,114
"REL34",485,115
"REL34",485,116
"REL34",485,117
"REL34",485,118
"REL34",485,119
"REL34",485,120
"REL34",485,121
"REL34",486,119
"REL34",486,120
"REL34",486,121
"REL34",486,122
"REL34",487,121
"REL34",487,122
"REL34",487,114
"REL34",487,115
"REL34",487,116
"REL34",487,117
"REL34",488,118
"REL34",489,118
"REL34",489,119
"REL34",488,119
"REL34",488,117
"REL34",488,114
"REL34",477,118
"REL34",476,118
"REL34",478,119
"REL34",487,124
"REL34",489,121
"REL34",489,120
"13L-2",415,66
"13L-2",415,67
"13L-2",415,68
"13L-2",415,69
"13L-2",415,70
"13L-2",415,71
"13L-2",415,72
"13L-2",415,73
"13L-2",415,74
"13L-2",415,75
"13L-2",416,63
"13L-2",416,64
"13L-2",416,65
"13L-2",416,66
"13L-2",416,67
"13L-2",416,68
"13L-2",416,69
"13L-2",416,70
"13L-2",416,71
"13L-2",416,72
"13L-2",416,73
"13L-2",416,74
"13L-2",416,75
"13L-2",416,76
"13L-2",417,63
"13L-2",417,64
"13L-2",417,65
"13L-2",417,66
"13L-2",417,67
"13L-2",417,68
"13L-2",417,69
"13L-2",417,70
"13L-2",417,71
"13L-2",417,72
"13L-2",417,73
"13L-2",417,74
"13L-2",417,75
"13L-2",417,76
"13L-2",418,64
"13L-2",418,65
"13L-2",418,66
"13L-2",418,67
"13L-2",418,68
"13L-2",418,69
"13L-2",418,70
"13L-2",418,71
"13L-2",418,72
"13L-2",418,73
"13L-2",418,74
"13L-2",418,75
"13L-2",418,76
"13L-2",419,65
"13L-2",419,66
"13L-2",419,67
"13L-2",419,68
"13L-2",419,69
"13L-2",419,70
"13L-2",419,71
"13L-2",419,72
"13L-2",419,73
"13L-2",419,74
"13L-2",419,75
"13L-2",419,76
"13L-2",419,77
"13L-2",419,78
"13L-2",420,65
"13L-2",420,66
"13L-2",420,67
"13L-2",420,68
"13L-2",420,69
"13L-2",420,70
"13L-2",420,71
"13L-2",420,72
"13L-2",420,73
"13L-2",420,74
"13L-2",420,75
"13L-2",420,76
"13L-2",420,77
"13L-2",420,78
"13L-2",420,79
"13L-2",421,65
"13L-2",421,66
"13L-2",421,67
"13L-2",421,68
"13L-2",421,69
"13L-2",421,70
"13L-2",421,71
"13L-2",421,72
"13L-2",421,73
"13L-2",421,74
"13L-2",421,75
"13L-2",421,76
"13L-2",421,77
"13L-2",421,78
"13L-2",421,79
"13L-2",422,66
"13L-2",422,67
"13L-2",422,68
"13L-2",422,69
"13L-2",422,70
"13L-2",422,71
"13L-2",422,72
"13L-2",422,73
"13L-2",422,74
"13L-2",422,75
"13L-2",422,76
"13L-2",422,77
"13L-2",422,78
"13L-2",422,79
"13L-2",422,80
"13L-2",423,67
"13L-2",423,68
"13L-2",423,69
"13L-2",423,70
"13L-2",423,71
"13L-2",423,72
"13L-2",423,73
"13L-2",423,74
"13L-2",423,75
"13L-2",423,76
"13L-2",423,77
"13L-2",423,78
"13L-2",423,79
"13L-2",423,80
"13L-2",424,67
"13L-2",424,68
"13L-2",424,69
"13L-2",424,70
"13L-2",424,71
"13L-2",424,72
"13L-2",424,73
"13L-2",424,74
"13L-2",424,75
"13L-2",424,76
"13L-2",424,77
"13L-2",424,78
"13L-2",424,79
"13L-2",424,80
"13L-2",424,81
"13L-2",425,67
"13L-2",425,68
"13L-2",425,69
"13L-2",425,70
"13L-2",425,71
"13L-2",425,72
"13L-2",425,73
"13L-2",425,74
"13L-2",425,75
"13L-2",425,76
"13L-2",425,77
"13L-2",425,78
"13L-2",425,79
"13L-2",425,80
"13L-2",425,81
"13L-2",426,72
"13L-2",426,73
"13L-2",426,74
"13L-2",426,75
"13L-2",426,76
"13L-2",426,77
"13L-2",426,78
"13L-2",426,79
"13L-2",426,80
"13L-2",426,81
"13L-2",426,82
"13L-2",427,72
"13L-2",427,73
"13L-2",427,74
"13L-2",427,75
"13L-2",427,76
"13L-2",427,77
"13L-2",427,78
"13L-2",427,79
"13L-2",427,80
"13L-2",427,81
"13L-2",428,73
"13L-2",428,74
"13L-2",428,75
"13L-2",428,76
"13L-2",428,77
"13L-2",428,78
"13L-2",428,79
"13L-2",428,80
"13L-2",429,73
"13L-2",429,74
"13L-2",429,75
"13L-2",429,76
"13L-2",429,77
"13L-2",429,78
"13L-2",429,79
"13L-2",430,73
"13L-2",430,74
"13L-2",430,75
"13L-2",430,76
"13L-2",430,77
"13L-2",447,83
"13L-2",448,83
"13L-2",449,83
"13L-2",449,84
"13L-2",450,84
"13L-2",451,84
"13L-2",451,85
"13L-2",452,85
"13L-2",453,86
"13L-2",456,87
"13L-2",457,88
"13L-2",458,88
"13L-2",458,89
"13L-2",459,89
"13L-2",460,89
"13L-2",460,90
"13L-2",461,90
"13L-2",461,91
"13L-2",462,91
"13L-2",462,92
"13L-2",463,92
"13L-2",464,92
"13L-2",465,93
"13L-2",466,93
"13L-2",469,94
"13L-2",470,95
"13L-2",468,94
"13L-2",467,94
"13L-2",466,94
"13L-2",469,95
"13L-2",469,96
"13L-2",470,96
"13L-2",471,96
"13L-2",471,97
"13L-2",472,97
"13L-2",473,97
"13L-2",474,97
"13L-2",474,98
"13L-2",475,98
"13L-2",475,99
"13L-2",476,99
"13L-2",477,99
"13L-2",478,99
"13L-2",478,100
"13L-2",479,100
"13L-2",479,101
"13L-2",480,101
"13L-2",480,102
"13L-2",481,102
"13L-2",482,102
"13L-2",482,103
"13L-2",483,103
"13L-2",483,104
"13L-2",483,105
"13L-2",482,105
"13L-2",481,105
"13L-2",480,105
"13L-2",480,106
"13L-2",479,106
"13L-2",479,107
"13L-2",478,107
"13L-2",478,108
"13L-2",478,109
"13L-2",475,109
"13L-2",474,109
"13L-2",473,109
"13L-2",473,110
"13L-2",449,97
"13L-2",445,95
"13L-2",445,94
"13L-2",445,93
"13L-2",446,93
"13L-2",446,92
"13L-2",446,91
"13L-2",447,90
"13L-2",448,89
"13L-2",448,88
"13L-2",448,87
"13L-2",448,86
"13L-2",447,86
"13L-2",447,85
"13L-2",447,84
"13L-2",446,90
"13L-2",446,94
"13L-2",446,95
"13L-2",447,89
"13L-2",447,91
"13L-2",447,92
"13L-2",447,93
"13L-2",447,94
"13L-2",447,95
"13L-2",447,96
"13L-2",416,61
"13L-2",415,60
"13L-2",415,61
"13L-2",416,62
"13L-2",417,62
"13L-2",417,61
"13L-2",418,62
"13L-2",418,63
"13L-2",419,63
"13L-2",419,64
"13L-2",420,64
"13L-2",421,64
"13L-2",422,65
"13L-2",423,65
"13L-2",423,66
"13L-2",424,66
"13L-2",425,66
"13L-2",426,66
"13L-2",426,67
"13L-2",426,68
"13L-2",426,69
"13L-2",426,70
"13L-2",426,71
"13L-2",427,71
"13L-2",428,71
"13L-2",428,72
"13L-2",429,72
"13L-2",430,72
"13L-2",431,73
"13L-2",431,74
"13L-2",431,75
"13L-2",431,76
"13L-2",431,77
"13L-2",430,78
"13L-2",430,79
"13L-2",430,80
"13L-2",429,80
"13L-2",429,81
"13L-2",428,81
"13L-2",428,82
"13L-2",427,82
"13L-2",427,83
"13L-2",426,83
"13L-2",425,83
"13L-2",425,82
"13L-2",424,82
"13L-2",423,82
"13L-2",423,81
"13L-2",422,81
"13L-2",421,81
"13L-2",421,80
"13L-2",420,80
"13L-2",419,80
"13L-2",419,79
"13L-2",418,79
"13L-2",418,78
"13L-2",418,77
"13L-2",417,77
"13L-2",416,77
"13L-2",415,76
"13L-2",414,76
"13L-2",414,75
"13L-2",413,75
"13L-2",413,74
"13L-2",412,74
"13L-2",411,74
"13L-2",410,74
"13L-2",409,73
"13L-2",408,73
"13L-2",408,74
"13L-2",409,74
"13L-2",411,75
"13L-2",412,75
"13L-2",413,76
"13L-2",417,78
"13L-2",416,78
"13L-2",415,77
"13L-2",408,72
"13L-2",408,71
"13L-2",409,71
"13L-2",409,70
"13L-2",410,70
"13L-2",410,69
"13L-2",410,68
"13L-2",411,68
"13L-2",411,67
"13L-2",412,67
"13L-2",412,66
"13L-2",412,65
"13L-2",413,65
"13L-2",413,64
"13L-2",414,64
"13L-2",414,63
"13L-2",414,62
"13L-2",415,62
"13L-2",409,72
"13L-2",410,71
"13L-2",410,72
"13L-2",410,73
"13L-2",411,69
"13L-2",411,70
"13L-2",411,71
"13L-2",411,72
"13L-2",411,73
"13L-2",412,68
"13L-2",412,69
"13L-2",412,70
"13L-2",412,71
"13L-2",412,72
"13L-2",412,73
"13L-2",413,66
"13L-2",413,67
"13L-2",413,68
"13L-2",413,69
"13L-2",413,70
"13L-2",413,71
"13L-2",413,72
"13L-2",413,73
"13L-2",414,65
"13L-2",414,66
"13L-2",414,67
"13L-2",414,68
"13L-2",414,69
"13L-2",414,70
"13L-2",414,71
"13L-2",414,72
"13L-2",414,73
"13L-2",414,74
"13L-2",415,63
"13L-2",415,64
"13L-2",415,65
"13L-2",448,84
"13L-2",448,85
"13L-2",448,90
"13L-2",448,91
"13L-2",448,92
"13L-2",448,93
"13L-2",448,94
"13L-2",448,95
"13L-2",448,96
"13L-2",449,85
"13L-2",449,86
"13L-2",449,87
"13L-2",449,88
"13L-2",449,89
"13L-2",449,90
"13L-2",449,91
"13L-2",449,92
"13L-2",449,93
"13L-2",449,94
"13L-2",449,95
"13L-2",449,96
"13L-2",450,85
"13L-2",450,86
"13L-2",450,87
"13L-2",450,88
"13L-2",450,89
"13L-2",450,90
"13L-2",450,91
"13L-2",450,92
"13L-2",450,93
"13L-2",450,94
"13L-2",450,95
"13L-2",450,96
"13L-2",450,97
"13L-2",451,86
"13L-2",451,87
"13L-2",451,88
"13L-2",451,89
"13L-2",451,90
"13L-2",451,91
"13L-2",451,92
"13L-2",451,93
"13L-2",451,94
"13L-2",451,95
"13L-2",451,96
"13L-2",451,97
"13L-2",451,98
"13L-2",452,86
"13L-2",452,87
"13L-2",452,88
"13L-2",452,89
"13L-2",452,90
"13L-2",452,91
"13L-2",452,92
"13L-2",452,93
"13L-2",452,94
"13L-2",452,95
"13L-2",452,96
"13L-2",452,97
"13L-2",452,98
"13L-2",452,99
"13L-2",453,87
"13L-2",453,88
"13L-2",453,89
"13L-2",453,90
"13L-2",453,91
"13L-2",453,92
"13L-2",453,93
"13L-2",453,94
"13L-2",453,95
"13L-2",453,96
"13L-2",453,97
"13L-2",453,98
"13L-2",453,99
"13L-2",454,87
"13L-2",454,88
"13L-2",454,89
"13L-2",454,90
"13L-2",454,91
"13L-2",454,92
"13L-2",454,93
"13L-2",454,94
"13L-2",454,95
"13L-2",454,96
"13L-2",454,97
"13L-2",454,98
"13L-2",454,99
"13L-2",454,100
"13L-2",455,87
"13L-2",455,88
"13L-2",455,89
"13L-2",455,90
"13L-2",455,91
"13L-2",455,92
"13L-2",455,93
"13L-2",455,94
"13L-2",455,95
"13L-2",455,96
"13L-2",455,97
"13L-2",455,98
"13L-2",455,99
"13L-2",455,100
"13L-2",456,88
"13L-2",456,89
"13L-2",456,90
"13L-2",456,91
"13L-2",456,92
"13L-2",456,93
"13L-2",456,94
"13L-2",456,95
"13L-2",456,96
"13L-2",456,97
"13L-2",456,98
"13L-2",456,99
"13L-2",456,100
"13L-2",456,101
"13L-2",457,89
"13L-2",457,90
"13L-2",457,91
"13L-2",457,92
"13L-2",457,93
"13L-2",457,94
"13L-2",457,95
"13L-2",457,96
"13L-2",457,97
"13L-2",457,98
"13L-2",457,99
"13L-2",457,100
"13L-2",457,101
"13L-2",457,102
"13L-2",458,90
"13L-2",458,91
"13L-2",458,92
"13L-2",458,93
"13L-2",458,94
"13L-2",458,95
"13L-2",458,96
"13L-2",458,97
"13L-2",458,98
"13L-2",458,99
"13L-2",458,100
"13L-2",458,101
"13L-2",458,102
"13L-2",459,90
"13L-2",459,91
"13L-2",459,92
"13L-2",459,93
"13L-2",459,94
"13L-2",459,95
"13L-2",459,96
"13L-2",459,97
"13L-2",459,98
"13L-2",459,99
"13L-2",459,100
"13L-2",459,101
"13L-2",459,102
"13L-2",460,91
"13L-2",460,92
"13L-2",460,93
"13L-2",460,94
"13L-2",460,95
"13L-2",460,96
"13L-2",460,97
"13L-2",460,98
"13L-2",460,99
"13L-2",460,100
"13L-2",460,101
"13L-2",460,102
"13L-2",460,103
"13L-2",461,92
"13L-2",461,93
"13L-2",461,94
"13L-2",461,95
"13L-2",461,96
"13L-2",461,97
"13L-2",461,98
"13L-2",461,99
"13L-2",461,100
"13L-2",461,101
"13L-2",461,102
"13L-2",461,103
"13L-2",461,104
"13L-2",462,93
"13L-2",462,94
"13L-2",462,95
"13L-2",462,96
"13L-2",462,97
"13L-2",462,98
"13L-2",462,99
"13L-2",462,100
"13L-2",462,101
"13L-2",462,102
"13L-2",462,103
"13L-2",462,104
"13L-2",463,93
"13L-2",463,94
"13L-2",463,95
"13L-2",463,96
"13L-2",463,97
"13L-2",463,98
"13L-2",463,99
"13L-2",463,100
"13L-2",463,101
"13L-2",463,102
"13L-2",463,103
"13L-2",463,104
"13L-2",463,105
"13L-2",464,93
"13L-2",464,94
"13L-2",464,95
"13L-2",464,96
"13L-2",464,97
"13L-2",464,98
"13L-2",464,99
"13L-2",464,100
"13L-2",464,101
"13L-2",464,102
"13L-2",464,103
"13L-2",464,104
"13L-2",464,105
"13L-2",464,106
"13L-2",465,94
"13L-2",465,95
"13L-2",465,96
"13L-2",465,97
"13L-2",465,98
"13L-2",465,99
"13L-2",465,100
"13L-2",465,101
"13L-2",465,102
"13L-2",465,103
"13L-2",465,104
"13L-2",465,105
"13L-2",465,106
"13L-2",466,95
"13L-2",466,96
"13L-2",466,97
"13L-2",466,98
"13L-2",466,99
"13L-2",466,100
"13L-2",466,101
"13L-2",466,102
"13L-2",466,103
"13L-2",466,104
"13L-2",466,105
"13L-2",466,106
"13L-2",466,107
"13L-2",467,95
"13L-2",467,96
"13L-2",467,97
"13L-2",467,98
"13L-2",467,99
"13L-2",467,100
"13L-2",467,101
"13L-2",467,102
"13L-2",467,103
"13L-2",467,104
"13L-2",467,105
"13L-2",467,106
"13L-2",467,107
"13L-2",468,95
"13L-2",468,96
"13L-2",468,97
"13L-2",468,98
"13L-2",468,99
"13L-2",468,100
"13L-2",468,101
"13L-2",468,102
"13L-2",468,103
"13L-2",468,104
"13L-2",468,105
"13L-2",468,106
"13L-2",468,107
"13L-2",468,108
"13L-2",469,97
"13L-2",469,98
"13L-2",469,99
"13L-2",469,100
"13L-2",469,101
"13L-2",469,102
"13L-2",469,103
"13L-2",469,104
"13L-2",469,105
"13L-2",469,106
"13L-2",469,107
"13L-2",469,108
"13L-2",470,97
"13L-2",470,98
"13L-2",470,99
"13L-2",470,100
"13L-2",470,101
"13L-2",470,102
"13L-2",470,103
"13L-2",470,104
"13L-2",470,105
"13L-2",470,106
"13L-2",470,107
"13L-2",470,108
"13L-2",471,98
"13L-2",471,99
"13L-2",471,100
"13L-2",471,101
"13L-2",471,102
"13L-2",471,103
"13L-2",471,104
"13L-2",471,105
"13L-2",471,107
"13L-2",471,108
"13L-2",471,109
"13L-2",472,98
"13L-2",472,99
"13L-2",472,100
"13L-2",472,101
"13L-2",472,102
"13L-2",472,103
"13L-2",472,104
"13L-2",472,105
"13L-2",472,106
"13L-2",472,107
"13L-2",472,108
"13L-2",472,109
"13L-2",472,110
"13L-2",473,98
"13L-2",473,99
"13L-2",473,100
"13L-2",473,101
"13L-2",473,102
"13L-2",473,103
"13L-2",473,104
"13L-2",473,105
"13L-2",473,106
"13L-2",473,107
"13L-2",473,108
"13L-2",474,99
"13L-2",474,100
"13L-2",474,101
"13L-2",474,102
"13L-2",474,103
"13L-2",474,104
"13L-2",474,105
"13L-2",474,106
"13L-2",474,107
"13L-2",474,108
"13L-2",475,100
"13L-2",475,101
"13L-2",475,102
"13L-2",475,103
"13L-2",475,104
"13L-2",475,105
"13L-2",475,106
"13L-2",475,107
"13L-2",475,108
"13L-2",476,100
"13L-2",476,101
"13L-2",476,102
"13L-2",476,103
"13L-2",476,104
"13L-2",476,105
"13L-2",476,106
"13L-2",476,107
"13L-2",476,108
"13L-2",477,100
"13L-2",477,101
"13L-2",477,102
"13L-2",477,103
"13L-2",477,104
"13L-2",477,105
"13L-2",477,106
"13L-2",477,107
"13L-2",477,108
"13L-2",478,101
"13L-2",478,102
"13L-2",478,103
"13L-2",478,104
"13L-2",478,105
"13L-2",478,106
"13L-2",479,102
"13L-2",479,103
"13L-2",479,104
"13L-2",479,105
"13L-2",480,103
"13L-2",480,104
"13L-2",481,103
"13L-2",481,104
"13L-2",482,104
"13L-2",448,97
"13L-2",450,98
"13L-2",469,109
"13L-2",470,109
"13L-2",470,110
"13L-2",471,110
"13L-2",471,106
"13L-2",454,86
"13L-2",447,82
"13L-2",446,83
"13L-2",445,83
"13L-2",445,84
"13L-2",444,84
"13L-2",443,84
"13L-2",442,84
"13L-2",441,84
"13L-2",441,83
"13L-2",442,83
"13L-2",440,82
"13L-2",441,82
"13L-2",441,81
"13L-2",442,81
"13L-2",442,80
"13L-2",443,80
"13L-2",443,79
"13L-2",442,79
"13L-2",441,79
"13L-2",440,79
"13L-2",440,78
"13L-2",439,77
"13L-2",438,77
"13L-2",437,77
"13L-2",437,76
"13L-2",436,76
"13L-2",435,76
"13L-2",435,75
"13L-2",434,75
"13L-2",435,77
"13L-2",436,77
"13L-2",436,78
"13L-2",437,79
"13L-2",437,80
"13L-2",436,80
"13L-2",436,79
"13L-2",435,79
"13L-2",434,79
"13L-2",437,78
"13L-2",438,78
"13L-2",439,78
"13L-2",439,79
"13L-2",440,80
"13L-2",440,81
"13L-2",439,81
"13L-2",439,82
"13L-2",438,82
"13L-2",437,82
"13L-2",437,83
"13L-2",436,83
"13L-2",435,84
"13L-2",434,84
"13L-2",434,83
"13L-2",433,83
"13L-2",432,83
"13L-2",432,82
"13L-2",431,82
"13L-2",431,81
"13L-2",430,81
"13L-2",431,79
"13L-2",431,80
"13L-2",432,81
"13L-2",433,81
"13L-2",434,81
"13L-2",434,82
"13L-2",435,82
"13L-2",436,82
"13L-2",436,81
"13L-2",435,81
"13L-2",435,80
"13L-2",435,83
"13L-2",436,84
"13L-2",437,84
"13L-2",437,85
"13L-2",438,85
"13L-2",439,85
"13L-2",440,85
"13L-2",441,85
"13L-2",442,85
"13L-2",443,85
"13L-2",444,85
"13L-2",445,85
"13L-2",433,82
"13L-2",438,83
"13L-2",438,84
"13L-2",439,83
"13L-2",439,84
"13L-2",440,83
"13L-2",440,84
"13L-2",441,80
"13L-2",446,82
"13L-2",438,80
"13L-2",437,75
"13L-2",439,80
"13L-2",438,81
"13L-2",437,81
"13L-2",436,75
"13L-2",438,76
"13L-2",438,79
"13L-2",435,78
"13L-2",446,84
"13L-2",446,85
"13L-2",445,86
"13L-2",446,86
"13L-2",446,87
"13L-2",447,88
"13L-2",446,89
"13L-2",445,89
"13L-2",444,89
"13L-2",443,89
"13L-2",443,88
"13L-2",442,88
"13L-2",441,88
"13L-2",441,89
"13L-2",442,89
"13L-2",442,90
"13L-2",443,90
"13L-2",444,90
"13L-2",444,91
"13L-2",445,91
"13L-2",445,90
"13L-2",444,94
"13L-2",444,86
"13L-2",444,88
"13L-2",445,92
"13L-2",447,87
"13L-2",432,80
"13L-2",436,85
"13L-2",427,67
"13L-2",436,72
"13L-2",437,72
"13L-2",437,73
"13L-2",438,73
"13L-2",439,73
"13L-2",439,74
"13L-2",439,75
"13L-2",438,75
"13L-2",437,74
"13L-2",436,73
"13L-2",435,73
"13L-2",435,74
"13L-2",436,74
"13L-2",438,74
"13L-2",434,76
"13L-2",459,103
"13L-2",467,108
"13L-2",480,107
"13L-2",481,107
"13L-2",482,107
"13L-2",483,107
"13L-2",483,108
"13L-2",484,109
"13L-2",485,109
"13L-2",485,110
"13L-2",486,110
"13L-2",486,111
"13L-2",486,112
"13L-2",487,112
"13L-2",487,111
"13L-2",485,108
"13L-2",486,109
"13L-2",484,108
"13L-2",484,107
"13L-2",482,106
"13L-2",481,106
"13L-2",479,110
"13L-2",480,111
"13L-2",481,111
"13L-2",482,112
"13L-2",483,112
"13L-2",484,112
"13L-2",488,112
"13L-2",479,108
"13L-2",479,109
"13L-2",480,108
"13L-2",480,109
"13L-2",480,110
"13L-2",481,108
"13L-2",481,109
"13L-2",481,110
"13L-2",482,109
"13L-2",482,110
"13L-2",482,111
"13L-2",483,109
"13L-2",483,110
"13L-2",483,111
"13L-2",484,110
"13L-2",484,111
"13L-2",485,111
"13L-2",485,112
"13L-2",482,108
"13L-2",490,112
"13L-2",491,112
"13L-2",491,111
"13L-2",492,110
"13L-2",493,110
"13L-2",493,109
"13L-2",494,109
"13L-2",495,109
"13L-2",495,110
"13L-2",496,110
"13L-2",496,111
"13L-2",497,111
"13L-2",497,112
"13L-2",497,113
"13L-2",497,114
"13L-2",497,115
"13L-2",496,116
"13L-2",495,116
"13L-2",495,117
"13L-2",494,117
"13L-2",493,118
"13L-2",493,119
"13L-2",493,120
"13L-2",492,120
"13L-2",491,120
"13L-2",491,121
"13L-2",490,120
"13L-2",490,119
"13L-2",491,119
"13L-2",491,118
"13L-2",490,117
"13L-2",489,117
"13L-2",489,116
"13L-2",489,115
"13L-2",490,115
"13L-2",491,115
"13L-2",492,115
"13L-2",493,115
"13L-2",493,114
"13L-2",492,114
"13L-2",492,113
"13L-2",491,113
"13L-2",490,116
"13L-2",491,110
"13L-2",491,116
"13L-2",491,117
"13L-2",492,111
"13L-2",492,112
"13L-2",492,116
"13L-2",492,117
"13L-2",492,118
"13L-2",492,119
"13L-2",493,111
"13L-2",493,112
"13L-2",493,113
"13L-2",493,116
"13L-2",493,117
"13L-2",494,110
"13L-2",494,111
"13L-2",494,112
"13L-2",494,113
"13L-2",494,114
"13L-2",494,115
"13L-2",494,116
"13L-2",495,111
"13L-2",495,112
"13L-2",495,113
"13L-2",495,114
"13L-2",495,115
"13L-2",496,112
"13L-2",496,113
"13L-2",496,114
"13L-2",496,115
"13L-2",490,118
"13L-2",494,118
"13L-2",492,121
"13L-2",488,116
"13L-2",488,115
"13L-2",490,121
"13L-2",472,96
"13L-2",473,96
"13L-2",471,95
"13L-2",476,98
"13L-2",443,86
"13L-2",477,109
"8",525,109
"8",526,110
"8",527,111
"8",528,111
"8",528,112
"8",529,112
"8",530,112
"8",530,113
"8",531,113
"8",532,114
"8",533,114
"8",534,114
"8",535,115
"8",536,115
"8",537,116
"8",538,117
"8",539,117
"8",539,118
"8",540,118
"8",541,118
"8",548,122
"8",554,126
"8",559,129
"8",560,130
"8",561,130
"8",562,131
"8",563,131
"8",563,132
"8",564,132
"8",565,133
"8",566,134
"8",567,134
"8",568,134
"8",568,135
"8",568,136
"8",568,137
"8",567,138
"8",566,138
"8",566,139
"8",565,139
"8",565,140
"8",564,141
"8",564,142
"8",563,143
"8",563,142
"8",562,142
"8",562,141
"8",561,141
"8",560,141
"8",560,140
"8",559,140
"8",559,139
"8",558,139
"8",557,139
"8",556,138
"8",555,138
"8",554,137
"8",553,137
"8",552,136
"8",551,135
"8",550,135
"8",549,134
"8",548,134
"8",547,133
"8",546,133
"8",546,132
"8",545,132
"8",545,131
"8",544,132
"8",544,133
"8",543,133
"8",543,132
"8",542,132
"8",541,132
"8",540,131
"8",539,131
"8",539,130
"8",538,130
"8",537,130
"8",537,129
"8",536,129
"8",535,128
"8",534,128
"8",534,127
"8",534,126
"8",534,125
"8",533,125
"8",532,124
"8",531,124
"8",531,123
"8",530,123
"8",529,122
"8",529,121
"8",528,121
"8",528,120
"8",527,119
"8",527,118
"8",526,117
"8",526,116
"8",526,115
"8",525,115
"8",525,114
"8",525,113
"8",525,112
"8",525,111
"8",525,110
"8",526,111
"8",526,112
"8",526,113
"8",526,114
"8",527,112
"8",527,113
"8",527,114
"8",527,115
"8",527,116
"8",527,117
"8",528,113
"8",528,114
"8",528,115
"8",528,116
"8",528,117
"8",528,118
"8",528,119
"8",529,113
"8",529,114
"8",529,115
"8",529,116
"8",529,117
"8",529,118
"8",529,119
"8",529,120
"8",530,114
"8",530,115
"8",530,116
"8",530,117
"8",530,118
"8",530,119
"8",530,120
"8",530,121
"8",530,122
"8",531,114
"8",531,115
"8",531,116
"8",531,117
"8",531,118
"8",531,119
"8",531,120
"8",531,121
"8",531,122
"8",532,115
"8",532,116
"8",532,117
"8",532,118
"8",532,119
"8",532,120
"8",532,121
"8",532,122
"8",532,123
"8",533,115
"8",533,116
"8",533,117
"8",533,118
"8",533,119
"8",533,120
"8",533,121
"8",533,122
"8",533,123
"8",533,124
"8",534,115
"8",534,116
"8",534,117
"8",534,118
"8",534,119
"8",534,120
"8",534,121
"8",534,122
"8",534,123
"8",534,124
"8",535,116
"8",535,117
"8",535,118
"8",535,119
"8",535,120
"8",535,121
"8",535,122
"8",535,123
"8",535,124
"8",535,125
"8",535,126
"8",535,127
"8",536,116
"8",536,117
"8",536,118
"8",536,119
"8",536,120
"8",536,121
"8",536,122
"8",536,123
"8",536,124
"8",536,125
"8",536,126
"8",536,127
"8",536,128
"8",537,117
"8",537,118
"8",537,119
"8",537,120
"8",537,121
"8",537,122
"8",537,123
"8",537,124
"8",537,125
"8",537,126
"8",537,127
"8",537,128
"8",538,118
"8",538,119
"8",538,120
"8",538,121
"8",538,122
"8",538,123
"8",538,124
"8",538,125
"8",538,126
"8",538,127
"8",538,128
"8",538,129
"8",539,119
"8",539,120
"8",539,121
"8",539,122
"8",539,123
"8",539,124
"8",539,125
"8",539,126
"8",539,127
"8",539,128
"8",539,129
"8",540,119
"8",540,120
"8",540,121
"8",540,122
"8",540,123
"8",540,124
"8",540,125
"8",540,126
"8",540,127
"8",540,128
"8",540,129
"8",540,130
"8",541,119
"8",541,120
"8",541,121
"8",541,122
"8",541,123
"8",541,124
"8",541,125
"8",541,126
"8",541,127
"8",541,128
"8",541,129
"8",541,130
"8",541,131
"8",542,119
"8",542,120
"8",542,121
"8",542,122
"8",542,123
"8",542,124
"8",542,125
"8",542,126
"8",542,127
"8",542,128
"8",542,129
"8",542,130
"8",542,131
"8",543,120
"8",543,121
"8",543,122
"8",543,123
"8",543,124
"8",543,125
"8",543,126
"8",543,127
"8",543,128
"8",543,129
"8",543,130
"8",543,131
"8",544,120
"8",544,121
"8",544,122
"8",544,123
"8",544,124
"8",544,125
"8",544,126
"8",544,127
"8",544,128
"8",544,129
"8",544,130
"8",544,131
"8",545,121
"8",545,122
"8",545,123
"8",545,124
"8",545,125
"8",545,126
"8",545,127
"8",545,128
"8",545,129
"8",545,130
"8",546,121
"8",546,122
"8",546,123
"8",546,124
"8",546,125
"8",546,126
"8",546,127
"8",546,128
"8",546,129
"8",546,130
"8",546,131
"8",547,122
"8",547,123
"8",547,124
"8",547,125
"8",547,126
"8",547,127
"8",547,128
"8",547,129
"8",547,130
"8",547,131
"8",547,132
"8",548,123
"8",548,124
"8",548,125
"8",548,126
"8",548,127
"8",548,128
"8",548,129
"8",548,130
"8",548,131
"8",548,132
"8",548,133
"8",549,123
"8",549,124
"8",549,125
"8",549,126
"8",549,127
"8",549,128
"8",549,129
"8",549,130
"8",549,131
"8",549,132
"8",549,133
"8",550,123
"8",550,124
"8",550,125
"8",550,126
"8",550,127
"8",550,128
"8",550,129
"8",550,130
"8",550,131
"8",550,132
"8",550,133
"8",550,134
"8",551,124
"8",551,125
"8",551,126
"8",551,127
"8",551,128
"8",551,129
"8",551,130
"8",551,131
"8",551,132
"8",551,133
"8",551,134
"8",552,125
"8",552,126
"8",552,127
"8",552,128
"8",552,129
"8",552,130
"8",552,131
"8",552,132
"8",552,133
"8",552,134
"8",552,135
"8",553,126
"8",553,127
"8",553,128
"8",553,129
"8",553,130
"8",553,131
"8",553,132
"8",553,133
"8",553,134
"8",553,135
"8",553,136
"8",554,127
"8",554,128
"8",554,129
"8",554,130
"8",554,131
"8",554,132
"8",554,133
"8",554,134
"8",554,135
"8",554,136
"8",555,127
"8",555,128
"8",555,129
"8",555,130
"8",555,131
"8",555,132
"8",555,133
"8",555,134
"8",555,135
"8",555,136
"8",555,137
"8",556,128
"8",556,129
"8",556,130
"8",556,131
"8",556,132
"8",556,133
"8",556,134
"8",556,135
"8",556,136
"8",556,137
"8",557,129
"8",557,130
"8",557,131
"8",557,132
"8",557,133
"8",557,134
"8",557,135
"8",557,136
"8",557,137
"8",557,138
"8",558,129
"8",558,130
"8",558,131
"8",558,132
"8",558,133
"8",558,134
"8",558,135
"8",558,136
"8",558,137
"8",558,138
"8",559,130
"8",559,131
"8",559,132
"8",559,133
"8",559,134
"8",559,135
"8",559,136
"8",559,137
"8",559,138
"8",560,131
"8",560,132
"8",560,133
"8",560,134
"8",560,135
"8",560,136
"8",560,137
"8",560,138
"8",560,139
"8",561,131
"8",561,132
"8",561,133
"8",561,134
"8",561,135
"8",561,136
"8",561,137
"8",561,138
"8",561,139
"8",561,140
"8",562,132
"8",562,133
"8",562,134
"8",562,135
"8",562,136
"8",562,137
"8",562,138
"8",562,139
"8",562,140
"8",563,133
"8",563,134
"8",563,135
"8",563,136
"8",563,137
"8",563,138
"8",563,139
"8",563,140
"8",563,141
"8",564,133
"8",564,134
"8",564,135
"8",564,136
"8",564,137
"8",564,138
"8",564,139
"8",564,140
"8",565,134
"8",565,135
"8",565,136
"8",565,137
"8",565,138
"8",566,135
"8",566,136
"8",566,137
"8",567,135
"8",567,136
"8",567,137
"8",542,133
"8",533,126
"8",532,125
"8",530,124
"8",529,123
"8",528,123
"8",528,122
"8",527,122
"8",526,122
"8",526,121
"8",525,121
"8",524,121
"8",523,120
"8",522,120
"8",522,119
"8",521,119
"8",520,119
"8",520,118
"8",521,118
"8",521,117
"8",521,116
"8",522,116
"8",522,115
"8",523,115
"8",523,114
"8",524,114
"8",524,113
"8",524,112
"8",522,117
"8",522,118
"8",523,116
"8",523,117
"8",523,118
"8",523,119
"8",524,115
"8",524,116
"8",524,117
"8",524,118
"8",524,119
"8",524,120
"8",525,116
"8",525,117
"8",525,118
"8",525,119
"8",525,120
"8",526,118
"8",526,119
"8",526,120
"8",527,120
"8",527,121
"8",527,110
"8",532,113
"8",566,133
"8",567,133
"8",569,135
"8",564,143
"8",567,139
"8",566,140
"8",565,141
"8",565,142
"8",545,133
"8",533,128
"8",533,127
"8",531,125
"8",544,134
"8",543,134
"8",553,125
"8",557,128
"8",555,126
"8",556,127
"8",558,128
"8",562,130
"8",557,127
"8",565,132
"8",560,129
"25",485,141
"25",485,142
"25",485,143
"25",485,144
"25",485,145
"25",485,146
"25",485,147
"25",486,138
"25",486,139
"25",486,140
"25",486,141
"25",486,142
"25",486,143
"25",486,144
"25",486,145
"25",487,138
"25",487,139
"25",487,140
"25",487,141
"25",487,142
"25",488,139
"25",488,140
"25",473,129
"25",472,142
"26",527,159
"26",528,159
"26",528,160
"26",529,160
"26",529,161
"26",530,161
"26",530,162
"26",529,162
"26",529,163
"26",529,164
"26",528,165
"26",528,166
"26",528,167
"26",527,167
"26",527,168
"26",527,169
"26",526,169
"26",526,170
"26",525,170
"26",524,170
"26",524,169
"26",523,169
"26",522,169
"26",522,168
"26",521,168
"26",520,168
"26",520,167
"26",519,167
"26",518,166
"26",517,166
"26",517,165
"26",516,164
"26",515,164
"26",514,163
"26",513,162
"26",512,162
"26",515,163
"26",517,164
"26",516,165
"26",514,164
"26",513,164
"26",513,163
"26",512,163
"26",511,162
"26",511,161
"26",510,161
"26",509,161
"26",509,160
"26",508,160
"26",507,160
"26",506,160
"26",506,159
"26",505,158
"26",504,158
"26",504,157
"26",503,157
"26",502,156
"26",501,156
"26",501,155
"26",500,155
"26",500,154
"26",499,154
"26",499,153
"26",498,153
"26",497,153
"26",498,154
"26",497,154
"26",496,153
"26",496,152
"26",495,152
"26",494,152
"26",493,151
"26",492,151
"26",492,150
"26",491,150
"26",490,150
"26",489,149
"26",488,149
"26",488,148
"26",487,148
"26",487,147
"26",488,147
"26",488,146
"26",488,145
"26",488,144
"26",489,144
"26",490,144
"26",491,144
"26",492,144
"26",493,144
"26",494,145
"26",495,145
"26",496,146
"26",497,146
"26",497,147
"26",498,147
"26",499,147
"26",500,147
"26",501,148
"26",502,149
"26",503,149
"26",503,150
"26",504,150
"26",505,151
"26",506,151
"26",506,152
"26",507,152
"26",508,153
"26",509,153
"26",510,154
"26",511,155
"26",512,156
"26",513,157
"26",514,157
"26",515,158
"26",516,158
"26",517,159
"26",518,160
"26",519,161
"26",520,161
"26",521,161
"26",522,161
"26",523,161
"26",523,162
"26",524,162
"26",525,162
"26",526,162
"26",526,161
"26",527,161
"26",527,160
"26",489,145
"26",489,146
"26",489,147
"26",489,148
"26",490,145
"26",490,146
"26",490,147
"26",490,148
"26",490,149
"26",491,145
"26",491,146
"26",491,147
"26",491,148
"26",491,149
"26",492,145
"26",492,146
"26",492,147
"26",492,148
"26",492,149
"26",493,145
"26",493,146
"26",493,147
"26",493,148
"26",493,149
"26",493,150
"26",494,146
"26",494,147
"26",494,148
"26",494,149
"26",494,150
"26",494,151
"26",495,146
"26",495,147
"26",495,148
"26",495,149
"26",495,150
"26",495,151
"26",496,147
"26",496,148
"26",496,149
"26",496,150
"26",496,151
"26",497,148
"26",497,149
"26",497,150
"26",497,151
"26",497,152
"26",498,148
"26",498,149
"26",498,150
"26",498,151
"26",498,152
"26",499,148
"26",499,149
"26",499,150
"26",499,151
"26",499,152
"26",500,148
"26",500,149
"26",500,150
"26",500,151
"26",500,152
"26",500,153
"26",501,149
"26",501,150
"26",501,151
"26",501,152
"26",501,153
"26",501,154
"26",502,150
"26",502,151
"26",502,152
"26",502,153
"26",502,154
"26",502,155
"26",503,151
"26",503,152
"26",503,153
"26",503,154
"26",503,155
"26",503,156
"26",504,151
"26",504,152
"26",504,153
"26",504,154
"26",504,155
"26",504,156
"26",505,152
"26",505,153
"26",505,154
"26",505,155
"26",505,156
"26",505,157
"26",506,153
"26",506,154
"26",506,155
"26",506,156
"26",506,157
"26",506,158
"26",507,153
"26",507,154
"26",507,155
"26",507,156
"26",507,157
"26",507,158
"26",507,159
"26",508,154
"26",508,155
"26",508,156
"26",508,157
"26",508,158
"26",508,159
"26",509,154
"26",509,155
"26",509,156
"26",509,157
"26",509,158
"26",509,159
"26",510,155
"26",510,156
"26",510,157
"26",510,158
"26",510,159
"26",510,160
"26",511,156
"26",511,157
"26",511,158
"26",511,159
"26",511,160
"26",512,157
"26",512,158
"26",512,159
"26",512,160
"26",512,161
"26",513,158
"26",513,159
"26",513,160
"26",513,161
"26",514,158
"26",514,159
"26",514,160
"26",514,161
"26",514,162
"26",515,159
"26",515,160
"26",515,161
"26",515,162
"26",516,159
"26",516,160
"26",516,161
"26",516,162
"26",516,163
"26",517,160
"26",517,161
"26",517,162
"26",517,163
"26",518,161
"26",518,162
"26",518,163
"26",518,164
"26",518,165
"26",519,162
"26",519,163
"26",519,164
"26",519,165
"26",519,166
"26",520,162
"26",520,163
"26",520,164
"26",520,165
"26",520,166
"26",521,162
"26",521,163
"26",521,164
"26",521,165
"26",521,166
"26",521,167
"26",522,162
"26",522,163
"26",522,164
"26",522,165
"26",522,166
"26",522,167
"26",523,163
"26",523,164
"26",523,165
"26",523,166
"26",523,167
"26",523,168
"26",524,163
"26",524,164
"26",524,165
"26",524,166
"26",524,167
"26",524,168
"26",525,163
"26",525,164
"26",525,165
"26",525,166
"26",525,167
"26",525,168
"26",525,169
"26",526,163
"26",526,164
"26",526,165
"26",526,166
"26",526,167
"26",526,168
"26",527,162
"26",527,163
"26",527,164
"26",527,165
"26",527,166
"26",528,161
"26",528,162
"26",528,163
"26",528,164
"26",518,167
"26",516,166
"26",515,165
"26",510,162
"26",505,159
"26",504,159
"26",503,158
"26",502,157
"26",501,157
"26",499,155
"26",498,155
"26",496,154
"26",495,153
"26",493,152
"26",491,151
"26",489,150
"26",487,149
"26",488,150
"26",494,153
"26",500,156
"26",499,156
"26",489,143
"26",489,142
"26",490,142
"26",491,142
"26",491,141
"26",490,141
"26",490,140
"26",491,140
"26",491,139
"26",492,141
"26",492,140
"26",493,141
"26",493,140
"26",494,141
"26",495,141
"26",495,142
"26",496,142
"26",497,142
"26",497,143
"26",498,143
"26",498,144
"26",499,144
"26",500,144
"26",501,144
"26",502,144
"26",502,143
"26",503,144
"26",503,145
"26",503,146
"26",504,146
"26",505,147
"26",504,147
"26",503,147
"26",506,147
"26",506,148
"26",507,148
"26",507,149
"26",508,149
"26",508,150
"26",509,150
"26",509,151
"26",510,151
"26",511,151
"26",512,151
"26",512,152
"26",513,152
"26",514,152
"26",514,153
"26",515,153
"26",515,154
"26",516,154
"26",517,154
"26",517,155
"26",518,155
"26",519,155
"26",519,156
"26",520,156
"26",521,156
"26",521,157
"26",521,158
"26",522,158
"26",522,157
"26",522,159
"26",523,159
"26",523,158
"26",524,158
"26",524,159
"26",525,159
"26",526,159
"26",526,160
"26",490,143
"26",491,143
"26",492,142
"26",492,143
"26",493,142
"26",493,143
"26",494,142
"26",494,143
"26",494,144
"26",495,143
"26",495,144
"26",496,143
"26",496,144
"26",496,145
"26",497,144
"26",497,145
"26",498,145
"26",498,146
"26",499,145
"26",499,146
"26",500,145
"26",500,146
"26",501,145
"26",501,146
"26",501,147
"26",502,145
"26",502,146
"26",502,147
"26",502,148
"26",503,148
"26",504,148
"26",504,149
"26",505,148
"26",505,149
"26",505,150
"26",506,149
"26",506,150
"26",507,150
"26",507,151
"26",508,151
"26",508,152
"26",509,152
"26",510,152
"26",510,153
"26",511,152
"26",511,153
"26",511,154
"26",512,153
"26",512,154
"26",512,155
"26",513,153
"26",513,154
"26",513,155
"26",513,156
"26",514,154
"26",514,155
"26",514,156
"26",515,155
"26",515,156
"26",515,157
"26",516,155
"26",516,156
"26",516,157
"26",517,156
"26",517,157
"26",517,158
"26",518,156
"26",518,157
"26",518,158
"26",518,159
"26",519,157
"26",519,158
"26",519,159
"26",519,160
"26",520,157
"26",520,158
"26",520,159
"26",520,160
"26",521,159
"26",521,160
"26",522,160
"26",523,160
"26",524,160
"26",524,161
"26",525,160
"26",525,161
"28",556,165
"28",557,166
"28",557,167
"28",557,168
"28",558,168
"28",558,169
"28",557,169
"28",556,168
"28",555,168
"28",555,167
"28",554,167
"28",553,167
"28",553,166
"28",552,166
"28",552,167
"28",551,167
"28",551,168
"28",550,168
"28",549,169
"28",549,170
"28",548,170
"28",548,169
"28",547,169
"28",546,169
"28",546,168
"28",545,168
"28",544,168
"28",543,168
"28",542,168
"28",542,167
"28",541,167
"28",540,167
"28",540,166
"28",539,166
"28",539,165
"28",539,164
"28",538,164
"28",537,164
"28",536,163
"28",535,163
"28",534,163
"28",534,162
"28",533,162
"28",533,161
"28",532,161
"28",531,161
"28",531,160
"28",530,160
"28",531,159
"28",530,159
"28",529,159
"28",529,158
"28",528,158
"28",527,158
"28",527,157
"28",528,157
"28",528,156
"28",529,156
"28",529,155
"28",529,154
"28",530,154
"28",530,153
"28",531,153
"28",531,152
"28",532,152
"28",532,151
"28",532,150
"28",533,150
"28",533,151
"28",534,151
"28",535,151
"28",535,152
"28",536,152
"28",536,153
"28",537,153
"28",537,154
"28",538,154
"28",539,154
"28",540,154
"28",540,155
"28",541,155
"28",542,155
"28",543,155
"28",544,155
"28",544,156
"28",544,157
"28",545,157
"28",545,158
"28",546,158
"28",546,159
"28",546,160
"28",546,161
"28",547,161
"28",548,161
"28",548,162
"28",548,163
"28",549,163
"28",549,162
"28",550,162
"28",551,162
"28",551,163
"28",551,164
"28",552,164
"28",553,164
"28",553,163
"28",552,163
"28",554,165
"28",555,165
"28",554,164
"28",529,157
"28",530,155
"28",530,156
"28",530,157
"28",530,158
"28",531,154
"28",531,155
"28",531,156
"28",531,157
"28",531,158
"28",532,153
"28",532,154
"28",532,155
"28",532,156
"28",532,157
"28",532,158
"28",532,159
"28",532,160
"28",533,152
"28",533,153
"28",533,154
"28",533,155
"28",533,156
"28",533,157
"28",533,158
"28",533,159
"28",533,160
"28",534,152
"28",534,153
"28",534,154
"28",534,155
"28",534,156
"28",534,157
"28",534,158
"28",534,159
"28",534,160
"28",534,161
"28",535,153
"28",535,154
"28",535,155
"28",535,156
"28",535,157
"28",535,158
"28",535,159
"28",535,160
"28",535,161
"28",535,162
"28",536,154
"28",536,155
"28",536,156
"28",536,157
"28",536,158
"28",536,159
"28",536,160
"28",536,161
"28",536,162
"28",537,155
"28",537,156
"28",537,157
"28",537,158
"28",537,159
"28",537,160
"28",537,161
"28",537,162
"28",537,163
"28",538,155
"28",538,156
"28",538,157
"28",538,158
"28",538,159
"28",538,160
"28",538,161
"28",538,162
"28",538,163
"28",539,155
"28",539,156
"28",539,157
"28",539,158
"28",539,159
"28",539,160
"28",539,161
"28",539,162
"28",539,163
"28",540,156
"28",540,157
"28",540,158
"28",540,159
"28",540,160
"28",540,161
"28",540,162
"28",540,163
"28",540,164
"28",540,165
"28",541,156
"28",541,157
"28",541,158
"28",541,159
"28",541,160
"28",541,161
"28",541,162
"28",541,163
"28",541,164
"28",541,165
"28",541,166
"28",542,156
"28",542,157
"28",542,158
"28",542,159
"28",542,160
"28",542,161
"28",542,162
"28",542,163
"28",542,164
"28",542,165
"28",542,166
"28",543,156
"28",543,157
"28",543,158
"28",543,159
"28",543,160
"28",543,161
"28",543,162
"28",543,163
"28",543,164
"28",543,165
"28",543,166
"28",543,167
"28",544,158
"28",544,159
"28",544,160
"28",544,161
"28",544,162
"28",544,163
"28",544,164
"28",544,165
"28",544,166
"28",544,167
"28",545,159
"28",545,160
"28",545,161
"28",545,162
"28",545,163
"28",545,164
"28",545,165
"28",545,166
"28",545,167
"28",546,162
"28",546,163
"28",546,164
"28",546,165
"28",546,166
"28",546,167
"28",547,162
"28",547,163
"28",547,164
"28",547,165
"28",547,166
"28",547,167
"28",547,168
"28",548,164
"28",548,165
"28",548,166
"28",548,167
"28",548,168
"28",549,164
"28",549,165
"28",549,166
"28",549,167
"28",549,168
"28",550,163
"28",550,164
"28",550,165
"28",550,166
"28",550,167
"28",551,165
"28",551,166
"28",552,165
"28",553,165
"28",554,166
"28",555,166
"28",556,166
"28",556,167
"28",558,167
"28",536,151
"28",537,151
"28",537,152
"28",538,152
"28",538,153
"28",539,153
"28",534,150
"28",535,150
"28",541,154
"28",542,154
"28",536,164
"28",538,165
"28",550,169
"28",545,169
"28",547,170
"28",556,169
"28",557,165
"30",583,181
"30",583,182
"30",582,182
"30",581,182
"30",581,183
"30",581,184
"30",581,185
"30",580,185
"30",580,186
"30",579,186
"30",578,186
"30",578,185
"30",577,185
"30",576,185
"30",575,185
"30",574,185
"30",574,184
"30",573,184
"30",573,183
"30",572,183
"30",571,183
"30",571,182
"30",570,182
"30",569,182
"30",569,183
"30",569,184
"30",568,184
"30",567,184
"30",567,183
"30",567,182
"30",567,181
"30",568,183
"30",567,180
"30",566,180
"30",566,179
"30",566,178
"30",566,177
"30",565,177
"30",565,176
"30",564,176
"30",563,176
"30",563,175
"30",562,175
"30",562,174
"30",561,174
"30",560,173
"30",559,173
"30",559,172
"30",558,172
"30",558,171
"30",557,171
"30",557,170
"30",558,170
"30",559,170
"30",559,169
"30",559,168
"30",560,168
"30",560,167
"30",559,167
"30",561,168
"30",562,168
"30",562,169
"30",563,169
"30",563,170
"30",564,170
"30",564,169
"30",565,170
"30",565,171
"30",565,172
"30",566,172
"30",567,172
"30",568,173
"30",569,173
"30",569,174
"30",569,175
"30",570,175
"30",571,176
"30",572,176
"30",573,176
"30",574,177
"30",575,177
"30",575,178
"30",576,178
"30",577,179
"30",577,180
"30",578,180
"30",579,180
"30",580,180
"30",581,180
"30",581,181
"30",582,181
"30",559,171
"30",560,169
"30",560,170
"30",560,171
"30",560,172
"30",561,169
"30",561,170
"30",561,171
"30",561,172
"30",561,173
"30",562,170
"30",562,171
"30",562,172
"30",562,173
"30",563,171
"30",563,172
"30",563,173
"30",563,174
"30",564,171
"30",564,172
"30",564,173
"30",564,174
"30",564,175
"30",565,173
"30",565,174
"30",565,175
"30",566,173
"30",566,174
"30",566,175
"30",566,176
"30",567,173
"30",567,174
"30",567,175
"30",567,176
"30",567,177
"30",567,178
"30",567,179
"30",568,174
"30",568,175
"30",568,176
"30",568,177
"30",568,178
"30",568,179
"30",568,180
"30",568,181
"30",568,182
"30",569,176
"30",569,177
"30",569,178
"30",569,179
"30",569,180
"30",569,181
"30",570,176
"30",570,177
"30",570,178
"30",570,179
"30",570,180
"30",570,181
"30",571,177
"30",571,178
"30",571,179
"30",571,180
"30",571,181
"30",572,177
"30",572,178
"30",572,179
"30",572,180
"30",572,181
"30",572,182
"30",573,177
"30",573,178
"30",573,179
"30",573,180
"30",573,181
"30",573,182
"30",574,178
"30",574,179
"30",574,180
"30",574,181
"30",574,182
"30",574,183
"30",575,179
"30",575,180
"30",575,181
"30",575,182
"30",575,183
"30",575,184
"30",576,179
"30",576,180
"30",576,181
"30",576,182
"30",576,183
"30",576,184
"30",577,181
"30",577,182
"30",577,183
"30",577,184
"30",578,181
"30",578,182
"30",578,183
"30",578,184
"30",579,181
"30",579,182
"30",579,183
"30",579,184
"30",579,185
"30",580,181
"30",580,182
"30",580,183
"30",580,184
"30",566,181
"30",566,183
"30",566,182
"30",566,171
"30",568,172
"30",570,173
"30",571,173
"30",572,173
"30",572,174
"30",573,174
"30",573,175
"30",574,175
"30",572,175
"30",571,175
"30",574,176
"30",571,174
"30",570,174
"30",567,171
"30",577,178
"30",578,178
"30",578,179
"30",579,179
"30",580,179
"30",579,178
"30",580,178
"30",583,180
"30",582,180
"30",581,179
"30",578,177
"30",576,177
"30",575,176
"30",575,175
"30",574,174
"30",573,173
"30",569,172
"30",579,187
"30",580,187
"30",584,181
"30",570,183
"29",547,183
"29",547,184
"29",547,185
"29",547,186
"29",547,187
"29",547,188
"29",547,189
"29",547,190
"29",547,191
"29",547,192
"29",547,193
"29",547,194
"29",547,195
"29",547,196
"29",547,197
"29",547,198
"29",547,199
"29",548,172
"29",548,173
"29",548,174
"29",548,175
"29",548,176
"29",548,177
"29",548,178
"29",548,179
"29",548,180
"29",548,181
"29",548,182
"29",548,183
"29",548,184
"29",548,185
"29",548,186
"29",548,187
"29",548,188
"29",548,189
"29",548,190
"29",548,191
"29",548,192
"29",548,193
"29",548,194
"29",548,195
"29",548,196
"29",548,197
"29",548,198
"29",548,199
"29",549,173
"29",549,174
"29",549,175
"29",549,176
"29",549,177
"29",549,178
"29",549,179
"29",549,180
"29",549,181
"29",549,182
"29",549,183
"29",549,184
"29",549,185
"29",549,186
"29",549,187
"29",549,188
"29",549,189
"29",549,190
"29",549,191
"29",549,192
"29",549,193
"29",549,194
"29",549,195
"29",549,196
"29",528,170
"29",529,170
"29",530,170
"29",530,171
"29",531,172
"29",532,172
"29",533,172
"29",534,173
"29",535,173
"29",536,174
"29",537,175
"29",538,175
"29",539,176
"29",540,177
"29",541,178
"29",542,179
"29",543,180
"29",544,181
"29",544,182
"29",545,183
"29",545,184
"29",545,185
"29",545,186
"29",545,187
"29",545,188
"29",545,189
"29",545,190
"29",545,191
"29",545,192
"29",546,193
"29",546,194
"29",546,195
"29",546,196
"29",545,196
"29",545,197
"REL35",508,122
"REL35",507,122
"REL35",507,121
"REL35",521,120
"REL35",521,121
"REL35",520,121
"REL35",520,122
"REL35",519,122
"REL35",518,121
"REL35",518,120
"REL35",517,120
"REL35",516,120
"REL35",515,119
"REL35",514,119
"REL35",513,119
"REL35",512,119
"REL35",512,118
"REL35",511,118
"REL35",511,117
"REL35",512,117
"REL35",512,116
"REL35",513,116
"REL35",513,115
"REL35",514,116
"REL35",514,117
"REL35",515,117
"REL35",516,117
"REL35",516,118
"REL35",517,118
"REL35",518,118
"REL35",518,119
"REL35",519,119
"REL35",519,120
"REL35",520,120
"REL35",519,121
"REL35",516,119
"REL35",513,118
"REL35",513,117
"REL35",514,118
"REL35",515,118
"REL35",517,119
"REL35",511,119
"REL35",511,120
"REL35",512,120
"REL35",517,127
"REL35",517,128
"REL35",516,127
"REL35",516,126
"REL35",515,126
"REL35",515,125
"REL35",515,124
"REL35",516,124
"REL35",519,123
"REL35",518,123
"REL35",518,124
"REL35",517,124
"REL35",517,123
"REL35",516,123
"REL35",515,122
"REL35",514,122
"REL35",514,121
"REL35",513,121
"REL35",513,120
"REL35",514,120
"REL35",515,120
"REL35",515,121
"REL35",516,121
"REL35",516,122
"REL35",517,121
"REL35",517,122
"REL35",518,122
"REL35",515,123
"REL35",514,123
"REL35",514,124
"REL35",513,123
"REL35",513,122
"REL35",512,122
"REL35",512,121
"REL35",511,121
"REL35",508,123
"REL35",509,123
"REL35",509,124
"REL35",510,124
"REL35",511,124
"REL35",511,125
"REL35",512,125
"REL35",513,125
"REL35",514,125
"REL35",511,122
"REL35",510,122
"REL35",509,122
"REL35",510,123
"REL35",511,123
"REL35",512,123
"REL35",512,124
"REL35",513,124
"REL35",517,125
"REL35",516,125
"REL35",514,126
"REL35",513,126
"REL35",518,125
"REL36",525,133
"REL36",524,133
"REL36",523,133
"REL36",522,133
"REL36",522,132
"REL36",521,132
"REL36",521,131
"REL36",520,131
"REL36",519,131
"REL36",518,131
"REL36",518,130
"REL36",517,130
"REL36",516,130
"REL36",516,129
"REL36",515,129
"REL36",514,129
"REL36",514,128
"REL36",513,128
"REL36",512,128
"REL36",512,127
"REL36",511,127
"29",545,195
"29",545,194
"29",545,193
"29",545,198
"29",545,199
"29",545,200
"REL36",511,126
"REL36",510,125
"REL36",509,125
"REL36",508,125
"REL36",508,124
"REL36",507,124
"REL36",507,123
"REL36",506,123
"REL36",506,122
"REL36",505,122
"REL36",505,123
"REL36",504,123
"REL36",504,122
"REL36",505,124
"REL36",506,124
"REL36",506,125
"REL36",505,125
"REL36",506,126
"REL36",507,126
"REL36",508,126
"REL36",508,127
"REL36",509,127
"REL36",509,128
"REL36",509,129
"REL36",509,130
"REL36",510,130
"REL36",510,131
"REL36",511,131
"REL36",511,132
"REL36",512,132
"REL36",513,132
"REL36",513,133
"REL36",514,133
"REL36",515,133
"REL36",516,133
"REL36",517,133
"REL36",518,133
"REL36",519,133
"REL36",520,133
"REL36",521,133
"REL36",507,125
"REL36",509,126
"REL36",510,126
"REL36",510,127
"REL36",510,128
"REL36",510,129
"REL36",511,128
"REL36",511,129
"REL36",511,130
"REL36",512,129
"REL36",512,130
"REL36",512,131
"REL36",513,129
"REL36",513,130
"REL36",513,131
"REL36",514,130
"REL36",514,131
"REL36",514,132
"REL36",515,130
"REL36",515,131
"REL36",515,132
"REL36",516,131
"REL36",516,132
"REL36",517,131
"REL36",517,132
"REL36",518,132
"REL36",519,132
"REL36",520,132
"REL36",515,134
"REL36",514,135
"REL36",514,136
"REL36",514,137
"REL36",514,138
"REL36",513,138
"REL36",513,137
"REL36",512,137
"REL36",511,137
"REL36",511,136
"REL36",511,135
"REL36",510,135
"REL36",510,136
"REL36",509,135
"REL36",508,135
"REL36",508,134
"REL36",507,134
"REL36",507,133
"REL36",506,133
"REL36",505,133
"REL36",505,132
"REL36",504,132
"REL36",506,132
"REL36",506,131
"REL36",507,131
"REL36",508,131
"REL36",508,130
"REL36",507,132
"REL36",508,132
"REL36",508,133
"REL36",509,131
"REL36",509,132
"REL36",509,133
"REL36",509,134
"REL36",510,132
"REL36",510,133
"REL36",510,134
"REL36",511,133
"REL36",511,134
"REL36",512,133
"REL36",512,134
"REL36",512,135
"REL36",512,136
"REL36",513,134
"REL36",513,135
"REL36",513,136
"REL36",514,134
"REL36",524,134
"REL36",524,135
"REL36",523,134
"REL36",522,134
"REL36",523,132
"REL36",521,130
"REL36",520,130
"REL36",519,130
"REL36",518,129
"REL36",519,129
"REL36",517,129
"REL36",516,128
"REL36",515,128
"REL36",514,127
"REL36",513,127
"REL36",512,126
"REL36",515,127
"REL36",504,121
"REL39",558,156
"REL39",557,155
"REL39",556,155
"REL39",556,154
"REL39",555,154
"REL39",554,154
"REL39",554,153
"REL39",553,153
"REL39",552,153
"REL39",552,152
"REL39",551,151
"REL39",550,151
"REL39",549,151
"REL39",550,152
"REL39",550,153
"REL39",551,153
"REL39",551,154
"REL39",551,156
"REL39",552,156
"REL39",553,156
"REL39",553,157
"REL39",554,157
"REL39",555,157
"REL39",556,157
"REL39",556,156
"REL39",557,156
"REL39",551,152
"REL39",552,154
"REL39",552,155
"REL39",553,154
"REL39",553,155
"REL39",554,155
"REL39",554,156
"REL39",555,155
"REL39",555,156
"REL39",555,158
"REL39",554,158
"REL39",554,159
"REL39",554,160
"REL39",554,161
"REL39",553,161
"REL39",552,161
"REL39",552,160
"REL39",551,160
"REL39",551,159
"REL39",550,159
"REL39",549,159
"REL39",549,158
"REL39",550,158
"REL39",551,158
"REL39",551,157
"REL39",552,157
"REL39",552,158
"REL39",552,159
"REL39",553,158
"REL39",553,159
"REL39",553,160
"REL39",554,162
"REL39",555,162
"REL39",556,163
"REL39",555,163
"REL39",554,163
"REL39",553,162
"REL39",551,161
"REL39",550,161
"REL39",549,161
"REL39",549,160
"REL39",550,160
"REL39",548,160
"REL39",547,160
"REL39",547,159
"REL39",548,159
"REL39",548,158
"REL39",547,158
"REL39",547,157
"REL39",546,157
"REL39",546,156
"REL39",545,156
"REL39",546,155
"REL39",547,155
"REL39",547,156
"REL39",548,157
"REL39",552,162
"REL39",550,155
"REL39",548,150
"REL39",548,149
"REL39",548,148
"REL39",547,148
"REL39",547,147
"REL39",546,147
"REL39",545,147
"REL39",545,146
"REL39",544,146
"REL39",544,145
"REL39",543,145
"REL39",543,144
"REL39",542,144
"REL39",541,144
"REL39",541,143
"REL39",540,143
"REL39",539,143
"REL39",540,142
"REL39",559,156
"REL39",560,157
"REL39",559,157
"REL39",558,157
"REL39",557,157
"REL39",550,154
"REL39",551,155
"REL39",550,150
"REL39",549,150
"REL39",549,149
"REL39",553,152
"REL39",552,151
"REL39",557,154
"REL39",556,164
"REL39",555,164
"REL39",550,149
"REL39",551,150
"REL39",552,150
"REL39",553,151
"REL39",554,152
"REL39",555,152
"REL39",555,153
"REL39",556,153
"13L-4.1",594,167
"13L-4.1",594,168
"13L-4.1",593,169
"13L-4.1",592,169
"13L-4.1",592,170
"13L-4.1",592,171
"13L-4.1",591,171
"13L-4.1",591,172
"13L-4.1",591,173
"13L-4.1",590,173
"13L-4.1",590,174
"13L-4.1",590,175
"13L-4.1",589,175
"13L-4.1",589,176
"13L-4.1",588,176
"13L-4.1",588,177
"13L-4.1",587,177
"13L-4.1",587,176
"13L-4.1",586,176
"13L-4.1",585,175
"13L-4.1",584,175
"13L-4.1",583,174
"13L-4.1",583,173
"13L-4.1",582,173
"13L-4.1",581,173
"13L-4.1",580,172
"13L-4.1",580,171
"13L-4.1",580,170
"13L-4.1",580,169
"13L-4.1",581,169
"13L-4.1",581,168
"13L-4.1",582,167
"13L-4.1",582,166
"13L-4.1",582,165
"13L-4.1",583,165
"13L-4.1",586,162
"13L-4.1",587,162
"13L-4.1",587,163
"13L-4.1",588,163
"13L-4.1",589,163
"13L-4.1",590,164
"13L-4.1",591,164
"13L-4.1",591,165
"13L-4.1",592,165
"13L-4.1",592,166
"13L-4.1",593,166
"13L-4.1",594,166
"13L-4.1",581,167
"13L-4.1",581,170
"13L-4.1",581,171
"13L-4.1",581,172
"13L-4.1",582,168
"13L-4.1",582,169
"13L-4.1",582,170
"13L-4.1",582,171
"13L-4.1",582,172
"13L-4.1",583,166
"13L-4.1",583,167
"13L-4.1",583,168
"13L-4.1",583,169
"13L-4.1",583,170
"13L-4.1",583,171
"13L-4.1",583,172
"13L-4.1",584,165
"13L-4.1",584,166
"13L-4.1",584,167
"13L-4.1",584,168
"13L-4.1",584,169
"13L-4.1",584,170
"13L-4.1",584,171
"13L-4.1",584,172
"13L-4.1",584,173
"13L-4.1",584,174
"13L-4.1",585,165
"13L-4.1",585,166
"13L-4.1",585,167
"13L-4.1",585,168
"13L-4.1",585,169
"13L-4.1",585,170
"13L-4.1",585,171
"13L-4.1",585,172
"13L-4.1",585,173
"13L-4.1",585,174
"13L-4.1",586,163
"13L-4.1",586,164
"13L-4.1",586,165
"13L-4.1",586,166
"13L-4.1",586,167
"13L-4.1",586,168
"13L-4.1",586,169
"13L-4.1",586,170
"13L-4.1",586,171
"13L-4.1",586,172
"13L-4.1",586,173
"13L-4.1",586,174
"13L-4.1",586,175
"13L-4.1",587,164
"13L-4.1",587,165
"13L-4.1",587,166
"13L-4.1",587,167
"13L-4.1",587,168
"13L-4.1",587,169
"13L-4.1",587,170
"13L-4.1",587,171
"13L-4.1",587,172
"13L-4.1",587,173
"13L-4.1",587,174
"13L-4.1",587,175
"13L-4.1",588,164
"13L-4.1",588,165
"13L-4.1",588,166
"13L-4.1",588,167
"13L-4.1",588,168
"13L-4.1",588,169
"13L-4.1",588,170
"13L-4.1",588,171
"13L-4.1",588,172
"13L-4.1",588,173
"13L-4.1",588,174
"13L-4.1",588,175
"13L-4.1",589,164
"13L-4.1",589,165
"13L-4.1",589,166
"13L-4.1",589,167
"13L-4.1",589,168
"13L-4.1",589,169
"13L-4.1",589,170
"13L-4.1",589,171
"13L-4.1",589,172
"13L-4.1",589,173
"13L-4.1",589,174
"13L-4.1",590,165
"13L-4.1",590,166
"13L-4.1",590,167
"13L-4.1",590,168
"13L-4.1",590,169
"13L-4.1",590,170
"13L-4.1",590,171
"13L-4.1",590,172
"13L-4.1",591,166
"13L-4.1",591,167
"13L-4.1",591,168
"13L-4.1",591,169
"13L-4.1",591,170
"13L-4.1",592,167
"13L-4.1",592,168
"13L-4.1",593,167
"13L-4.1",593,168
"13L-4.1",581,164
"13L-4.1",579,163
"13L-4.1",579,160
"13L-4.1",582,161
"13L-4.1",582,160
"13L-4.1",581,160
"13L-4.1",580,160
"13L-4.1",580,159
"13L-4.1",579,159
"13L-4.1",579,158
"13L-4.1",578,158
"13L-4.1",581,159
"13L-4.1",578,157
"13L-4.1",577,157
"13L-4.1",576,157
"13L-4.1",576,156
"13L-4.1",575,156
"13L-4.1",574,156
"13L-4.1",574,155
"13L-4.1",573,156
"13L-4.1",573,157
"13L-4.1",572,157
"13L-4.1",573,155
"13L-4.1",572,158
"13L-4.1",571,159
"13L-4.1",571,160
"13L-4.1",571,161
"13L-4.1",571,162
"13L-4.1",572,162
"13L-4.1",572,163
"13L-4.1",571,163
"13L-4.1",572,164
"13L-4.1",573,164
"13L-4.1",573,165
"13L-4.1",574,165
"13L-4.1",575,165
"13L-4.1",575,166
"13L-4.1",576,166
"13L-4.1",577,166
"13L-4.1",577,167
"13L-4.1",578,167
"13L-4.1",579,167
"13L-4.1",580,167
"13L-4.1",580,168
"13L-4.1",581,166
"13L-4.1",581,165
"13L-4.1",580,164
"13L-4.1",579,164
"13L-4.1",571,158
"13L-4.1",572,156
"13L-4.1",572,159
"13L-4.1",572,160
"13L-4.1",572,161
"13L-4.1",573,158
"13L-4.1",573,159
"13L-4.1",573,160
"13L-4.1",573,161
"13L-4.1",573,162
"13L-4.1",573,163
"13L-4.1",574,157
"13L-4.1",574,158
"13L-4.1",574,159
"13L-4.1",574,160
"13L-4.1",574,161
"13L-4.1",574,162
"13L-4.1",574,163
"13L-4.1",574,164
"13L-4.1",575,157
"13L-4.1",575,158
"13L-4.1",575,159
"13L-4.1",575,160
"13L-4.1",575,161
"13L-4.1",575,162
"13L-4.1",575,163
"13L-4.1",575,164
"13L-4.1",576,158
"13L-4.1",576,159
"13L-4.1",576,160
"13L-4.1",576,161
"13L-4.1",576,162
"13L-4.1",576,163
"13L-4.1",576,164
"13L-4.1",576,165
"13L-4.1",577,158
"13L-4.1",577,159
"13L-4.1",577,160
"13L-4.1",577,161
"13L-4.1",577,162
"13L-4.1",577,163
"13L-4.1",577,164
"13L-4.1",577,165
"13L-4.1",578,159
"13L-4.1",578,160
"13L-4.1",578,161
"13L-4.1",578,162
"13L-4.1",578,163
"13L-4.1",578,164
"13L-4.1",578,165
"13L-4.1",578,166
"13L-4.1",579,165
"13L-4.1",579,166
"13L-4.1",580,165
"13L-4.1",580,166
"13L-4.1",579,168
"13L-4.1",574,166
"13L-4.1",573,166
"13L-4.1",572,165
"13L-4.1",571,164
"13L-4.1",570,163
"13L-4.1",570,162
"13L-4.1",570,164
"13L-4.1",571,157
"13L-4.1",571,156
"13L-4.1",570,155
"13L-4.1",569,155
"13L-4.1",568,154
"13L-4.1",567,154
"13L-4.1",565,153
"13L-4.1",566,154
"13L-4.1",568,155
"13L-4.1",568,156
"13L-4.1",569,157
"13L-4.1",569,156
"13L-4.1",570,156
"13L-4.1",570,157
"13L-4.1",570,158
"13L-4.1",570,159
"13L-4.1",570,161
"13L-4.1",569,161
"13L-4.1",569,160
"13L-4.1",568,160
"13L-4.1",567,160
"13L-4.1",567,159
"13L-4.1",566,159
"13L-4.1",565,159
"13L-4.1",565,158
"13L-4.1",564,158
"13L-4.1",564,157
"13L-4.1",563,157
"13L-4.1",563,156
"13L-4.1",562,156
"13L-4.1",562,155
"13L-4.1",561,155
"13L-4.1",561,154
"13L-4.1",560,154
"13L-4.1",560,153
"13L-4.1",559,153
"13L-4.1",558,152
"13L-4.1",557,152
"13L-4.1",556,151
"13L-4.1",552,148
"13L-4.1",552,147
"13L-4.1",553,147
"13L-4.1",553,146
"13L-4.1",554,146
"13L-4.1",554,145
"13L-4.1",555,145
"13L-4.1",556,145
"13L-4.1",556,146
"13L-4.1",557,146
"13L-4.1",558,146
"13L-4.1",558,147
"13L-4.1",557,147
"13L-4.1",557,148
"13L-4.1",557,149
"13L-4.1",558,149
"13L-4.1",558,150
"13L-4.1",559,151
"13L-4.1",561,152
"13L-4.1",553,148
"13L-4.1",554,147
"13L-4.1",554,148
"13L-4.1",554,149
"13L-4.1",555,146
"13L-4.1",555,147
"13L-4.1",555,148
"13L-4.1",555,149
"13L-4.1",555,150
"13L-4.1",556,147
"13L-4.1",556,148
"13L-4.1",556,149
"13L-4.1",556,150
"13L-4.1",557,150
"13L-4.1",557,151
"13L-4.1",558,151
"13L-4.1",559,152
"13L-4.1",560,152
"13L-4.1",561,153
"13L-4.1",562,153
"13L-4.1",562,154
"13L-4.1",563,153
"13L-4.1",563,154
"13L-4.1",563,155
"13L-4.1",564,154
"13L-4.1",564,155
"13L-4.1",564,156
"13L-4.1",565,154
"13L-4.1",565,155
"13L-4.1",565,156
"13L-4.1",565,157
"13L-4.1",566,155
"13L-4.1",566,156
"13L-4.1",566,157
"13L-4.1",566,158
"13L-4.1",567,155
"13L-4.1",567,156
"13L-4.1",567,157
"13L-4.1",567,158
"13L-4.1",568,157
"13L-4.1",568,158
"13L-4.1",568,159
"13L-4.1",569,158
"13L-4.1",569,159
"13L-4.1",570,160
"13L-4.1",560,151
"13L-4.1",564,153
"13L-4.1",568,161
"13L-4.1",566,160
"13L-4.1",585,164
"13L-4.1",585,163
"13L-4.1",580,163
"13L-4.1",558,145
"13L-4.1",557,145
"13L-4.1",556,144
"13L-4.1",555,144
"13L-4.1",555,143
"13L-4.1",554,143
"13L-4.1",553,143
"13L-4.1",553,142
"13L-4.1",552,142
"13L-4.1",551,142
"13L-4.1",551,141
"13L-4.1",550,141
"13L-4.1",550,140
"13L-4.1",549,140
"13L-4.1",548,140
"13L-4.1",548,139
"13L-4.1",547,139
"13L-4.1",547,138
"13L-4.1",546,138
"13L-4.1",545,138
"13L-4.1",545,137
"13L-4.1",544,137
"13L-4.1",543,137
"13L-4.1",543,136
"13L-4.1",542,136
"13L-4.1",542,135
"13L-4.1",541,135
"13L-4.1",540,135
"13L-4.1",539,135
"13L-4.1",538,134
"13L-4.1",537,134
"13L-4.1",537,133
"13L-4.1",536,133
"13L-4.1",536,132
"13L-4.1",535,132
"13L-4.1",534,131
"13L-4.1",533,131
"13L-4.1",532,131
"13L-4.1",532,130
"13L-4.1",532,129
"13L-4.1",531,129
"13L-4.1",531,128
"13L-4.1",530,128
"13L-4.1",529,128
"13L-4.1",529,127
"13L-4.1",528,127
"13L-4.1",527,127
"13L-4.1",527,126
"13L-4.1",526,126
"13L-4.1",525,125
"13L-4.1",524,125
"13L-4.1",523,125
"13L-4.1",523,124
"13L-4.1",522,124
"13L-4.1",521,124
"13L-4.1",520,124
"13L-4.1",520,125
"13L-4.1",520,126
"13L-4.1",521,126
"13L-4.1",521,127
"13L-4.1",522,127
"13L-4.1",522,128
"13L-4.1",523,129
"13L-4.1",524,130
"13L-4.1",525,130
"13L-4.1",525,131
"13L-4.1",526,131
"13L-4.1",527,131
"13L-4.1",527,132
"13L-4.1",528,132
"13L-4.1",529,133
"13L-4.1",530,134
"13L-4.1",531,135
"13L-4.1",532,135
"13L-4.1",533,135
"13L-4.1",534,136
"13L-4.1",535,137
"13L-4.1",536,137
"13L-4.1",537,138
"13L-4.1",538,138
"13L-4.1",539,139
"13L-4.1",540,139
"13L-4.1",541,140
"13L-4.1",542,140
"13L-4.1",543,141
"13L-4.1",544,142
"13L-4.1",545,142
"13L-4.1",546,143
"13L-4.1",547,143
"13L-4.1",548,143
"13L-4.1",549,144
"13L-4.1",550,144
"13L-4.1",551,144
"13L-4.1",551,145
"13L-4.1",552,145
"13L-4.1",553,145
"13L-4.1",521,125
"13L-4.1",522,125
"13L-4.1",522,126
"13L-4.1",523,126
"13L-4.1",523,127
"13L-4.1",523,128
"13L-4.1",524,126
"13L-4.1",524,127
"13L-4.1",524,128
"13L-4.1",524,129
"13L-4.1",525,126
"13L-4.1",525,127
"13L-4.1",525,128
"13L-4.1",525,129
"13L-4.1",526,127
"13L-4.1",526,128
"13L-4.1",526,129
"13L-4.1",526,130
"13L-4.1",527,128
"13L-4.1",527,129
"13L-4.1",527,130
"13L-4.1",528,128
"13L-4.1",528,129
"13L-4.1",528,130
"13L-4.1",528,131
"13L-4.1",529,129
"13L-4.1",529,130
"13L-4.1",529,131
"13L-4.1",529,132
"13L-4.1",530,129
"13L-4.1",530,130
"13L-4.1",530,131
"13L-4.1",530,132
"13L-4.1",530,133
"13L-4.1",531,130
"13L-4.1",531,131
"13L-4.1",531,132
"13L-4.1",531,133
"13L-4.1",531,134
"13L-4.1",532,132
"13L-4.1",532,133
"13L-4.1",532,134
"13L-4.1",533,132
"13L-4.1",533,133
"13L-4.1",533,134
"13L-4.1",534,132
"13L-4.1",534,133
"13L-4.1",534,134
"13L-4.1",534,135
"13L-4.1",535,133
"13L-4.1",535,134
"13L-4.1",535,135
"13L-4.1",535,136
"13L-4.1",536,134
"13L-4.1",536,135
"13L-4.1",536,136
"13L-4.1",537,135
"13L-4.1",537,136
"13L-4.1",537,137
"13L-4.1",538,135
"13L-4.1",538,136
"13L-4.1",538,137
"13L-4.1",539,136
"13L-4.1",539,137
"13L-4.1",539,138
"13L-4.1",540,136
"13L-4.1",540,137
"13L-4.1",540,138
"13L-4.1",541,136
"13L-4.1",541,137
"13L-4.1",541,138
"13L-4.1",541,139
"13L-4.1",542,137
"13L-4.1",542,138
"13L-4.1",542,139
"13L-4.1",543,138
"13L-4.1",543,139
"13L-4.1",543,140
"13L-4.1",544,138
"13L-4.1",544,139
"13L-4.1",544,140
"13L-4.1",544,141
"13L-4.1",545,139
"13L-4.1",545,140
"13L-4.1",545,141
"13L-4.1",546,139
"13L-4.1",546,140
"13L-4.1",546,141
"13L-4.1",546,142
"13L-4.1",547,140
"13L-4.1",547,141
"13L-4.1",547,142
"13L-4.1",548,141
"13L-4.1",548,142
"13L-4.1",549,141
"13L-4.1",549,142
"13L-4.1",549,143
"13L-4.1",550,142
"13L-4.1",550,143
"13L-4.1",551,143
"13L-4.1",552,143
"13L-4.1",552,144
"13L-4.1",553,144
"13L-4.1",554,144
"13L-4.1",551,148
"13L-4.1",550,148
"13L-4.1",549,148
"13L-4.1",549,147
"13L-4.1",548,147
"13L-4.1",548,146
"13L-4.1",547,146
"13L-4.1",546,146
"13L-4.1",546,145
"13L-4.1",545,145
"13L-4.1",545,144
"13L-4.1",544,144
"13L-4.1",544,143
"13L-4.1",543,143
"13L-4.1",542,143
"13L-4.1",542,142
"13L-4.1",541,142
"13L-4.1",540,141
"13L-4.1",539,141
"13L-4.1",538,143
"13L-4.1",538,144
"13L-4.1",537,144
"13L-4.1",537,145
"13L-4.1",537,146
"13L-4.1",537,143
"13L-4.1",538,142
"13L-4.1",539,140
"13L-4.1",540,140
"13L-4.1",541,141
"13L-4.1",542,141
"13L-4.1",543,142
"13L-4.1",545,143
"13L-4.1",546,144
"13L-4.1",547,144
"13L-4.1",547,145
"13L-4.1",548,144
"13L-4.1",548,145
"13L-4.1",549,145
"13L-4.1",549,146
"13L-4.1",550,146
"13L-4.1",550,147
"13L-4.1",551,147
"13L-4.1",552,146
"13L-4.1",551,146
"13L-4.1",550,145
"13L-4.1",537,147
"13L-4.1",538,147
"13L-4.1",538,148
"13L-4.1",539,148
"13L-4.1",540,149
"13L-4.1",541,149
"13L-4.1",542,149
"13L-4.1",543,149
"13L-4.1",543,150
"13L-4.1",544,150
"13L-4.1",545,150
"13L-4.1",545,151
"13L-4.1",546,151
"13L-4.1",546,152
"13L-4.1",547,152
"13L-4.1",548,152
"13L-4.1",548,153
"13L-4.1",549,153
"13L-4.1",549,152
"13L-4.1",547,151
"13L-4.1",546,150
"13L-4.1",546,149
"13L-4.1",547,149
"13L-4.1",546,148
"13L-4.1",545,148
"13L-4.1",545,147
"13L-4.1",544,147
"13L-4.1",543,147
"13L-4.1",543,146
"13L-4.1",542,146
"13L-4.1",542,145
"13L-4.1",541,145
"13L-4.1",540,145
"13L-4.1",540,144
"13L-4.1",539,144
"13L-4.1",538,145
"13L-4.1",538,146
"13L-4.1",539,145
"13L-4.1",539,146
"13L-4.1",539,147
"13L-4.1",540,146
"13L-4.1",540,147
"13L-4.1",540,148
"13L-4.1",541,146
"13L-4.1",541,147
"13L-4.1",541,148
"13L-4.1",542,147
"13L-4.1",542,148
"13L-4.1",543,148
"13L-4.1",544,148
"13L-4.1",544,149
"13L-4.1",545,149
"13L-4.1",536,146
"13L-4.1",535,146
"13L-4.1",534,146
"13L-4.1",534,145
"13L-4.1",533,145
"13L-4.1",532,145
"13L-4.1",532,144
"13L-4.1",531,144
"13L-4.1",530,144
"13L-4.1",530,143
"13L-4.1",529,143
"13L-4.1",528,143
"13L-4.1",528,142
"13L-4.1",527,142
"13L-4.1",526,142
"13L-4.1",526,141
"13L-4.1",525,141
"13L-4.1",525,140
"13L-4.1",524,140
"13L-4.1",524,139
"13L-4.1",524,138
"13L-4.1",524,137
"13L-4.1",524,136
"13L-4.1",525,136
"13L-4.1",525,135
"13L-4.1",526,134
"13L-4.1",526,133
"13L-4.1",527,133
"13L-4.1",539,142
"13L-4.1",525,134
"13L-4.1",525,137
"13L-4.1",525,138
"13L-4.1",525,139
"13L-4.1",526,135
"13L-4.1",526,136
"13L-4.1",526,137
"13L-4.1",526,138
"13L-4.1",526,139
"13L-4.1",526,140
"13L-4.1",527,134
"13L-4.1",527,135
"13L-4.1",527,136
"13L-4.1",527,137
"13L-4.1",527,138
"13L-4.1",527,139
"13L-4.1",527,140
"13L-4.1",527,141
"13L-4.1",528,133
"13L-4.1",528,134
"13L-4.1",528,135
"13L-4.1",528,136
"13L-4.1",528,137
"13L-4.1",528,138
"13L-4.1",528,139
"13L-4.1",528,140
"13L-4.1",528,141
"13L-4.1",529,134
"13L-4.1",529,135
"13L-4.1",529,136
"13L-4.1",529,137
"13L-4.1",529,138
"13L-4.1",529,139
"13L-4.1",529,140
"13L-4.1",529,141
"13L-4.1",529,142
"13L-4.1",530,135
"13L-4.1",530,136
"13L-4.1",530,137
"13L-4.1",530,138
"13L-4.1",530,139
"13L-4.1",530,140
"13L-4.1",530,141
"13L-4.1",530,142
"13L-4.1",531,136
"13L-4.1",531,137
"13L-4.1",531,138
"13L-4.1",531,139
"13L-4.1",531,140
"13L-4.1",531,141
"13L-4.1",531,142
"13L-4.1",531,143
"13L-4.1",532,136
"13L-4.1",532,137
"13L-4.1",532,138
"13L-4.1",532,139
"13L-4.1",532,140
"13L-4.1",532,141
"13L-4.1",532,142
"13L-4.1",532,143
"13L-4.1",533,136
"13L-4.1",533,137
"13L-4.1",533,138
"13L-4.1",533,139
"13L-4.1",533,140
"13L-4.1",533,141
"13L-4.1",533,142
"13L-4.1",533,143
"13L-4.1",533,144
"13L-4.1",534,137
"13L-4.1",534,138
"13L-4.1",534,139
"13L-4.1",534,140
"13L-4.1",534,141
"13L-4.1",534,142
"13L-4.1",534,143
"13L-4.1",534,144
"13L-4.1",535,138
"13L-4.1",535,139
"13L-4.1",535,140
"13L-4.1",535,141
"13L-4.1",535,142
"13L-4.1",535,143
"13L-4.1",535,144
"13L-4.1",535,145
"13L-4.1",536,138
"13L-4.1",536,139
"13L-4.1",536,140
"13L-4.1",536,141
"13L-4.1",536,142
"13L-4.1",536,143
"13L-4.1",536,144
"13L-4.1",537,139
"13L-4.1",537,140
"13L-4.1",537,141
"13L-4.1",537,142
"13L-4.1",538,139
"13L-4.1",538,140
"13L-4.1",538,141
"13L-4.1",536,145
"13L-4.1",523,138
"13L-4.1",522,138
"13L-4.1",522,137
"13L-4.1",521,137
"13L-4.1",520,137
"13L-4.1",519,137
"13L-4.1",518,137
"13L-4.1",518,136
"13L-4.1",517,136
"13L-4.1",517,135
"13L-4.1",516,135
"13L-4.1",517,134
"13L-4.1",518,134
"13L-4.1",519,134
"13L-4.1",520,134
"13L-4.1",521,134
"13L-4.1",522,135
"13L-4.1",523,135
"13L-4.1",523,136
"13L-4.1",516,134
"13L-4.1",518,135
"13L-4.1",519,135
"13L-4.1",519,136
"13L-4.1",520,135
"13L-4.1",520,136
"13L-4.1",521,135
"13L-4.1",521,136
"13L-4.1",522,136
"13L-4.1",523,137
"13L-4.1",523,139
"13L-4.1",521,138
"13L-4.1",526,132
"13L-4.1",525,132
"13L-4.1",524,132
"13L-4.1",524,131
"13L-4.1",523,131
"13L-4.1",522,131
"13L-4.1",522,130
"13L-4.1",521,129
"13L-4.1",520,129
"13L-4.1",518,128
"13L-4.1",519,128
"13L-4.1",519,127
"13L-4.1",518,127
"13L-4.1",518,126
"13L-4.1",517,126
"13L-4.1",519,126
"13L-4.1",519,125
"13L-4.1",519,124
"13L-4.1",520,123
"13L-4.1",520,127
"13L-4.1",520,128
"13L-4.1",521,128
"13L-4.1",522,129
"13L-4.1",523,130
"13L-4.1",493,122
"13L-4.1",494,122
"13L-4.1",495,122
"13L-4.1",495,123
"13L-4.1",496,123
"13L-4.1",497,123
"13L-4.1",497,124
"13L-4.1",498,124
"13L-4.1",499,125
"13L-4.1",500,125
"13L-4.1",500,126
"13L-4.1",501,126
"13L-4.1",501,127
"13L-4.1",502,127
"13L-4.1",503,127
"13L-4.1",504,128
"13L-4.1",505,128
"13L-4.1",506,129
"13L-4.1",507,129
"13L-4.1",506,128
"13L-4.1",506,127
"13L-4.1",505,127
"13L-4.1",505,126
"13L-4.1",504,125
"13L-4.1",504,124
"13L-4.1",503,124
"13L-4.1",503,123
"13L-4.1",503,122
"13L-4.1",503,121
"13L-4.1",503,120
"13L-4.1",504,120
"13L-4.1",505,120
"13L-4.1",505,121
"13L-4.1",506,121
"13L-4.1",506,120
"13L-4.1",506,119
"13L-4.1",507,119
"13L-4.1",507,120
"13L-4.1",508,120
"13L-4.1",508,121
"13L-4.1",509,121
"13L-4.1",510,121
"13L-4.1",510,120
"13L-4.1",509,120
"13L-4.1",508,119
"13L-4.1",509,119
"13L-4.1",510,119
"13L-4.1",510,118
"13L-4.1",510,117
"13L-4.1",509,116
"13L-4.1",508,116
"13L-4.1",507,116
"13L-4.1",506,115
"13L-4.1",505,115
"13L-4.1",504,115
"13L-4.1",504,114
"13L-4.1",503,114
"13L-4.1",503,113
"13L-4.1",502,113
"13L-4.1",502,112
"13L-4.1",501,112
"13L-4.1",501,111
"13L-4.1",500,111
"13L-4.1",500,112
"13L-4.1",499,112
"13L-4.1",498,112
"13L-4.1",498,113
"13L-4.1",498,114
"13L-4.1",498,115
"13L-4.1",499,116
"13L-4.1",498,116
"13L-4.1",497,116
"13L-4.1",497,117
"13L-4.1",496,117
"13L-4.1",496,118
"13L-4.1",495,118
"13L-4.1",495,119
"13L-4.1",494,119
"13L-4.1",494,120
"13L-4.1",494,121
"13L-4.1",493,121
"13L-4.1",495,120
"13L-4.1",495,121
"13L-4.1",496,119
"13L-4.1",496,120
"13L-4.1",496,121
"13L-4.1",496,122
"13L-4.1",497,118
"13L-4.1",497,119
"13L-4.1",497,120
"13L-4.1",497,121
"13L-4.1",497,122
"13L-4.1",498,117
"13L-4.1",498,118
"13L-4.1",498,119
"13L-4.1",498,120
"13L-4.1",498,121
"13L-4.1",498,122
"13L-4.1",498,123
"13L-4.1",499,113
"13L-4.1",499,114
"13L-4.1",499,115
"13L-4.1",499,117
"13L-4.1",499,118
"13L-4.1",499,119
"13L-4.1",499,120
"13L-4.1",499,121
"13L-4.1",499,122
"13L-4.1",499,123
"13L-4.1",499,124
"13L-4.1",500,113
"13L-4.1",500,114
"13L-4.1",500,115
"13L-4.1",500,116
"13L-4.1",500,117
"13L-4.1",500,118
"13L-4.1",500,119
"13L-4.1",500,120
"13L-4.1",500,121
"13L-4.1",500,122
"13L-4.1",500,123
"13L-4.1",500,124
"13L-4.1",501,113
"13L-4.1",501,114
"13L-4.1",501,115
"13L-4.1",501,116
"13L-4.1",501,117
"13L-4.1",501,118
"13L-4.1",501,119
"13L-4.1",501,120
"13L-4.1",501,121
"13L-4.1",501,122
"13L-4.1",501,123
"13L-4.1",501,124
"13L-4.1",501,125
"13L-4.1",502,114
"13L-4.1",502,115
"13L-4.1",502,116
"13L-4.1",502,117
"13L-4.1",502,118
"13L-4.1",502,119
"13L-4.1",502,120
"13L-4.1",502,121
"13L-4.1",502,122
"13L-4.1",502,123
"13L-4.1",502,124
"13L-4.1",502,125
"13L-4.1",502,126
"13L-4.1",503,115
"13L-4.1",503,116
"13L-4.1",503,117
"13L-4.1",503,118
"13L-4.1",503,119
"13L-4.1",503,125
"13L-4.1",503,126
"13L-4.1",504,116
"13L-4.1",504,117
"13L-4.1",504,118
"13L-4.1",504,119
"13L-4.1",504,126
"13L-4.1",504,127
"13L-4.1",505,116
"13L-4.1",505,117
"13L-4.1",505,118
"13L-4.1",505,119
"13L-4.1",506,116
"13L-4.1",506,117
"13L-4.1",506,118
"13L-4.1",507,117
"13L-4.1",507,118
"13L-4.1",508,117
"13L-4.1",508,118
"13L-4.1",509,117
"13L-4.1",509,118
"13L-4.1",547,150
"13L-4.1",556,158
"13L-4.1",556,159
"13L-4.1",557,159
"13L-4.1",558,159
"13L-4.1",558,160
"13L-4.1",559,160
"13L-4.1",560,160
"13L-4.1",560,161
"13L-4.1",561,161
"13L-4.1",562,161
"13L-4.1",561,160
"13L-4.1",561,159
"13L-4.1",560,159
"13L-4.1",560,158
"13L-4.1",559,158
"13L-4.1",558,158
"13L-4.1",557,158
"13L-4.1",559,159
"13L-4.1",541,150
"13L-4.1",542,150
"13L-4.1",544,151
"13L-4.1",545,152
"13L-4.1",547,153
"13L-4.1",546,153
"13L-4.1",543,151
"13L-4.1",562,160
"REL40",551,149
"REL40",552,149
"REL40",553,149
"REL40",553,150
"REL40",554,150
"REL40",554,151
"REL40",555,151
"REL40",556,152
"REL40",557,153
"REL40",558,153
"REL40",558,154
"REL40",559,154
"REL40",559,155
"REL40",558,155
"REL40",560,155
"REL40",560,156
"REL40",561,156
"REL40",561,157
"REL40",561,158
"REL40",562,158
"REL40",562,157
"REL40",562,159
"REL40",563,159
"REL40",563,158
"REL40",563,160
"REL40",564,159
"REL40",564,160
"REL40",565,160
"REL40",565,161
"REL40",564,161
"REL40",563,161
"REL40",586,177
"REL40",586,178
"REL40",586,179
"REL40",585,179
"REL40",584,179
"REL40",583,179
"REL40",583,178
"REL40",582,178
"REL40",582,177
"REL40",581,177
"REL40",580,177
"REL40",579,177
"REL40",579,176
"REL40",578,176
"REL40",578,175
"REL40",577,175
"REL40",577,176
"REL40",577,177
"REL40",576,176
"REL40",576,175
"REL40",576,174
"REL40",575,174
"REL40",575,173
"REL40",574,173
"REL40",574,172
"REL40",574,171
"REL40",573,171
"REL40",572,171
"REL40",571,171
"REL40",570,171
"REL40",573,172
"REL40",572,172
"REL40",571,172
"REL40",570,172
"REL40",569,171
"REL40",568,170
"REL40",567,170
"REL40",566,170
"REL40",566,169
"REL40",565,169
"REL40",564,168
"REL40",563,168
"REL40",563,167
"REL40",562,167
"REL40",561,167
"REL40",561,166
"REL40",561,165
"REL40",561,164
"REL40",561,163
"REL40",562,163
"REL40",563,163
"REL40",563,162
"REL40",564,162
"REL40",565,162
"REL40",565,163
"REL40",566,163
"REL40",567,163
"REL40",567,164
"REL40",568,164
"REL40",568,165
"REL40",568,166
"REL40",569,167
"REL40",570,167
"REL40",570,168
"REL40",571,168
"REL40",572,169
"REL40",573,169
"REL40",574,169
"REL40",574,170
"REL40",575,170
"REL40",575,171
"REL40",576,171
"REL40",577,172
"REL40",577,173
"REL40",578,173
"REL40",579,173
"REL40",579,174
"REL40",580,174
"REL40",580,175
"REL40",581,175
"REL40",582,175
"REL40",582,176
"REL40",583,176
"REL40",584,176
"REL40",584,177
"REL40",585,177
"REL40",562,164
"REL40",562,165
"REL40",562,166
"REL40",563,164
"REL40",563,165
"REL40",563,166
"REL40",564,163
"REL40",564,164
"REL40",564,165
"REL40",564,166
"REL40",564,167
"REL40",565,164
"REL40",565,165
"REL40",565,166
"REL40",565,167
"REL40",565,168
"REL40",566,164
"REL40",566,165
"REL40",566,166
"REL40",566,167
"REL40",566,168
"REL40",567,165
"REL40",567,166
"REL40",567,167
"REL40",567,168
"REL40",567,169
"REL40",568,167
"REL40",568,168
"REL40",568,169
"REL40",569,168
"REL40",569,169
"REL40",569,170
"REL40",570,169
"REL40",570,170
"REL40",571,169
"REL40",571,170
"REL40",572,170
"REL40",573,170
"REL40",575,172
"REL40",576,172
"REL40",576,173
"REL40",577,174
"REL40",578,174
"REL40",579,175
"REL40",580,176
"REL40",581,176
"REL40",583,177
"REL40",584,178
"REL40",585,178
"REL40",585,180
"REL40",584,180
"REL40",582,179
"REL40",581,178
"REL40",562,162
"REL40",568,171
"REL40",585,176
"REL40",583,175
"REL40",582,174
"REL40",581,174
"REL40",580,173
"REL40",578,172
"REL40",578,171
"REL40",578,170
"REL40",578,169
"REL40",579,171
"REL40",579,172
"REL40",579,170
"REL40",579,169
"REL40",578,168
"REL40",577,168
"REL40",576,168
"REL40",576,167
"REL40",575,167
"REL40",574,167
"REL40",574,168
"REL40",573,168
"REL40",572,168
"REL40",572,167
"REL40",573,167
"REL40",571,167
"REL40",577,171
"REL40",575,168
"REL40",575,169
"REL40",576,169
"REL40",576,170
"REL40",577,169
"REL40",577,170
"REL40",572,166
"REL40",571,166
"REL40",570,166
"REL40",570,165
"REL40",571,165
"REL40",569,165
"REL40",569,166
"REL40",569,164
"REL40",568,163
"REL40",568,162
"REL40",569,162
"REL40",569,163
"REL40",567,162
"REL40",566,162
"REL40",566,161
"REL40",567,161
"REL40",560,165
"REL40",560,166
"29",546,200
"29",547,200
"29",548,200
"29",549,200
"29",550,200
"29",551,200
"29",552,200
"29",553,200
"29",554,200
"29",554,199
"29",554,198
"29",553,197
"29",553,196
"29",553,195
"29",554,195
"29",554,196
"29",554,197
"29",554,194
"29",554,193
"29",555,193
"29",555,192
"29",556,191
"29",555,191
"29",555,190
"29",555,189
"29",555,188
"29",555,187
"29",556,187
"29",556,186
"29",556,185
"29",555,185
"29",555,184
"29",555,183
"29",555,182
"29",555,181
"29",554,179
"29",553,177
"29",552,176
"29",548,171
"29",547,171
"29",546,170
"29",545,170
"29",544,170
"29",544,169
"29",543,169
"29",542,169
"29",549,197
"29",549,198
"29",549,199
"29",550,174
"29",550,175
"29",550,176
"29",550,177
"29",550,178
"29",550,179
"29",550,180
"29",550,181
"29",550,182
"29",550,183
"29",550,184
"29",550,185
"29",550,186
"29",550,187
"29",550,188
"29",550,189
"29",550,190
"29",550,191
"29",550,192
"29",550,193
"29",550,194
"29",550,195
"29",550,196
"29",550,197
"29",550,198
"29",550,199
"29",551,175
"29",551,176
"29",551,177
"29",551,178
"29",551,179
"29",551,180
"29",551,181
"29",551,182
"29",551,183
"29",551,184
"29",551,185
"29",551,186
"29",551,187
"29",551,188
"29",551,189
"29",551,190
"29",551,191
"29",551,192
"29",551,193
"29",551,194
"29",551,195
"29",551,196
"29",551,197
"29",551,198
"29",551,199
"29",552,177
"29",552,178
"29",552,179
"29",552,180
"29",552,181
"29",552,182
"29",552,183
"29",552,184
"29",552,185
"29",552,186
"29",552,187
"29",552,188
"29",552,189
"29",552,190
"29",552,191
"29",552,192
"29",552,193
"29",552,194
"29",552,195
"29",552,196
"29",552,197
"29",552,198
"29",552,199
"29",553,178
"29",553,179
"29",553,180
"29",553,181
"29",553,182
"29",553,183
"29",553,184
"29",553,185
"29",553,186
"29",553,187
"29",553,188
"29",553,189
"29",553,190
"29",553,191
"29",553,192
"29",553,193
"29",553,194
"29",553,198
"29",553,199
"29",554,180
"29",554,181
"29",554,182
"29",554,183
"29",554,184
"29",554,185
"29",554,186
"29",554,187
"29",554,188
"29",554,189
"29",554,190
"29",554,191
"29",554,192
"29",555,186
"29",540,168
"29",541,168
"29",539,168
"29",538,168
"29",537,168
"29",536,168
"29",535,168
"29",534,168
"29",533,168
"29",532,168
"29",531,168
"29",530,168
"29",529,168
"29",528,168
"29",529,167
"29",529,166
"29",529,165
"29",530,165
"29",530,164
"29",530,163
"29",531,163
"29",531,162
"29",532,162
"29",532,163
"29",533,163
"29",533,164
"29",534,164
"29",535,164
"29",535,165
"29",536,165
"29",537,165
"29",537,166
"29",538,166
"29",538,167
"29",539,167
"29",530,166
"29",530,167
"29",531,164
"29",531,165
"29",531,166
"29",531,167
"29",532,164
"29",532,165
"29",532,166
"29",532,167
"29",533,165
"29",533,166
"29",533,167
"29",534,165
"29",534,166
"29",534,167
"29",535,166
"29",535,167
"29",536,166
"29",536,167
"29",537,167
"29",527,169
"29",527,170
"29",529,171
"29",532,173
"29",533,173
"29",534,174
"29",535,174
"29",536,175
"29",537,176
"29",538,176
"29",538,177
"29",539,177
"29",540,178
"29",541,179
"29",542,180
"29",542,181
"29",543,182
"29",543,183
"29",544,183
"29",543,181
"29",530,172
"29",533,174
"29",535,175
"29",544,184
"29",544,185
"29",544,186
"29",544,187
"29",544,188
"29",544,189
"29",544,190
"29",544,191
"29",544,192
"29",544,193
"29",544,194
"29",544,195
"29",544,196
"29",544,197
"29",544,198
"29",544,199
"29",549,172
"29",551,174
"29",550,173
"29",556,192
"29",556,193
"29",555,194
"29",556,184
"29",556,183
"29",556,182
"29",556,181
"29",555,180
"29",554,178
"29",552,175
"29",553,176
"91",306,241
"91",306,240
"91",306,239
"91",306,238
"91",306,237
"91",306,236
"91",306,235
"91",306,234
"91",306,233
"91",306,232
"91",307,232
"91",307,231
"91",307,230
"91",307,233
"91",306,231
"91",306,230
"91",306,229
"91",306,228
"91",306,227
"91",307,229
"91",307,228
"91",307,227
"91",307,226
"91",307,225
"91",307,224
"91",307,223
"91",307,222
"91",307,221
"91",307,220
"91",307,219
"91",307,218
"91",307,217
"91",307,216
"91",307,215
"91",307,214
"91",307,213
"91",307,212
"91",307,211
"91",307,210
"91",307,209
"91",307,208
"91",307,207
"91",306,224
"91",306,225
"91",306,226
"91",307,206
"91",307,205
"91",307,204
"91",306,203
"91",299,204
"91",299,205
"91",299,206
"91",299,207
"91",299,208
"91",299,209
"91",299,210
"91",299,211
"91",299,212
"91",298,212
"91",298,213
"91",297,214
"91",297,215
"91",297,216
"91",297,217
"91",297,218
"91",297,219
"91",297,220
"91",297,221
"91",297,222
"91",297,223
"91",297,224
"91",297,225
"91",297,226
"91",297,227
"91",297,228
"91",297,229
"91",297,230
"91",297,231
"91",297,232
"91",297,233
"91",297,234
"91",297,235
"91",297,236
"91",297,237
"91",297,238
"91",297,239
"91",297,240
"91",297,241
"91",296,241
"91",296,240
"91",296,239
"91",296,238
"91",296,237
"91",296,236
"91",296,235
"91",296,234
"91",297,213
"91",298,214
"91",298,215
"91",298,216
"91",298,217
"91",298,218
"91",298,219
"91",298,220
"91",298,221
"91",298,222
"91",298,223
"91",298,224
"91",298,225
"91",298,226
"91",298,227
"91",299,213
"91",299,214
"91",299,215
"91",299,216
"91",299,217
"91",299,218
"91",299,219
"91",299,220
"91",299,221
"91",299,222
"91",299,223
"91",299,224
"91",299,225
"91",300,203
"91",300,204
"91",300,205
"91",300,206
"91",300,207
"91",300,208
"91",300,209
"91",300,210
"91",300,211
"91",300,212
"91",300,213
"91",300,214
"91",300,215
"91",300,216
"91",300,217
"91",300,218
"91",300,219
"91",300,220
"91",300,221
"91",300,222
"91",301,203
"91",301,204
"91",301,205
"91",301,206
"91",301,207
"91",301,208
"91",301,209
"91",301,210
"91",301,211
"91",301,212
"91",301,213
"91",301,214
"91",301,215
"91",301,216
"91",301,217
"91",301,218
"91",301,219
"91",301,220
"91",302,203
"91",302,204
"91",302,205
"91",302,206
"91",302,207
"91",302,208
"91",302,209
"91",302,210
"91",302,211
"91",302,212
"91",302,213
"91",302,214
"91",302,215
"91",302,216
"91",302,217
"91",303,203
"91",303,204
"91",303,205
"91",303,206
"91",303,207
"91",303,208
"91",303,209
"91",303,210
"91",303,211
"91",303,212
"91",303,213
"91",303,214
"91",304,203
"91",304,204
"91",304,205
"91",304,206
"91",304,207
"91",304,208
"91",304,209
"91",304,210
"91",304,211
"91",304,212
"91",305,203
"91",305,204
"91",305,205
"91",305,206
"91",305,207
"91",305,208
"91",305,209
"91",306,204
"91",306,205
"91",306,206
"91",297,242
"91",298,242
"91",299,242
"91",300,242
"91",300,243
"91",301,243
"91",301,242
"91",301,241
"91",302,241
"91",303,241
"91",304,241
"91",305,241
"91",305,240
"91",305,239
"91",305,238
"91",305,237
"91",305,236
"91",305,235
"91",305,234
"91",304,233
"91",304,232
"91",304,231
"91",304,230
"91",304,229
"91",304,228
"91",304,227
"91",304,226
"91",304,225
"91",304,224
"91",305,223
"91",305,222
"91",305,221
"91",306,223
"91",305,233
"91",305,232
"91",305,231
"91",305,230
"91",304,223
"91",304,222
"91",305,220
"91",305,219
"91",305,218
"91",305,217
"91",306,220
"91",306,221
"91",306,222
"91",306,219
"91",306,218
"91",306,217
"91",306,216
"91",306,215
"91",306,214
"91",306,213
"91",305,212
"91",305,211
"91",305,210
"91",306,207
"91",306,208
"91",306,209
"91",306,210
"91",306,211
"91",306,212
"91",305,213
"91",304,214
"91",304,215
"91",304,216
"91",303,217
"91",303,218
"91",303,219
"91",303,220
"91",302,221
"91",302,222
"91",302,220
"91",303,216
"91",302,218
"91",301,221
"91",300,223
"91",300,224
"91",299,226
"91",298,228
"91",298,240
"91",298,241
"91",299,241
"91",300,241
"91",301,240
"91",302,240
"91",303,240
"91",304,239
"91",304,238
"91",304,237
"91",305,229
"91",304,234
"91",304,235
"91",304,236
"91",304,240
"91",305,228
"91",305,227
"91",305,224
"91",305,225
"91",298,229
"91",298,230
"91",298,231
"91",298,232
"91",298,233
"91",298,234
"91",298,235
"91",298,236
"91",298,237
"91",298,238
"91",298,239
"91",299,227
"91",299,228
"91",299,229
"91",299,230
"91",299,231
"91",299,232
"91",299,233
"91",299,234
"91",299,235
"91",299,236
"91",299,237
"91",299,238
"91",299,239
"91",299,240
"91",300,225
"91",300,226
"91",300,227
"91",300,228
"91",300,229
"91",300,230
"91",300,231
"91",300,232
"91",300,233
"91",300,234
"91",300,235
"91",300,236
"91",300,237
"91",300,238
"91",300,239
"91",300,240
"91",301,222
"91",301,223
"91",301,224
"91",301,225
"91",301,226
"91",301,227
"91",301,228
"91",301,229
"91",301,230
"91",301,231
"91",301,232
"91",301,233
"91",301,234
"91",301,235
"91",301,236
"91",301,237
"91",301,238
"91",301,239
"91",302,219
"91",302,223
"91",302,224
"91",302,225
"91",302,226
"91",302,227
"91",302,228
"91",302,229
"91",302,230
"91",302,231
"91",302,232
"91",302,233
"91",302,234
"91",302,235
"91",302,236
"91",302,237
"91",302,238
"91",302,239
"91",303,215
"91",303,221
"91",303,222
"91",303,223
"91",303,224
"91",303,225
"91",303,226
"91",303,227
"91",303,228
"91",303,229
"91",303,230
"91",303,231
"91",303,232
"91",303,233
"91",303,234
"91",303,235
"91",303,236
"91",303,237
"91",303,238
"91",303,239
"91",304,213
"91",304,217
"91",304,218
"91",304,219
"91",304,220
"91",304,221
"91",305,214
"91",305,215
"91",305,216
"91",305,226
"91",296,233
"91",296,232
"91",296,231
"91",296,230
"91",296,229
"91",296,228
"91",296,227
"91",296,226
"91",296,225
"91",307,203
"91",305,202
"91",304,202
"91",303,202
"91",302,202
"91",301,202
"91",300,202
"91",299,203
